-- phpMyAdmin SQL Dump
-- version 4.5.4.1deb2ubuntu2.1
-- http://www.phpmyadmin.net
--
-- Host: localhost
-- Generation Time: May 04, 2019 at 10:06 AM
-- Server version: 5.7.26-0ubuntu0.16.04.1
-- PHP Version: 7.2.15-1+ubuntu16.04.1+deb.sury.org+1

SET SQL_MODE = "NO_AUTO_VALUE_ON_ZERO";
SET time_zone = "+00:00";


/*!40101 SET @OLD_CHARACTER_SET_CLIENT=@@CHARACTER_SET_CLIENT */;
/*!40101 SET @OLD_CHARACTER_SET_RESULTS=@@CHARACTER_SET_RESULTS */;
/*!40101 SET @OLD_COLLATION_CONNECTION=@@COLLATION_CONNECTION */;
/*!40101 SET NAMES utf8mb4 */;

--
-- Database: `gift3r`
--

-- --------------------------------------------------------

--
-- Table structure for table `admin`
--

CREATE TABLE `admin` (
  `id` int(11) NOT NULL,
  `name` varchar(255) NOT NULL,
  `email` varchar(255) NOT NULL,
  `password` varchar(255) NOT NULL,
  `image` varchar(255) NOT NULL,
  `recovery` varchar(255) DEFAULT NULL,
  `created_at` datetime NOT NULL,
  `updated_at` timestamp NOT NULL DEFAULT CURRENT_TIMESTAMP
) ENGINE=InnoDB DEFAULT CHARSET=latin1;

--
-- Dumping data for table `admin`
--

INSERT INTO `admin` (`id`, `name`, `email`, `password`, `image`, `recovery`, `created_at`, `updated_at`) VALUES
(1, 'gurpreet', 'gurpreet@gmail.com ', 'e6e061838856bf47e1de730719fb2609', 'a3.jpg', NULL, '2018-01-31 00:00:00', '2018-08-07 10:35:54');

-- --------------------------------------------------------

--
-- Table structure for table `app_login`
--

CREATE TABLE `app_login` (
  `id` int(11) NOT NULL,
  `user_id` int(11) NOT NULL,
  `session_id` varchar(255) NOT NULL,
  `device_id` varchar(255) DEFAULT NULL,
  `device_token` varchar(255) DEFAULT NULL,
  `device_type` varchar(255) NOT NULL,
  `created_at` datetime NOT NULL,
  `updated_at` timestamp NOT NULL DEFAULT CURRENT_TIMESTAMP
) ENGINE=InnoDB DEFAULT CHARSET=latin1;

--
-- Dumping data for table `app_login`
--

INSERT INTO `app_login` (`id`, `user_id`, `session_id`, `device_id`, `device_token`, `device_type`, `created_at`, `updated_at`) VALUES
(2, 2, 'jx0EluvGyvSn0HVXrpCfxdRobAzUjjp4', 'e8aYkcll2j7xH3p', 'fsEB5nNg7TY:APA91bEOaoboQlEXyJ7y4r5TQfBQ90FKZcolLB0xidd-31tZD8Mj1ISvjvMdBhnOTLJVP9yD5D2_ZcBGGEvdnCHP-bKPHRGtTwYu2EkXxkzt5Dy703ChoOAW9TqP4ccxXSmxhpQJLwXs', 'android', '2019-03-30 17:26:06', '2019-03-30 17:26:06'),
(6, 5, '4Fk1YgU1dz1ebc736hqXvj0W3q2wOryO', 'tsr8ZGDBzMAD6zs', 'eofIFWqV5_g:APA91bFUXZzVVabEurzIQsNgFbFjK-j-zeTdPDVb7fm9DcwTWleyL1tdvc_l0qhftjfuTa4xLR16y0Ld_qSx8LZXk45jy30hOSLU5odBzzv3o0lI0hqL3YdqLRv3RLBwydco0dUWpCss', 'android', '2019-04-01 20:57:43', '2019-04-18 18:19:33'),
(7, 6, 'DAGSg0s74up2AXtlqyHPE06fM9pUyULo', 'HBE1rEjvoj7OS5s', NULL, 'android', '2019-04-01 21:15:20', '2019-04-22 19:09:21'),
(14, 16, 'dSbgAGWzlVL7NE4Jtmrg1X6hzqcY2G3N', 'c0psvo86PvMlEOd', NULL, 'android', '2019-04-03 17:42:43', '2019-04-24 18:41:53'),
(143, 48, 'MseBRTVxPK2trbie098VcyG3XswKnXWJ', 'F58zeZsu6IJovbo', 'fca1NQOZU-A:APA91bEWgxaT4tRlwfjO470tfG4cNmC3Tq0ud5zp4JO8AMLYk0Drxw7PPnR8Kx_o4MKtxyHG_oaku29PsYyeL0LtDMUZ1FLp_wu-cqkIRZDes1TVAIpnTWFoB6gWCjsm3MirJA_BRlh4', 'android', '2019-04-09 10:36:39', '2019-04-09 10:36:39'),
(179, 69, 'MGemnuAsAMlLOg7ya0IseIZVlqqbRfYS', 'mQrEvnoGj9u1cPe', NULL, 'android', '2019-04-11 21:02:51', '2019-04-11 21:02:51'),
(185, 63, 'dVR9lvLjmQou8jQlGFsleGHT3spRkNMp', 'n3RFF8MvsQhjUTw', 'eTkhyQOKPX0:APA91bHW1CZxplCLkPiFNO54hHiWvpmvMHpijtZSnvifPQig4L0ReI128MC0QQLakniXSlT8n4OBiaEovbNv3-koL_hB1zlVYdjgNnUVV1FlWx2lFG0c7C_9B_sgnx1uTTHf0PzM2QvJ', 'android', '2019-04-12 11:09:40', '2019-04-12 11:09:40'),
(188, 72, 'GHlOPvRdTWaYD5abn68wNilT2uHeW8Rn', 'Ivp8q1Pbm1jadO6', NULL, 'android', '2019-04-12 21:23:03', '2019-04-12 21:23:03'),
(189, 73, 'NW9HpCBQbMxXGkArwzmTsYca9Q5DX6E8', 'HqCLZLYpoLik5fh', 'egMtdqipw4U:APA91bEro3I2p-817MtMoL_IYwFM-9QwP2AMrgP-ZF9WSoLNC99cYUjXuAdozCEnNRxiagwNoMDXVHxJY3uAFmH-xS1mZCOkNQsBtrBBddqsOIinirViNKTzB0-DHrYT4L3VibHwnW_D', 'android', '2019-04-12 23:07:13', '2019-04-12 23:07:13'),
(191, 75, 'zPSD47Nxb2Rud0qIhYnE7woCp6IH5MPl', 'wRPHiIE9RjTTbW3', 'fPvq-mcOUqk:APA91bH3nBsEftcHIkw9E7WZQrTpi0E8kurG2oNmz-N2nf_kRgw93o94eMtFKQADiUMYowEgcpoO1NOYeKlh-lMaAvAUvGOiC3F4A_Yx2x3Jv-sxyeaTL-5No01RR9huZ5Z6VsewtvPb', 'android', '2019-04-14 04:03:05', '2019-04-14 04:03:05'),
(221, 85, 'OMgBvOWvxJVlGgqFVxwUk4zyA7x3oFnw', 'XseVEwWdoUUtrup', 'e4fUz7TASBI:APA91bHURsppveQ5TNF2rc2wlE9eKuEe_1b8azED_rsNyN_tyZrxoiyFnyK71pphW1ursVgwVPQsIL2ZF_-_STB7FRgIORP7HvFXNw_lUASjWJLULFwVayd63ZdLfe5GXYlU81QAs6DK', 'android', '2019-04-19 14:51:56', '2019-04-19 14:51:56'),
(266, 22, 'HES92Dav2wBkgA0mAhO2rilgG7mXvQzq', '08qCd0R7LnN8zqN', 'cHdPA-L29h8:APA91bHni2zX8Bruo9qmD2_MmJjiWCFQEYr5aTfA2sGm9jNp6xuvk3I-gVNe0IwOcXUYvQMOZgxDheBauImK0efmXM1cTKEyAynoGpvxG2HhHsu3msCeLspauwSCpBNHSyaRzYeANkC-', 'android', '2019-04-20 09:10:59', '2019-04-23 07:39:56'),
(267, 28, '4nc7VLwRqJ3aUjgZTIPOwt86HwslxzyJ', 'BB7C641A-0F95-4B7C-ABE3-767D9A211F04', 'dTBPK_4Pxtw:APA91bG92v-A0O0-gWDFTrIJqmBlmCVyK-0F9kWHcXFzJ5oXuhNEoTfLTNsjuaHmgDmkB-M0d-j2LJ-IsKW8BqFXRKe7gihlHcDcITIAwRvPY4mdbm83lKLQhzJvHSXoqCI3Sj9vtUNM', 'iphone', '2019-04-20 14:46:18', '2019-04-20 14:46:18'),
(269, 53, '4f8XUapqaRH7r0szcGc0tIoANEABEaBj', 'deviceId 111', 'ct7prEiMJfA:APA91bHx94XkBz336j075AOU0eIglJeNZBhAHIBCzD4ZEInu11q2owO5mUHmMdIARBmIuDktdHnVdS_rtaKBMqDOL_LNdsdQR7X633_3mjDkEo9r8CF_mVEQvPAlX-N9KftFwCPXKSeE', 'iphone', '2019-04-20 15:20:39', '2019-04-20 15:20:39'),
(270, 30, 'U0etH0giz0a31Iu3apd8jFxLmbU8vM4V', '996AB4F5-CE3E-4C00-95A1-10D7210B162C', 'c_PWNLHF0UA:APA91bE7Z4bovkcNAV46HJW3WUg9C0X2wXP6SDjrB_aVoZhmPyNFHRXVMcBp4SKDqup0uj7nuhhtT3OPtYQaYfua7xo9DPkyDUZTo12ekOqJ2esAKH5pN6AG_QNsYmGVP5ac0NVzYkTT', 'iphone', '2019-04-20 21:14:15', '2019-04-20 21:14:15'),
(273, 31, 'QZRU7dP3VA76KOZZwMgQwYNmlI7bvC3c', '0A87A4E4-2FB7-4C20-83C9-43FCB6606038', 'cPqoh48BIIE:APA91bEWGx1l6btqDlh0jVYDimFaMxtVyUuA_yCk4n4am0uQqKz92gc6rhExGT5qcM9k9mmMWZpjxsV_7nVKb61RVxmj9kqkhDEsuaN680CCu9Ij06xllk3RgS1MAI-pr6YziiMWRwaS', 'iphone', '2019-04-21 21:38:29', '2019-04-21 21:38:29'),
(275, 76, 'ywzmpuh08EOZw2t7zjGhegMNpQgB1aXN', 'ui37CPLEo2pP0S7', NULL, 'android', '2019-04-22 02:18:05', '2019-04-22 02:18:05'),
(276, 58, 'vytL3aG9x2d8IkhdwA1yAcvtyqstFa3g', '0AA6ABCF-FFF2-486E-BC70-90E461004832', 'f-clkN9yggs:APA91bFEZNjF_30L-PL5iR8GtIh3KrliSC4QYNRmQR_BqYpjQw0ZD7OgvGEFOm9xNZ5uDuHt5dqMXs7EaZkDmN4KFrNvkcofkK5mhhmqLI5-Vv2fYYrN6VvLLK6TOjqRlfLLZef0hhlz', 'iphone', '2019-04-22 02:27:38', '2019-04-22 02:27:38'),
(277, 88, 'SnXyayog0faIYYStEGyjgGVr6tScnguS', '9B462DD8-2F8F-47FD-A736-87BE6B0B6F5A', 'fG1kp44FSZA:APA91bEzEIRlTnxGSU0wNYNNNW4iWK6ks8A9phMUjPnFaeUEODUEp0bv33ZODSE3EZQo36MExC9fKTJSjD53HM7GdNlO26aEGcj6JMAmODJbgA50gL1NPU2qBGos0ry9kf_CT6EG0W9F', 'iphone', '2019-04-22 17:31:34', '2019-04-22 17:31:34'),
(278, 89, 'iWJJL0XgbPYL9FqiTjyeZvouH9RrkPjG', 'jOs20RKyMEwFq0W', NULL, 'android', '2019-04-22 19:12:32', '2019-04-22 19:12:32'),
(280, 52, 'alBQxBOlmnYsy0S7XSAUp2NWz4ZvXgAt', '624BB8C6-95B0-4EB9-94CF-33D898B142C9', 'cX_2s5PiUxA:APA91bH1SEpjyow7ZOSkRnfcWeavXL66sQoPWuJt450qYanJ_0BK5nVPfm1kgAq1By_pkbuUYuKwrbrX77jcFj1F1OvmUMBamD30y9WCSNBnpd9bEsemOZKyOd1JrTwYRsyBTmFotjNf', 'iphone', '2019-04-23 20:18:40', '2019-04-23 20:18:40'),
(283, 97, 'i0v6l0BlcxdQB5xfRu5kfjXMgbZSuFzy', 'akwqsr2EN5HiXJ5', 'ewdT0EHGe24:APA91bHfCMHinwddEd5QVSfhkuMI8ulKGPvhvnW-3rchqMnpHjDG1cuaQ-WhXas4q0VMmnLK33GCGvOyechU45wb1Jid9MoiXWsJvWM2BAjJiqD3YjLs2PwmNuYNm2A1wfRUzjudQm36', 'android', '2019-04-29 07:40:09', '2019-04-29 07:40:09'),
(285, 24, 'VWHMsmHORXeYAkP5lQ8H9WJTvsiAhGrr', 'p1xFd7RjN61MudS', NULL, 'android', '2019-04-29 13:50:49', '2019-05-03 20:09:01'),
(290, 3, '2bUxsqmFAld6qZWYEzrSJTcZiocfsVko', 'oOTZTJge8VjMTet', 'fk8n-oNvhZw:APA91bGhfdBpW83_qwOguKw52Ct4_rkEq_gk1Q2LFeE67N8LP1Og3IB45VTYUWzrA6KJQgFHROTwM1CYh2KINqThCpV0jzjlEZeCSx_s_iOwXbSAnsulTf0ISQ1f8CK7mzwtu-Ql7VA2', 'android', '2019-05-01 08:27:00', '2019-05-02 10:29:21'),
(299, 1, 'JHlkoxPSrXK61PrLQUopWaNKaj4O6p10', '76F7653F-646A-4AFF-B76B-25E353E568DC', 'fJcWvV1cRB4:APA91bEgKSiIN2L-un3J6p-fsUt7ETii8D_AR5OhELiLNqP0q8F1m4VEZU2yC_vYRxPRlFLPcyufSDscQKtGEAvawsVMLtMNv9e2BPjmfVzmyIE5yzB8AIb1TOwUgfi8SdBNWEP-dX1v', 'iphone', '2019-05-02 10:50:15', '2019-05-04 09:39:32'),
(300, 108, 'Qw3dmQ6i0kfVfUzHrh5fdEtRFLblvWlm', 'EA3D4DB2-6C2F-4AB7-8A02-AAB68A1F64BA', 'd1HSg2Jf_Zw:APA91bHHKiJjKi9VNcqRpAGA7eYk4B0uoeGeJE8XD2blS1716OofiGxliXP7Qk-Z_2xy2YWk5B0u1Os-MZaL8U-Ukdf5pihQL5n9nGJu8yYfHbO4TZnXliWNARJlk9KCZJHfqmlBMrz_', 'iphone', '2019-05-02 19:01:22', '2019-05-02 19:01:22'),
(301, 68, 'VG2mPHGCHfeHJQkifgxLuCCpq29lyoFH', 'C9A4B8A9-87C7-49B9-9365-B64EE628FADD', 'e4Uu8QNlP6o:APA91bGZ0hJDunI20fnoUUmMB95CO623k3DnVuuUAbsrj88uphHA_lpGj2PAtmkHCb-tURV7oQNu18qSoRfxMekYMcxo-zuUH_aOeVABvLJckZ6sfSttV-U8EvnsxMEUVf2dTwHQWJt5', 'iphone', '2019-05-03 17:42:27', '2019-05-03 17:42:27');

-- --------------------------------------------------------

--
-- Table structure for table `bill_amount`
--

CREATE TABLE `bill_amount` (
  `id` int(11) NOT NULL,
  `receipt_num` varchar(255) NOT NULL,
  `bill_amount` double NOT NULL,
  `created_at` timestamp NOT NULL DEFAULT CURRENT_TIMESTAMP,
  `updated_at` datetime DEFAULT NULL
) ENGINE=InnoDB DEFAULT CHARSET=latin1;

--
-- Dumping data for table `bill_amount`
--

INSERT INTO `bill_amount` (`id`, `receipt_num`, `bill_amount`, `created_at`, `updated_at`) VALUES
(1, '6525', 20, '2019-04-09 11:31:34', '2019-04-09 11:31:34'),
(2, '1234', 2, '2019-04-09 13:23:17', '2019-05-01 08:24:26'),
(3, '1235', 2.5, '2019-04-09 21:02:50', '2019-04-17 13:08:55'),
(4, '1233', 35, '2019-04-09 22:13:26', '2019-04-09 23:42:41'),
(5, '5872', 10, '2019-04-09 22:27:29', '2019-04-09 22:27:29'),
(6, '5421', 145, '2019-04-10 18:44:41', '2019-04-10 18:44:41'),
(7, '6521', 5.4, '2019-04-10 18:50:04', '2019-04-10 18:51:36'),
(8, '9865', 3, '2019-04-10 19:40:39', '2019-04-10 19:45:21'),
(9, '6532', 1, '2019-04-11 16:12:37', '2019-05-04 06:08:40'),
(10, '5245', 10, '2019-04-12 00:33:31', '2019-04-12 00:33:31'),
(11, '3385', 10, '2019-04-12 01:47:02', '2019-04-12 01:47:02'),
(12, '5181', 10, '2019-04-12 06:24:55', '2019-04-12 06:24:55'),
(13, '9565', 8, '2019-04-12 06:25:31', '2019-04-12 06:25:31'),
(14, '8848', 10, '2019-04-12 06:27:22', '2019-04-12 06:27:45'),
(15, '5558', 2, '2019-04-12 10:50:29', '2019-04-12 10:50:29'),
(16, '8555', 1, '2019-04-12 10:52:50', '2019-04-12 10:52:50'),
(17, '6595', 20, '2019-04-12 11:17:15', '2019-04-12 11:17:15'),
(18, '5646', 38.88, '2019-04-12 11:18:39', '2019-04-12 11:18:39'),
(19, '5856', 30, '2019-04-12 11:36:03', '2019-04-12 11:36:03'),
(20, '5868', 555.55, '2019-04-12 11:57:19', '2019-04-12 11:57:19'),
(21, '7884', 8484.87, '2019-04-12 12:07:16', '2019-04-12 12:07:16'),
(22, '5599', 255222.22, '2019-04-12 12:15:47', '2019-04-12 12:15:47'),
(23, '8484', 121.21, '2019-04-12 12:17:34', '2019-04-13 15:52:21'),
(24, '1263', 10, '2019-04-12 13:24:23', '2019-04-12 13:24:23'),
(25, '5454', 515.15, '2019-04-12 13:27:04', '2019-04-12 13:49:27'),
(26, '9948', 6565.95, '2019-04-12 13:28:11', '2019-04-12 13:28:11'),
(27, '1534', 128.84, '2019-04-12 17:11:36', '2019-04-13 16:41:06'),
(28, '3251', 25, '2019-04-12 17:58:04', '2019-04-12 17:58:04'),
(29, '3652', 50, '2019-04-12 17:58:46', '2019-05-04 05:57:42'),
(30, '2596', 10, '2019-04-12 20:40:28', '2019-04-12 20:40:28'),
(31, '2389', 3.56, '2019-04-13 00:58:56', '2019-04-13 00:58:56'),
(32, '6598', 20, '2019-04-13 06:08:05', '2019-04-13 06:09:06'),
(33, '4236', 20.66, '2019-04-13 15:39:54', '2019-04-13 15:39:54'),
(34, '4884', 5454.54, '2019-04-13 15:52:37', '2019-04-13 15:52:37'),
(35, '8888', 5, '2019-04-13 15:53:06', '2019-04-21 21:59:57'),
(36, '1266', 9.65, '2019-04-13 15:54:48', '2019-04-18 18:24:25'),
(37, '2506', 2.5, '2019-04-13 16:27:36', '2019-04-13 16:27:44'),
(38, '4566', 25.88, '2019-04-13 16:27:54', '2019-04-13 16:27:54'),
(39, '4234', 4, '2019-04-13 16:40:41', '2019-04-19 01:20:54'),
(40, '1533', 25, '2019-04-13 16:51:03', '2019-04-15 19:13:04'),
(41, '2580', 20.5, '2019-04-14 22:25:45', '2019-05-01 14:28:10'),
(42, '5484', 20, '2019-04-15 13:36:39', '2019-04-15 13:36:39'),
(43, '1236', 25555.55, '2019-04-15 20:01:02', '2019-04-18 18:31:52'),
(44, '5666', 21, '2019-04-15 21:19:10', '2019-04-15 21:19:10'),
(45, '1256', 8.5, '2019-04-16 03:50:25', '2019-04-16 03:50:25'),
(46, '8963', 80, '2019-04-16 03:51:10', '2019-04-16 03:51:10'),
(47, '2558', 25, '2019-04-18 06:39:32', '2019-04-27 18:57:17'),
(48, '7854', 876.86, '2019-04-18 07:44:37', '2019-04-18 07:44:37'),
(49, '4587', 757.77, '2019-04-18 07:45:01', '2019-04-18 07:45:01'),
(50, '5874', 47.85, '2019-04-18 07:45:55', '2019-04-18 07:45:55'),
(51, '5244', 56.66, '2019-04-18 07:46:54', '2019-04-18 07:46:54'),
(52, '8575', 7.65, '2019-04-18 07:47:26', '2019-04-18 07:47:26'),
(53, '5802', 3.63, '2019-04-18 07:48:19', '2019-04-18 07:48:19'),
(54, '7757', 82.28, '2019-04-18 07:48:44', '2019-04-18 07:48:44'),
(55, '0588', 33.68, '2019-04-18 07:50:15', '2019-04-18 07:50:15'),
(56, '5575', 66.33, '2019-04-18 07:52:02', '2019-04-18 08:02:20'),
(57, '7558', 8.75, '2019-04-18 07:52:24', '2019-04-18 07:52:24'),
(58, '7557', 965.6, '2019-04-18 07:52:40', '2019-04-18 07:52:40'),
(59, '5028', 55.88, '2019-04-18 07:53:02', '2019-04-18 07:53:02'),
(60, '1111', 10, '2019-04-18 07:53:38', '2019-05-02 14:55:16'),
(61, '5858', 69.66, '2019-04-18 07:55:18', '2019-04-18 07:55:18'),
(62, '5855', 596.66, '2019-04-18 07:55:46', '2019-04-18 07:55:46'),
(63, '7555', 996.62, '2019-04-18 07:57:38', '2019-04-18 07:57:38'),
(64, '5577', 7.66, '2019-04-18 07:58:03', '2019-04-18 07:58:03'),
(65, '5545', 464.64, '2019-04-18 07:58:30', '2019-04-18 07:58:30'),
(66, '9556', 9946.47, '2019-04-18 07:58:59', '2019-04-18 07:58:59'),
(67, '7547', 96.66, '2019-04-18 07:59:41', '2019-04-18 07:59:41'),
(68, '7527', 6.63, '2019-04-18 08:01:34', '2019-04-18 08:01:34'),
(69, '7242', 6.33, '2019-04-18 08:01:56', '2019-04-18 08:01:56'),
(70, '2525', 8.88, '2019-04-18 08:05:22', '2019-04-18 08:05:22'),
(71, '2366', 6666655555666.66, '2019-04-18 18:32:11', '2019-04-18 18:32:11'),
(72, '3254', 12, '2019-04-18 18:46:28', '2019-04-18 18:46:28'),
(73, '2541', 28, '2019-04-18 18:47:03', '2019-05-01 06:30:47'),
(74, '6523', 6.4, '2019-04-18 18:49:23', '2019-05-04 06:00:25'),
(75, '5642', 3, '2019-04-18 18:51:37', '2019-04-18 18:53:35'),
(76, '0886', 30, '2019-04-19 10:08:26', '2019-04-19 10:08:26'),
(77, '5399', 5.86, '2019-04-19 15:33:22', '2019-04-19 15:33:22'),
(78, '5555', 12.36, '2019-04-19 15:55:14', '2019-04-21 21:56:03'),
(79, '3214', 500, '2019-04-19 17:15:16', '2019-04-19 17:19:55'),
(80, '5231', 7.2, '2019-04-19 17:38:24', '2019-04-19 17:38:24'),
(81, '5233', 21.5, '2019-04-19 17:40:33', '2019-04-19 17:40:33'),
(82, '5808', 5.9, '2019-04-20 10:09:09', '2019-04-20 10:09:09'),
(83, '1548', 1, '2019-04-20 10:10:05', '2019-04-20 10:10:05'),
(84, '5727', 8.87, '2019-04-20 10:10:30', '2019-04-20 10:10:30'),
(85, '4256', 10, '2019-04-20 21:20:50', '2019-04-20 21:20:50'),
(86, '5266', 12, '2019-04-20 21:25:03', '2019-04-20 21:25:03'),
(87, '2883', 123.33, '2019-04-20 21:26:23', '2019-04-20 21:26:23'),
(88, '5536', 2.58888885555556e16, '2019-04-20 21:26:56', '2019-04-20 21:26:56'),
(89, '6656', 5, '2019-04-22 12:52:26', '2019-04-22 12:52:26'),
(90, '1499', 5, '2019-04-24 18:11:08', '2019-04-24 18:11:20'),
(91, '5588', 5, '2019-04-24 18:54:45', '2019-04-24 18:55:04'),
(92, '2555', 25, '2019-04-24 23:03:53', '2019-04-24 23:03:53'),
(93, '2136', 10.5, '2019-04-27 01:06:38', '2019-04-27 01:06:38'),
(94, '8800', 5, '2019-04-29 03:20:46', '2019-04-29 03:22:58'),
(95, '4554', 250, '2019-04-30 13:26:11', '2019-04-30 13:26:11'),
(96, '2356', 25.8, '2019-04-30 23:05:13', '2019-04-30 23:05:13'),
(97, '5258', 5, '2019-05-01 06:36:03', '2019-05-01 06:36:40'),
(98, '3649', 20, '2019-05-01 15:57:27', '2019-05-01 15:57:27'),
(99, '2588', 20, '2019-05-01 17:06:55', '2019-05-01 17:06:55'),
(100, '4125', 220, '2019-05-02 17:18:13', '2019-05-02 17:18:13'),
(101, '1264', 20, '2019-05-03 19:04:49', '2019-05-03 19:04:49');

-- --------------------------------------------------------

--
-- Table structure for table `cards_amount`
--

CREATE TABLE `cards_amount` (
  `id` int(11) NOT NULL,
  `amount` int(11) NOT NULL,
  `created_at` timestamp NOT NULL DEFAULT CURRENT_TIMESTAMP,
  `updated_at` datetime DEFAULT NULL
) ENGINE=MyISAM DEFAULT CHARSET=utf8 COLLATE=utf8_unicode_ci;

--
-- Dumping data for table `cards_amount`
--

INSERT INTO `cards_amount` (`id`, `amount`, `created_at`, `updated_at`) VALUES
(1, 5, '2019-04-01 10:41:35', NULL),
(2, 10, '2019-04-04 06:13:15', NULL),
(3, 15, '2019-04-04 06:13:15', NULL),
(4, 25, '2019-04-04 06:15:11', NULL),
(5, 35, '2019-04-04 06:15:11', NULL),
(6, 45, '2019-04-04 06:15:11', NULL),
(7, 50, '2019-04-04 06:15:11', NULL);

-- --------------------------------------------------------

--
-- Table structure for table `cards_redeemed`
--

CREATE TABLE `cards_redeemed` (
  `id` int(11) NOT NULL,
  `receipt_num` varchar(255) NOT NULL,
  `card_id` int(11) NOT NULL,
  `amount_redeem` int(11) DEFAULT NULL,
  `created_at` timestamp NOT NULL DEFAULT CURRENT_TIMESTAMP,
  `updated_at` datetime DEFAULT NULL
) ENGINE=InnoDB DEFAULT CHARSET=latin1;

-- --------------------------------------------------------

--
-- Table structure for table `categories`
--

CREATE TABLE `categories` (
  `id` int(11) NOT NULL,
  `category_name` varchar(255) NOT NULL,
  `created_at` datetime NOT NULL,
  `updated_at` timestamp NOT NULL DEFAULT CURRENT_TIMESTAMP
) ENGINE=InnoDB DEFAULT CHARSET=latin1;

-- --------------------------------------------------------

--
-- Table structure for table `favourite_store`
--

CREATE TABLE `favourite_store` (
  `id` int(11) NOT NULL,
  `user_id` int(11) NOT NULL,
  `store_id` int(11) NOT NULL,
  `created_at` datetime NOT NULL,
  `updated_at` timestamp NOT NULL DEFAULT CURRENT_TIMESTAMP,
  `status` int(11) NOT NULL DEFAULT '0'
) ENGINE=InnoDB DEFAULT CHARSET=latin1;

--
-- Dumping data for table `favourite_store`
--

INSERT INTO `favourite_store` (`id`, `user_id`, `store_id`, `created_at`, `updated_at`, `status`) VALUES
(1, 22, 1, '2019-04-06 11:06:42', '2019-04-06 11:07:21', 1),
(2, 22, 3, '2019-04-06 11:06:55', '2019-04-20 10:07:57', 1),
(3, 1, 3, '2019-04-08 14:20:40', '2019-05-04 07:02:47', 0),
(4, 3, 1, '2019-04-09 05:18:37', '2019-04-19 12:48:17', 1),
(5, 47, 1, '2019-04-09 10:26:40', '2019-04-12 18:53:08', 1),
(6, 24, 3, '2019-04-09 12:41:25', '2019-05-01 05:50:03', 0),
(7, 28, 3, '2019-04-09 13:31:57', '2019-04-20 14:47:17', 0),
(8, 31, 3, '2019-04-09 19:00:26', '2019-04-19 22:22:09', 1),
(9, 50, 3, '2019-04-09 20:58:17', '2019-04-09 20:58:30', 1),
(10, 51, 3, '2019-04-09 21:12:37', '2019-04-09 21:12:45', 1),
(11, 52, 3, '2019-04-09 21:40:49', '2019-04-13 01:01:11', 1),
(12, 53, 1, '2019-04-09 21:48:05', '2019-04-12 20:25:43', 1),
(13, 28, 1, '2019-04-09 21:50:47', '2019-04-09 21:50:47', 0),
(14, 53, 3, '2019-04-09 22:11:36', '2019-05-01 15:12:52', 1),
(15, 1, 1, '2019-04-09 23:33:12', '2019-04-19 15:42:02', 1),
(16, 30, 3, '2019-04-09 23:36:06', '2019-05-03 19:19:07', 1),
(17, 23, 3, '2019-04-10 00:11:53', '2019-04-12 23:39:41', 0),
(18, 23, 1, '2019-04-10 00:12:50', '2019-04-10 00:12:50', 0),
(19, 56, 3, '2019-04-10 01:42:21', '2019-04-10 01:42:21', 0),
(20, 58, 3, '2019-04-10 03:28:23', '2019-04-10 03:28:41', 1),
(21, 16, 3, '2019-04-10 17:33:49', '2019-04-24 23:32:41', 1),
(22, 5, 3, '2019-04-10 18:07:44', '2019-04-23 20:07:44', 1),
(23, 69, 3, '2019-04-11 21:06:41', '2019-04-11 21:06:49', 1),
(24, 72, 3, '2019-04-12 21:23:54', '2019-04-12 21:23:54', 0),
(25, 78, 3, '2019-04-15 20:03:11', '2019-04-15 20:03:12', 1),
(26, 79, 3, '2019-04-17 12:31:40', '2019-04-20 05:52:17', 1),
(27, 79, 1, '2019-04-17 12:31:44', '2019-04-19 12:31:55', 1),
(28, 16, 1, '2019-04-18 18:13:15', '2019-04-18 18:13:21', 1),
(29, 85, 1, '2019-04-19 15:00:36', '2019-04-19 15:00:36', 0),
(30, 85, 3, '2019-04-19 15:00:46', '2019-04-25 19:49:58', 0),
(31, 2, 3, '2019-04-20 17:37:21', '2019-05-03 20:56:11', 1),
(32, 76, 3, '2019-04-22 02:19:15', '2019-04-22 02:20:31', 1),
(33, 75, 3, '2019-04-22 02:29:15', '2019-04-22 02:29:15', 0),
(34, 6, 3, '2019-04-22 19:20:21', '2019-04-22 19:22:10', 1),
(35, 89, 3, '2019-04-22 19:22:26', '2019-04-22 19:31:54', 1),
(36, 95, 3, '2019-04-29 07:33:00', '2019-04-29 07:33:00', 0),
(37, 98, 3, '2019-05-01 07:46:15', '2019-05-01 10:01:24', 1),
(38, 1, 5, '2019-05-01 15:54:47', '2019-05-04 07:02:52', 0),
(39, 1, 8, '2019-05-01 17:15:53', '2019-05-04 09:44:29', 1),
(40, 31, 8, '2019-05-01 23:42:05', '2019-05-01 23:42:05', 0),
(41, 30, 5, '2019-05-03 19:07:25', '2019-05-03 19:19:10', 1),
(42, 30, 8, '2019-05-03 19:07:30', '2019-05-03 19:19:14', 1),
(43, 30, 20, '2019-05-03 19:07:35', '2019-05-03 19:19:17', 1),
(44, 1, 20, '2019-05-04 03:58:27', '2019-05-04 03:58:27', 0),
(45, 1, 10, '2019-05-04 06:46:33', '2019-05-04 06:46:33', 0);

-- --------------------------------------------------------

--
-- Table structure for table `gift_cards`
--

CREATE TABLE `gift_cards` (
  `id` int(11) NOT NULL,
  `name` varchar(255) NOT NULL,
  `store_id` int(11) NOT NULL,
  `price` double NOT NULL,
  `status` tinyint(4) NOT NULL DEFAULT '-1' COMMENT '{-1:redeemed,1:available}',
  `deleted_at` tinyint(4) DEFAULT NULL,
  `created_at` datetime NOT NULL,
  `updated_at` timestamp NOT NULL DEFAULT CURRENT_TIMESTAMP
) ENGINE=InnoDB DEFAULT CHARSET=latin1;

--
-- Dumping data for table `gift_cards`
--

INSERT INTO `gift_cards` (`id`, `name`, `store_id`, `price`, `status`, `deleted_at`, `created_at`, `updated_at`) VALUES
(1, 'nike', 1, 10, 1, NULL, '2019-04-01 10:41:48', '2019-04-01 10:41:48'),
(2, 'rich', 1, 10, 1, NULL, '2019-04-01 11:12:04', '2019-04-01 11:12:04'),
(3, 'Sharing is Caring', 3, 10, -1, NULL, '2019-04-02 20:45:55', '2019-04-02 20:45:55'),
(4, 'Gift Cards Salut', 3, 10, -1, NULL, '2019-04-02 20:46:09', '2019-04-02 20:46:09'),
(5, 'Gift Cards Salut', 3, 10, -1, NULL, '2019-04-02 20:47:11', '2019-04-02 20:47:11'),
(6, 'Small acts of kindness', 3, 5, -1, NULL, '2019-04-09 22:28:41', '2019-04-09 22:28:41'),
(7, 'Small acts of kindness', 3, 15, -1, NULL, '2019-04-09 22:28:50', '2019-04-09 22:28:50'),
(8, 'Small acts of kindness', 3, 25, -1, NULL, '2019-04-09 22:29:00', '2019-04-09 22:29:00'),
(9, 'Small acts of kindness', 3, 35, -1, NULL, '2019-04-09 22:29:06', '2019-04-09 22:29:06'),
(10, 'Small acts of kindness', 3, 45, -1, NULL, '2019-04-09 22:29:13', '2019-04-09 22:29:13'),
(11, 'Share a joy with a friend', 3, 50, -1, NULL, '2019-04-09 22:29:28', '2019-04-09 22:29:28'),
(12, 'Coming Soon', 5, 5, -1, NULL, '2019-05-01 15:54:14', '2019-05-01 15:54:14'),
(13, 'Coming Soon', 8, 5, -1, NULL, '2019-05-01 17:14:33', '2019-05-01 17:14:33'),
(14, 'Coming Soon (Not Available For Purchase)', 20, 5, -1, NULL, '2019-05-03 17:32:12', '2019-05-03 17:32:12'),
(15, 'Coming Soon (Not Available For Purchase)', 10, 5, -1, NULL, '2019-05-03 21:31:07', '2019-05-03 21:31:07');

-- --------------------------------------------------------

--
-- Table structure for table `mypurchased_cards`
--

CREATE TABLE `mypurchased_cards` (
  `id` int(11) NOT NULL,
  `sender_id` int(11) NOT NULL,
  `receiver_id` int(11) DEFAULT NULL,
  `amount` varchar(225) NOT NULL,
  `card_id` varchar(255) NOT NULL,
  `usercard` varchar(255) NOT NULL,
  `created_at` varchar(225) NOT NULL,
  `updated_at` datetime NOT NULL DEFAULT CURRENT_TIMESTAMP,
  `message` varchar(255) DEFAULT NULL
) ENGINE=MyISAM DEFAULT CHARSET=latin1;

--
-- Dumping data for table `mypurchased_cards`
--

INSERT INTO `mypurchased_cards` (`id`, `sender_id`, `receiver_id`, `amount`, `card_id`, `usercard`, `created_at`, `updated_at`, `message`) VALUES
(1, 3, 22, '10', '1', '131554535132417', '2019-04-06 07:18:52', '2019-04-06 07:18:52', 'hdhdvdhd'),
(2, 3, NULL, '10', '2', '23155453517773', '2019-04-06 07:19:37', '2019-04-06 07:19:37', NULL),
(3, 3, NULL, '10', '1', '131554548711456', '2019-04-06 11:05:11', '2019-04-06 11:05:11', NULL),
(4, 47, NULL, '10', '1', '147155480939398', '2019-04-09 11:29:53', '2019-04-09 11:29:53', NULL),
(5, 1, NULL, '10', '1', '111554812174384', '2019-04-09 12:16:14', '2019-04-09 12:16:14', NULL),
(6, 1, NULL, '10', '3', '311554813198957', '2019-04-09 12:33:18', '2019-04-09 12:33:18', NULL),
(7, 24, 1, '10', '4', '424155481380574', '2019-04-09 12:43:25', '2019-04-09 12:43:25', 'Test taso'),
(8, 1, NULL, '10', '5', '51155481396163', '2019-04-09 12:46:01', '2019-04-09 12:46:01', NULL),
(9, 24, NULL, '10', '3', '3241554814252545', '2019-04-09 12:50:52', '2019-04-09 12:50:52', NULL),
(10, 50, 1, '10', '3', '3501554843535865', '2019-04-09 20:58:55', '2019-04-09 20:58:55', 'Test Tully'),
(11, 50, 1, '10', '3', '3501554843612560', '2019-04-09 21:00:12', '2019-04-09 21:00:12', 'Fan'),
(12, 50, NULL, '10', '3', '3501554843651111', '2019-04-09 21:00:51', '2019-04-09 21:00:51', NULL),
(13, 51, 1, '10', '3', '3511554844348480', '2019-04-09 21:12:28', '2019-04-09 21:12:28', 'CVB'),
(14, 51, 1, '10', '3', '3511554844414525', '2019-04-09 21:13:34', '2019-04-09 21:13:34', 'HB'),
(15, 51, NULL, '10', '3', '3511554844437402', '2019-04-09 21:13:57', '2019-04-09 21:13:57', NULL),
(16, 52, NULL, '10', '3', '3521554846096559', '2019-04-09 21:41:36', '2019-04-09 21:41:36', NULL),
(17, 28, 54, '10', '1', '128155484681232', '2019-04-09 21:53:32', '2019-04-09 21:53:32', 'Fix me'),
(18, 24, NULL, '5', '6', '6241554851749482', '2019-04-09 23:15:49', '2019-04-09 23:15:49', NULL),
(19, 24, 55, '15', '7', '7241554852570775', '2019-04-09 23:29:30', '2019-04-09 23:29:30', 'from android to iphone'),
(20, 24, NULL, '25', '8', '824155485260020', '2019-04-09 23:30:00', '2019-04-09 23:30:00', NULL),
(21, 24, NULL, '35', '9', '9241554852886390', '2019-04-09 23:34:46', '2019-04-09 23:34:46', NULL),
(22, 30, NULL, '45', '10', '10301554852988954', '2019-04-09 23:36:28', '2019-04-09 23:36:28', NULL),
(23, 24, 1, '10', '3', '3241554854107809', '2019-04-09 23:55:07', '2019-04-09 23:55:07', 'tesf from android to taso'),
(24, 31, 24, '10', '3', '3311554854334389', '2019-04-09 23:58:54', '2019-04-09 23:58:54', 'Test to Android'),
(25, 56, NULL, '50', '11', '11561554860602578', '2019-04-10 01:43:22', '2019-04-10 01:43:22', NULL),
(26, 56, 57, '10', '4', '4561554861326649', '2019-04-10 01:55:26', '2019-04-10 01:55:26', 'Borscht'),
(27, 58, NULL, '10', '4', '4581554866736980', '2019-04-10 03:25:36', '2019-04-10 03:25:36', NULL),
(28, 1, 59, '15', '7', '711554867369921', '2019-04-10 03:36:09', '2019-04-10 03:36:09', 'Hey buddy buddy thanks for Helping our try to crash it much as possible'),
(29, 1, 58, '10', '3', '311554867992333', '2019-04-10 03:46:32', '2019-04-10 03:46:32', 'Adaaaaam'),
(30, 24, NULL, '10', '3', '3241554902149843', '2019-04-10 13:15:49', '2019-04-10 13:15:49', NULL),
(31, 24, 1, '10', '3', '3241554912319656', '2019-04-10 16:05:19', '2019-04-10 16:05:19', 'taz-o ur mama'),
(32, 16, NULL, '10', '3', '316155491790982', '2019-04-10 17:38:29', '2019-04-10 17:38:29', NULL),
(33, 52, 16, '10', '3', '3521554918616624', '2019-04-10 17:50:16', '2019-04-10 17:50:16', 'From Bill'),
(34, 16, 61, '10', '3', '3161554918765270', '2019-04-10 17:52:45', '2019-04-10 17:52:45', 'from kate'),
(35, 52, 1, '10', '3', '3521554919127916', '2019-04-10 17:58:47', '2019-04-10 17:58:47', 'From bill second'),
(36, 5, 1, '10', '3', '35155491970762', '2019-04-10 18:08:27', '2019-04-10 18:08:27', 'from larry'),
(37, 5, NULL, '10', '3', '35155491974337', '2019-04-10 18:09:03', '2019-04-10 18:09:03', NULL),
(38, 16, 62, '10', '3', '3161554920101880', '2019-04-10 18:15:01', '2019-04-10 18:15:01', 'from.katie'),
(39, 16, 62, '10', '3', '3161554920515576', '2019-04-10 18:21:55', '2019-04-10 18:21:55', 'from katie buying from profile'),
(40, 52, NULL, '10', '3', '3521554921459681', '2019-04-10 18:37:39', '2019-04-10 18:37:39', NULL),
(41, 1, NULL, '10', '3', '311554921801840', '2019-04-10 18:43:21', '2019-04-10 18:43:21', NULL),
(42, 1, 52, '10', '4', '411554929944136', '2019-04-10 20:59:04', '2019-04-10 20:59:04', 'Fry'),
(43, 1, NULL, '10', '1', '111554959748908', '2019-04-11 05:15:48', '2019-04-11 05:15:48', NULL),
(44, 3, 22, '10', '3', '331554962819527', '2019-04-11 06:06:59', '2019-04-11 06:06:59', 'iPhone tst'),
(45, 22, 54, '10', '1', '1221554985909175', '2019-04-11 12:31:49', '2019-04-11 12:31:49', 'hello prabhat this is for u'),
(46, 22, 54, '10', '1', '1221554986287714', '2019-04-11 12:38:07', '2019-04-11 12:38:07', 'for u prabhat'),
(47, 22, 1, '10', '1', '1221554986827962', '2019-04-11 12:47:07', '2019-04-11 12:47:07', 'for prabhat'),
(48, 1, NULL, '10', '3', '311554987659519', '2019-04-11 13:00:59', '2019-04-11 13:00:59', NULL),
(49, 1, NULL, '10', '3', '311554998894865', '2019-04-11 16:08:14', '2019-04-11 16:08:14', NULL),
(50, 1, NULL, '10', '4', '411554999103834', '2019-04-11 16:11:43', '2019-04-11 16:11:43', NULL),
(51, 5, NULL, '10', '3', '351555004826808', '2019-04-11 17:47:06', '2019-04-11 17:47:06', NULL),
(52, 5, NULL, '10', '3', '351555004891295', '2019-04-11 17:48:11', '2019-04-11 17:48:11', NULL),
(53, 5, 1, '10', '3', '351555004960212', '2019-04-11 17:49:20', '2019-04-11 17:49:20', 'lary abdroid'),
(54, 5, 1, '25', '8', '851555005054253', '2019-04-11 17:50:54', '2019-04-11 17:50:54', 'lary'),
(55, 5, 16, '10', '3', '351555005126994', '2019-04-11 17:52:06', '2019-04-11 17:52:06', 'from lary'),
(56, 5, 16, '35', '9', '951555005720267', '2019-04-11 18:02:00', '2019-04-11 18:02:00', 'from laty'),
(57, 1, 68, '10', '3', '311555006789737', '2019-04-11 18:19:49', '2019-04-11 18:19:49', 'Taso'),
(58, 69, 1, '10', '3', '3691555016877348', '2019-04-11 21:07:57', '2019-04-11 21:07:57', 'ert'),
(59, 69, NULL, '10', '3', '3691555016903821', '2019-04-11 21:08:23', '2019-04-11 21:08:23', NULL),
(60, 31, 28, '10', '5', '5311555033762501', '2019-04-12 01:49:22', '2019-04-12 01:49:22', 'Ela'),
(61, 63, NULL, '10', '2', '2631555067882221', '2019-04-12 11:18:02', '2019-04-12 11:18:02', NULL),
(62, 47, NULL, '10', '1', '1471555077001253', '2019-04-12 13:50:01', '2019-04-12 13:50:01', NULL),
(63, 24, NULL, '10', '3', '3241555088799693', '2019-04-12 17:06:39', '2019-04-12 17:06:39', NULL),
(64, 1, NULL, '10', '3', '31155508895711', '2019-04-12 17:09:17', '2019-04-12 17:09:17', NULL),
(65, 1, NULL, '10', '3', '311555091842701', '2019-04-12 17:57:22', '2019-04-12 17:57:22', NULL),
(66, 5, 1, '10', '3', '351555099699182', '2019-04-12 20:08:19', '2019-04-12 20:08:19', 'lary to taso'),
(67, 5, NULL, '10', '3', '351555099773214', '2019-04-12 20:09:33', '2019-04-12 20:09:33', NULL),
(68, 5, NULL, '10', '3', '351555099973958', '2019-04-12 20:12:53', '2019-04-12 20:12:53', NULL),
(69, 5, 50, '10', '3', '351555100035799', '2019-04-12 20:13:55', '2019-04-12 20:13:55', 'tully baby'),
(70, 72, 1, '10', '3', '3721555104322281', '2019-04-12 21:25:22', '2019-04-12 21:25:22', 'erf'),
(71, 1, 73, '10', '3', '311555110949694', '2019-04-12 23:15:49', '2019-04-12 23:15:49', 'What’s small sexy yeaaaaa'),
(72, 23, 74, '10', '4', '423155511220640', '2019-04-12 23:36:46', '2019-04-12 23:36:46', 'Love you!!'),
(73, 23, NULL, '10', '4', '423155511229068', '2019-04-12 23:38:10', '2019-04-12 23:38:10', NULL),
(74, 30, NULL, '10', '3', '330155516992747', '2019-04-13 15:38:47', '2019-04-13 15:38:47', NULL),
(75, 30, 1, '10', '3', '3301555170034208', '2019-04-13 15:40:34', '2019-04-13 15:40:34', 'Love u baby'),
(76, 24, 30, '10', '3', '3241555170749428', '2019-04-13 15:52:29', '2019-04-13 15:52:29', 'From anthoula'),
(77, 1, 24, '10', '3', '311555170848284', '2019-04-13 15:54:08', '2019-04-13 15:54:08', 'Taso'),
(78, 31, 28, '10', '3', '3311555173008107', '2019-04-13 16:30:08', '2019-04-13 16:30:08', 'Ela andrikos'),
(79, 73, 1, '15', '7', '7731555192402369', '2019-04-13 21:53:22', '2019-04-13 21:53:22', 'fuck you'),
(80, 75, 76, '10', '5', '5751555274046810', '2019-04-14 20:34:06', '2019-04-14 20:34:06', 'testing'),
(81, 75, 76, '10', '1', '1751555274819715', '2019-04-14 20:46:59', '2019-04-14 20:46:59', 'testing'),
(82, 24, 30, '10', '3', '3241555280200516', '2019-04-14 22:16:40', '2019-04-14 22:16:40', 'Love u lizzzyyyy'),
(83, 24, NULL, '15', '7', '7241555280724996', '2019-04-14 22:25:24', '2019-04-14 22:25:24', NULL),
(84, 73, 1, '5', '6', '6731555281402537', '2019-04-14 22:36:42', '2019-04-14 22:36:42', 'that bug reporting feature keeps popping up without me wanting it'),
(85, 1, NULL, '10', '3', '311555282072710', '2019-04-14 22:47:52', '2019-04-14 22:47:52', NULL),
(86, 1, NULL, '10', '3', '311555338907345', '2019-04-15 14:35:07', '2019-04-15 14:35:07', NULL),
(87, 1, 78, '10', '3', '311555358214965', '2019-04-15 19:56:54', '2019-04-15 19:56:54', 'Tasos'),
(88, 78, 1, '10', '3', '3781555358231878', '2019-04-15 19:57:11', '2019-04-15 19:57:11', 'Panos'),
(89, 1, 78, '10', '3', '311555358673792', '2019-04-15 20:04:33', '2019-04-15 20:04:33', 'Ela Panos'),
(90, 78, 1, '10', '3', '3781555358718428', '2019-04-15 20:05:18', '2019-04-15 20:05:18', 'Panos'),
(91, 1, NULL, '10', '1', '111555502643336', '2019-04-17 12:04:03', '2019-04-17 12:04:03', NULL),
(92, 79, NULL, '10', '3', '379155550472775', '2019-04-17 12:38:47', '2019-04-17 12:38:47', NULL),
(93, 79, NULL, '10', '1', '1791555504908151', '2019-04-17 12:41:48', '2019-04-17 12:41:48', NULL),
(94, 79, NULL, '10', '3', '3791555505150289', '2019-04-17 12:45:50', '2019-04-17 12:45:50', NULL),
(95, 1, NULL, '10', '3', '311555505416751', '2019-04-17 12:50:16', '2019-04-17 12:50:16', NULL),
(96, 1, 58, '10', '3', '311555527334589', '2019-04-17 18:55:34', '2019-04-17 18:55:34', 'Gig'),
(97, 79, NULL, '35', '9', '9791555560663559', '2019-04-18 04:11:03', '2019-04-18 04:11:03', NULL),
(98, 79, 82, '10', '1', '1791555569044178', '2019-04-18 06:30:44', '2019-04-18 06:30:44', 'shyss'),
(99, 79, NULL, '10', '3', '3791555571134153', '2019-04-18 07:05:34', '2019-04-18 07:05:34', NULL),
(100, 79, NULL, '10', '1', '1791555571875384', '2019-04-18 07:17:55', '2019-04-18 07:17:55', NULL),
(101, 79, NULL, '10', '1', '179155557388948', '2019-04-18 07:51:29', '2019-04-18 07:51:29', NULL),
(102, 79, NULL, '10', '1', '179155557421088', '2019-04-18 07:56:50', '2019-04-18 07:56:50', NULL),
(103, 1, 79, '10', '3', '311555580461882', '2019-04-18 09:41:01', '2019-04-18 09:41:01', 'Gxkxkyx'),
(104, 79, 1, '5', '6', '6791555581384480', '2019-04-18 09:56:24', '2019-04-18 09:56:24', 'hi'),
(105, 1, 52, '10', '3', '311555609161125', '2019-04-18 17:39:21', '2019-04-18 17:39:21', 'Taos'),
(106, 16, NULL, '10', '1', '1161555611235688', '2019-04-18 18:13:55', '2019-04-18 18:13:55', NULL),
(107, 16, 1, '10', '3', '316155561130243', '2019-04-18 18:15:02', '2019-04-18 18:15:02', 'tasi'),
(108, 1, 5, '10', '3', '311555611437790', '2019-04-18 18:17:17', '2019-04-18 18:17:17', 'To lary taso'),
(109, 5, 16, '10', '3', '351555611646613', '2019-04-18 18:20:46', '2019-04-18 18:20:46', 'from lary'),
(110, 5, 1, '10', '3', '351555611756832', '2019-04-18 18:22:36', '2019-04-18 18:22:36', 'tasos iphone from lady'),
(111, 5, NULL, '10', '3', '351555611806964', '2019-04-18 18:23:26', '2019-04-18 18:23:26', NULL),
(112, 5, NULL, '10', '3', '351555611845822', '2019-04-18 18:24:05', '2019-04-18 18:24:05', NULL),
(113, 1, NULL, '5', '6', '611555613134636', '2019-04-18 18:45:34', '2019-04-18 18:45:34', NULL),
(114, 24, NULL, '10', '3', '3241555641019952', '2019-04-19 02:30:19', '2019-04-19 02:30:19', NULL),
(115, 3, NULL, '10', '1', '131555655458236', '2019-04-19 06:30:58', '2019-04-19 06:30:58', NULL),
(116, 22, NULL, '10', '1', '1221555659837593', '2019-04-19 07:43:57', '2019-04-19 07:43:57', NULL),
(117, 3, NULL, '10', '1', '131555665614474', '2019-04-19 09:20:14', '2019-04-19 09:20:14', NULL),
(118, 22, NULL, '10', '1', '1221555665667186', '2019-04-19 09:21:07', '2019-04-19 09:21:07', NULL),
(119, 22, 64, '25', '8', '8221555665726485', '2019-04-19 09:22:06', '2019-04-19 09:22:06', 'vcmycmydyt'),
(120, 24, 30, '10', '3', '3241555690345252', '2019-04-19 16:12:25', '2019-04-19 16:12:25', 'Hi sexy mou'),
(121, 1, 28, '45', '10', '1011555693031831', '2019-04-19 16:57:11', '2019-04-19 16:57:11', 'Taos'),
(122, 1, NULL, '50', '11', '111155569383373', '2019-04-19 17:10:33', '2019-04-19 17:10:33', NULL),
(123, 52, 16, '10', '3', '35215556999578', '2019-04-19 18:52:37', '2019-04-19 18:52:37', 'From Bill to Kate'),
(124, 1, 16, '10', '3', '311555700394805', '2019-04-19 18:59:54', '2019-04-19 18:59:54', 'From taso'),
(125, 1, 5, '10', '3', '311555700484326', '2019-04-19 19:01:24', '2019-04-19 19:01:24', 'Taso'),
(126, 1, NULL, '10', '3', '311555700884826', '2019-04-19 19:08:04', '2019-04-19 19:08:04', NULL),
(127, 1, NULL, '10', '3', '311555704487571', '2019-04-19 20:08:07', '2019-04-19 20:08:07', NULL),
(128, 30, 31, '10', '3', '3301555728754266', '2019-04-20 02:52:34', '2019-04-20 02:52:34', 'To dad from. Elizabeth'),
(129, 79, NULL, '10', '3', '3791555746585230', '2019-04-20 07:49:45', '2019-04-20 07:49:45', NULL),
(130, 22, 1, '10', '3', '3221555751637608', '2019-04-20 09:13:57', '2019-04-20 09:13:57', 'hi ans'),
(131, 30, NULL, '10', '3', '3301555794894173', '2019-04-20 21:14:54', '2019-04-20 21:14:54', NULL),
(132, 30, 1, '35', '9', '9301555795549786', '2019-04-20 21:25:49', '2019-04-20 21:25:49', 'Love u'),
(133, 30, 1, '10', '3', '3301555795710306', '2019-04-20 21:28:30', '2019-04-20 21:28:30', 'Love u'),
(134, 1, 30, '10', '3', '311555795777201', '2019-04-20 21:29:37', '2019-04-20 21:29:37', 'Love u'),
(135, 1, 58, '10', '3', '311555821650345', '2019-04-21 04:40:50', '2019-04-21 04:40:50', 'Try'),
(136, 1, 58, '10', '3', '31155582180014', '2019-04-21 04:43:20', '2019-04-21 04:43:20', 'Try'),
(137, 31, 1, '10', '3', '3311555882781365', '2019-04-21 21:39:41', '2019-04-21 21:39:41', 'Daddy'),
(138, 30, 1, '10', '3', '3301555882871152', '2019-04-21 21:41:11', '2019-04-21 21:41:11', NULL),
(139, 30, 1, '10', '3', '3301555882922825', '2019-04-21 21:42:02', '2019-04-21 21:42:02', 'Lady2'),
(140, 30, 1, '10', '3', '330155588297639', '2019-04-21 21:42:56', '2019-04-21 21:42:56', 'Lady4'),
(141, 1, 30, '10', '3', '311555883052296', '2019-04-21 21:44:12', '2019-04-21 21:44:12', 'Tad'),
(142, 30, 24, '10', '3', '3301555883610401', '2019-04-21 21:53:30', '2019-04-21 21:53:30', 'From Elizabeth from the profile of Salut. No notifications are received here'),
(143, 75, 76, '10', '4', '4751555898775710', '2019-04-22 02:06:15', '2019-04-22 02:06:15', 'testing this app'),
(144, 76, 75, '10', '3', '3761555899743100', '2019-04-22 02:22:23', '2019-04-22 02:22:23', 'testing'),
(145, 1, 75, '10', '3', '311555899771508', '2019-04-22 02:22:51', '2019-04-22 02:22:51', 'Alopooo'),
(146, 75, 76, '5', '6', '6751555900101945', '2019-04-22 02:28:21', '2019-04-22 02:28:21', 'one more time'),
(147, 75, 76, '15', '7', '7751555900203878', '2019-04-22 02:30:03', '2019-04-22 02:30:03', 'test'),
(148, 76, 75, '15', '7', '776155590029529', '2019-04-22 02:31:35', '2019-04-22 02:31:35', 'testing 2'),
(149, 1, 75, '10', '3', '311555901281533', '2019-04-22 02:48:01', '2019-04-22 02:48:01', 'This is from profile'),
(150, 1, 31, '10', '3', '311555955004380', '2019-04-22 17:43:24', '2019-04-22 17:43:24', 'Taso'),
(151, 6, 89, '10', '3', '36155596085950', '2019-04-22 19:20:59', '2019-04-22 19:20:59', 'from dylan'),
(152, 89, 6, '10', '3', '3891555960979527', '2019-04-22 19:22:59', '2019-04-22 19:22:59', 'to cyn'),
(153, 89, 1, '10', '3', '3891555961123850', '2019-04-22 19:25:23', '2019-04-22 19:25:23', 'cynz'),
(154, 89, 1, '10', '3', '3891555961261105', '2019-04-22 19:27:41', '2019-04-22 19:27:41', 'test'),
(155, 89, 6, '10', '3', '3891555961560670', '2019-04-22 19:32:40', '2019-04-22 19:32:40', 'Dylan test'),
(156, 89, NULL, '10', '3', '3891555961583921', '2019-04-22 19:33:03', '2019-04-22 19:33:03', NULL),
(157, 1, 30, '10', '3', '311555961787665', '2019-04-22 19:36:27', '2019-04-22 19:36:27', 'To lady'),
(158, 1, NULL, '10', '3', '311555973929863', '2019-04-22 22:58:49', '2019-04-22 22:58:49', NULL),
(159, 1, 24, '10', '3', '311555974000659', '2019-04-22 23:00:00', '2019-04-22 23:00:00', 'Mama'),
(160, 1, 24, '10', '3', '311555974124613', '2019-04-22 23:02:04', '2019-04-22 23:02:04', 'New'),
(161, 1, NULL, '10', '3', '311555974145227', '2019-04-22 23:02:25', '2019-04-22 23:02:25', NULL),
(162, 24, 1, '10', '3', '3241555974198592', '2019-04-22 23:03:18', '2019-04-22 23:03:18', 'Go'),
(163, 24, 1, '10', '3', '3241555974273512', '2019-04-22 23:04:33', '2019-04-22 23:04:33', 'Test'),
(164, 24, 1, '10', '3', '324155597431321', '2019-04-22 23:05:13', '2019-04-22 23:05:13', 'Change'),
(165, 1, 31, '10', '3', '311555974461401', '2019-04-22 23:07:41', '2019-04-22 23:07:41', 'Test'),
(166, 3, NULL, '10', '3', '331556016599361', '2019-04-23 10:49:59', '2019-04-23 10:49:59', NULL),
(167, 1, 3, '10', '3', '311556017220772', '2019-04-23 11:00:20', '2019-04-23 11:00:20', 'The first'),
(168, 1, 3, '10', '3', '31155602396496', '2019-04-23 12:52:44', '2019-04-23 12:52:44', 'I’m just'),
(169, 1, 3, '10', '3', '311556025018297', '2019-04-23 13:10:18', '2019-04-23 13:10:18', 'Sdhafsfshrshhh'),
(170, 1, 3, '10', '3', '311556027784139', '2019-04-23 13:56:24', '2019-04-23 13:56:24', 'Okay'),
(171, 1, 30, '10', '3', '31155602786796', '2019-04-23 13:57:48', '2019-04-23 13:57:48', 'Taz'),
(172, 1, NULL, '10', '3', '311556027892878', '2019-04-23 13:58:12', '2019-04-23 13:58:12', NULL),
(173, 3, 22, '10', '3', '331556027896836', '2019-04-23 13:58:16', '2019-04-23 13:58:16', 'hello'),
(174, 30, 1, '10', '3', '3301556028035435', '2019-04-23 14:00:35', '2019-04-23 14:00:35', 'Tax'),
(175, 1, 16, '10', '3', '311556049666962', '2019-04-23 20:01:06', '2019-04-23 20:01:06', 'Taos'),
(176, 5, 16, '10', '3', '35155604978756', '2019-04-23 20:03:07', '2019-04-23 20:03:07', 't'),
(177, 5, 16, '10', '3', '351556049935519', '2019-04-23 20:05:35', '2019-04-23 20:05:35', 'n'),
(178, 5, 16, '10', '3', '351556050080559', '2019-04-23 20:08:00', '2019-04-23 20:08:00', 'lary'),
(179, 1, 52, '10', '3', '311556050410526', '2019-04-23 20:13:30', '2019-04-23 20:13:30', 'Bil'),
(180, 1, 52, '10', '3', '311556050777179', '2019-04-23 20:19:37', '2019-04-23 20:19:37', 'To bill'),
(181, 1, NULL, '10', '3', '31155605140040', '2019-04-23 20:30:00', '2019-04-23 20:30:00', NULL),
(182, 31, 1, '10', '3', '3311556056535774', '2019-04-23 21:55:35', '2019-04-23 21:55:35', 'Papa'),
(183, 1, 92, '10', '3', '311556060308791', '2019-04-23 22:58:28', '2019-04-23 22:58:28', 'T'),
(184, 24, NULL, '10', '4', '4241556089428608', '2019-04-24 07:03:48', '2019-04-24 07:03:48', NULL),
(185, 24, 1, '10', '3', '3241556089538329', '2019-04-24 07:05:38', '2019-04-24 07:05:38', 'to tasi ftom mom thriugh pfofile'),
(186, 1, 49, '10', '3', '31155608963561', '2019-04-24 07:07:15', '2019-04-24 07:07:15', 'N'),
(187, 5, 16, '10', '3', '35155613192727', '2019-04-24 18:52:07', '2019-04-24 18:52:07', 'lary'),
(188, 85, 1, '10', '3', '3851556221755505', '2019-04-25 19:49:15', '2019-04-25 19:49:15', 'try the hummus nachos!'),
(189, 1, NULL, '10', '4', '411556388185765', '2019-04-27 18:03:05', '2019-04-27 18:03:05', NULL),
(190, 97, NULL, '10', '3', '3971556532856889', '2019-04-29 10:14:16', '2019-04-29 10:14:16', NULL),
(191, 1, 58, '10', '3', '311556563233434', '2019-04-29 18:40:33', '2019-04-29 18:40:33', 'Hahha'),
(192, 1, 58, '10', '3', '311556571739604', '2019-04-29 21:02:19', '2019-04-29 21:02:19', 'Love you friend'),
(193, 1, NULL, '10', '3', '311556571770463', '2019-04-29 21:02:50', '2019-04-29 21:02:50', NULL),
(194, 23, NULL, '10', '3', '3231556640837714', '2019-04-30 16:13:57', '2019-04-30 16:13:57', NULL),
(195, 24, 1, '10', '3', '3241556665420367', '2019-04-30 23:03:40', '2019-04-30 23:03:40', 'lovd ys'),
(196, 1, NULL, '10', '3', '31155669209180', '2019-05-01 06:28:11', '2019-05-01 06:28:11', NULL),
(197, 98, NULL, '15', '7', '7981556696628385', '2019-05-01 07:43:48', '2019-05-01 07:43:48', NULL),
(198, 98, NULL, '50', '11', '11981556696681652', '2019-05-01 07:44:41', '2019-05-01 07:44:41', NULL),
(199, 1, 30, '5', '6', '611556720848272', '2019-05-01 14:27:28', '2019-05-01 14:27:28', 'Thank you'),
(200, 88, NULL, '10', '3', '3881556808592598', '2019-05-02 14:49:52', '2019-05-02 14:49:52', NULL),
(201, 1, NULL, '10', '3', '311556817314549', '2019-05-02 17:15:14', '2019-05-02 17:15:14', NULL),
(202, 1, 107, '10', '3', '311556817367672', '2019-05-02 17:16:07', '2019-05-02 17:16:07', 'Diff'),
(203, 108, 1, '10', '5', '51081556823929714', '2019-05-02 19:05:29', '2019-05-02 19:05:29', 'I heart you'),
(204, 1, NULL, '5', '14', '1411556910320301', '2019-05-03 19:05:20', '2019-05-03 19:05:20', NULL),
(205, 1, NULL, '5', '13', '1311556910419943', '2019-05-03 19:06:59', '2019-05-03 19:06:59', NULL),
(206, 1, NULL, '10', '3', '311556911463599', '2019-05-03 19:24:23', '2019-05-03 19:24:23', NULL),
(207, 1, 30, '10', '3', '311556911529854', '2019-05-03 19:25:29', '2019-05-03 19:25:29', 'Love you BFF'),
(208, 1, 30, '10', '3', '31155692564912', '2019-05-03 23:20:49', '2019-05-03 23:20:49', 'Love you BFF'),
(209, 1, NULL, '10', '3', '311556946009333', '2019-05-04 05:00:09', '2019-05-04 05:00:09', NULL),
(210, 1, NULL, '10', '3', '311556946088987', '2019-05-04 05:01:28', '2019-05-04 05:01:28', NULL),
(211, 1, 30, '5', '14', '1411556946128590', '2019-05-04 05:02:08', '2019-05-04 05:02:08', 'Love you bff'),
(212, 1, NULL, '10', '3', '31155694653330', '2019-05-04 05:08:53', '2019-05-04 05:08:53', NULL),
(213, 1, NULL, '5', '6', '611556949403817', '2019-05-04 05:56:43', '2019-05-04 05:56:43', NULL);

-- --------------------------------------------------------

--
-- Table structure for table `otp`
--

CREATE TABLE `otp` (
  `id` int(11) NOT NULL,
  `country_code` varchar(255) NOT NULL,
  `phone` varchar(255) NOT NULL,
  `otp` varchar(255) NOT NULL,
  `created_at` datetime NOT NULL,
  `updated_at` timestamp NOT NULL DEFAULT CURRENT_TIMESTAMP
) ENGINE=InnoDB DEFAULT CHARSET=latin1;

--
-- Dumping data for table `otp`
--

INSERT INTO `otp` (`id`, `country_code`, `phone`, `otp`, `created_at`, `updated_at`) VALUES
(1, '+1', '3076306462', '3602', '2019-04-06 15:35:59', '2019-04-06 15:35:59'),
(2, '+1', '6029186924', '2041', '2019-04-06 19:18:14', '2019-04-06 19:18:14'),
(24, '+1', '2108804844', '2168', '2019-04-09 10:10:18', '2019-04-09 10:10:18'),
(25, '+1', '3152104488', '2499', '2019-04-09 10:35:53', '2019-04-09 10:35:53'),
(26, '+1', '4807733194', '5438', '2019-04-09 20:57:50', '2019-04-09 20:57:50'),
(27, '+1', '4802273219', '7566', '2019-04-09 21:10:35', '2019-04-09 21:10:35'),
(28, '+1', '8172238707', '9658', '2019-04-09 21:39:59', '2019-04-09 21:39:59'),
(29, '+1', '3076317673', '2502', '2019-04-09 21:44:32', '2019-04-09 21:44:32'),
(30, '+1', '4064980269', '4667', '2019-04-10 01:41:26', '2019-04-10 01:41:26'),
(31, '+1', '80161879718', '3993', '2019-04-10 03:19:27', '2019-04-10 03:20:12'),
(32, '+1', '8016189718', '8518', '2019-04-10 03:22:09', '2019-04-10 03:22:09'),
(33, '+1', '6026169866', '2797', '2019-04-11 21:02:18', '2019-04-11 21:02:18'),
(34, '+1', '4803887504', '2080', '2019-04-12 02:55:02', '2019-04-12 02:55:02'),
(35, '+1', '9041786008', '8229', '2019-04-12 11:09:24', '2019-04-12 11:09:24'),
(36, '+1', '+14803439923', '1394', '2019-04-12 21:22:45', '2019-04-12 21:22:45'),
(37, '+1', '4804303120', '4723', '2019-04-12 23:06:59', '2019-04-12 23:06:59'),
(38, '+1', '4806504922', '5618', '2019-04-14 04:02:13', '2019-04-14 04:02:13'),
(39, '+1', '3179408360', '4975', '2019-04-15 19:49:16', '2019-04-15 19:49:16'),
(40, '+1', '3174461270', '9866', '2019-04-15 19:49:46', '2019-04-15 19:49:46'),
(41, '+1', '7845123885', '2756', '2019-04-17 12:06:00', '2019-04-17 12:06:51'),
(42, '+1', '8505062367', '4865', '2019-04-17 12:08:12', '2019-04-19 05:44:47'),
(43, '+1', '7837973703', '2293', '2019-04-17 12:17:18', '2019-04-17 12:23:23'),
(44, '+1', '47573765', '4362', '2019-04-18 06:16:32', '2019-04-18 06:17:00'),
(45, '+1', '67464996446464644974', '2637', '2019-04-19 05:46:11', '2019-04-19 05:46:23'),
(46, '+1', '67464996446', '8923', '2019-04-19 05:46:36', '2019-04-19 05:48:12'),
(47, '+1', '850506236746', '9646', '2019-04-19 05:47:20', '2019-04-19 06:05:17'),
(48, '+1', '9887495062', '4344', '2019-04-19 05:48:59', '2019-04-19 05:48:59'),
(49, '+1', '5285486396666', '3542', '2019-04-19 05:50:44', '2019-04-19 05:50:44'),
(50, '+91', '5285486396666', '4679', '2019-04-19 05:53:51', '2019-04-19 05:53:51'),
(51, '+1', '4554454544644', '2369', '2019-04-19 06:01:42', '2019-04-19 06:01:42'),
(52, '+1', '7854645897', '6864', '2019-04-19 06:12:45', '2019-04-19 06:12:45'),
(53, '+1', '8888888888888', '3093', '2019-04-19 06:13:13', '2019-04-19 06:13:13'),
(54, '+1', '78379737039', '1712', '2019-04-19 06:14:29', '2019-04-19 06:14:29'),
(55, '+1', '783797370', '9205', '2019-04-19 06:14:44', '2019-04-19 06:15:15'),
(56, '+1', '7837973456', '4916', '2019-04-19 06:15:41', '2019-04-19 06:15:41'),
(57, '+1', '1234567890', '6345', '2019-04-19 06:16:45', '2019-04-19 06:16:45'),
(58, '+1', '23658965', '9043', '2019-04-19 06:17:55', '2019-04-19 06:17:55'),
(59, '+1', '2365896555', '5793', '2019-04-19 06:18:11', '2019-04-19 06:18:11'),
(60, '+1', '9466651211', '8761', '2019-04-19 06:18:41', '2019-05-02 08:19:07'),
(61, '+1', '7009584552', '5471', '2019-04-19 06:21:30', '2019-04-19 06:21:30'),
(62, '+1', '7009584553', '6249', '2019-04-19 06:21:42', '2019-04-19 06:21:42'),
(63, '+1', '58556', '3454', '2019-04-19 07:34:57', '2019-04-19 07:34:57'),
(64, '+1', '+14807816140', '5162', '2019-04-19 14:51:06', '2019-04-19 14:51:06'),
(65, '+1', '687655', '3658', '2019-04-20 07:46:11', '2019-04-20 07:46:11'),
(66, '+1', '6022451772', '6251', '2019-04-22 02:17:38', '2019-04-22 02:17:38'),
(67, '+1', '4089667010', '4298', '2019-04-22 17:31:22', '2019-04-22 17:31:22'),
(68, '+1', '4803385424', '8903', '2019-04-22 19:12:22', '2019-04-22 19:12:22'),
(69, '+1', '9855853536', '1804', '2019-05-01 07:32:44', '2019-05-01 07:32:44'),
(70, '+1', '9996885778', '4611', '2019-05-02 07:12:10', '2019-05-02 07:50:10'),
(71, '+1', '6025406893', '2539', '2019-05-02 19:01:10', '2019-05-02 19:01:10'),
(72, '+1', '4806947410', '8766', '2019-05-03 17:42:08', '2019-05-03 17:42:08');

-- --------------------------------------------------------

--
-- Table structure for table `payments`
--

CREATE TABLE `payments` (
  `id` int(11) NOT NULL,
  `user_id` int(11) NOT NULL,
  `card_number` varchar(200) NOT NULL,
  `card_type` varchar(200) NOT NULL,
  `cvv` varchar(200) NOT NULL,
  `expiry_date` varchar(200) NOT NULL,
  `amount` varchar(200) NOT NULL,
  `order_id` varchar(200) NOT NULL,
  `unique_ref` varchar(200) NOT NULL,
  `hash_key` varchar(200) NOT NULL,
  `created_at` datetime NOT NULL,
  `updated_at` timestamp NOT NULL DEFAULT CURRENT_TIMESTAMP ON UPDATE CURRENT_TIMESTAMP
) ENGINE=InnoDB DEFAULT CHARSET=latin1;

--
-- Dumping data for table `payments`
--

INSERT INTO `payments` (`id`, `user_id`, `card_number`, `card_type`, `cvv`, `expiry_date`, `amount`, `order_id`, `unique_ref`, `hash_key`, `created_at`, `updated_at`) VALUES
(1, 3, '4111111111111111', 'Visa', '845', '0325', '10.0', '951926331', 'LUOE65719Q', '53162ef7af4b1a7152f2b4043f656b66', '2019-04-06 07:18:52', '2019-04-06 07:18:52'),
(2, 3, '4111111111111111', 'American Express', '8585', '0323', '10.0', '951926375', 'GAQLF9140H', '72a804dbc683a21dc7be5dd4c6ba4010', '2019-04-06 07:19:36', '2019-04-06 07:19:36'),
(3, 3, '4111111111111111', 'Visa', '655', '0424', '10.0', '951939909', 'J24G4TV04W', '25da14afcb6f6c5694f0994cf8b55146', '2019-04-06 11:05:10', '2019-04-06 11:05:10'),
(4, 47, '4111111111111111', 'Visa', '555', '0423', '10.0', '981941391', 'BYU41BUADI', '3298466f0e5772bffbbe8e53170c231a', '2019-04-09 11:29:53', '2019-04-09 11:29:53'),
(5, 1, '4111111111111111', 'Visa', '646', '1224', '10', '981944172', 'BRTK2WTG6M', 'd85b237ec7deea535bf3b651d63b995f', '2019-04-09 12:16:14', '2019-04-09 12:16:14'),
(6, 1, '4111111111111111', 'Visa', '123', '0120', '10', '981945197', 'BMR5O1YUF4', '604b6d5b32bc67622a064190452e66b9', '2019-04-09 12:33:18', '2019-04-09 12:33:18'),
(7, 24, '4111111111111111', 'Visa', '123', '0320', '10', '981945803', 'JWIOOVMH3Y', 'f5c0c3ce72cff064f4081fecb510be34', '2019-04-09 12:43:25', '2019-04-09 12:43:25'),
(8, 1, '4111111111111111', 'Visa', '123', '0220', '10', '981945960', 'BKT04HSM0Y', '86e3b474448037a38c019e0fb5700a33', '2019-04-09 12:46:01', '2019-04-09 12:46:01'),
(9, 24, '4111111111111111', 'Visa', '123', '0220', '10', '981946251', 'EC6UU2MI5D', '2907824c372f7ffcaf94c092ee167d1b', '2019-04-09 12:50:52', '2019-04-09 12:50:52'),
(10, 50, '4111111111111111', 'Visa', '123', '0220', '10', '981975533', 'FUR42QCZ60', '6c598624b9d637a66abb4301417d330e', '2019-04-09 20:58:54', '2019-04-09 20:58:54'),
(11, 50, '4111111111111111', 'Visa', '423', '0319', '10', '981975610', 'LDITHW0RIA', '86ee67e9a4598998b6d5a1c67e734c18', '2019-04-09 21:00:11', '2019-04-09 21:00:11'),
(12, 50, '4111111111111111', 'Visa', '421', '0220', '10', '981975650', 'FT6ZN30SJO', 'c690764b5e47a58f3cd1b0d7633f1017', '2019-04-09 21:00:51', '2019-04-09 21:00:51'),
(13, 51, '4111111111111111', 'Visa', '122', '0220', '10', '981976347', 'FSSYJ66QXQ', 'd0055fe7c05fe65df35197c6ae884a20', '2019-04-09 21:12:28', '2019-04-09 21:12:28'),
(14, 51, '4111111111111111', 'Visa', '123', '0221', '10', '981976413', 'D090HUUPLT', 'ac05cdf5c73304e7903bd01ad1b5874e', '2019-04-09 21:13:34', '2019-04-09 21:13:34'),
(15, 51, '4111111111111111', 'Visa', '122', '0220', '10', '981976436', 'FRMV7FOLQ8', 'cee42e5d362db63d0142a9dedb320f79', '2019-04-09 21:13:57', '2019-04-09 21:13:57'),
(16, 52, '4111111111111111', 'Visa', '123', '0320', '10', '981978094', 'CZGYA16MBH', 'f5c04e3fbaa76d6e9f316c51635476db', '2019-04-09 21:41:35', '2019-04-09 21:41:35'),
(17, 28, '4111111111111111', 'Visa', '745', '0620', '10', '981978810', 'FQUSZM0IFW', 'dc2656b3a4f22080135e2b7003c21b76', '2019-04-09 21:53:31', '2019-04-09 21:53:31'),
(18, 24, '4111111111111111', 'Visa', '123', '0221', '5', '981983747', 'FPAOJYOBTJ', '146e9874fb0a3a245a90ce8cbdeb2809', '2019-04-09 23:15:48', '2019-04-09 23:15:48'),
(19, 24, '4111111111111111', 'Visa', '123', '0623', '15.0', '981984569', 'IGOJ9JI7UI', '35a2cf537ff38019f2a2cce3b43f270f', '2019-04-09 23:29:30', '2019-04-09 23:29:30'),
(20, 24, '4111111111111111', 'Visa', '123', '0628', '25.0', '981984599', 'L82DZ4C3YX', '02b5f9d720796211bc8cc470dc8644fa', '2019-04-09 23:30:00', '2019-04-09 23:30:00'),
(21, 24, '4111111111111111', 'Visa', '123', '0424', '35.0', '981984884', 'L7OCV7I2D0', '743e8c247ee226359cbd3429e13b89cc', '2019-04-09 23:34:45', '2019-04-09 23:34:45'),
(22, 30, '4111111111111111', 'Visa', '123', '0320', '45', '981984987', 'CVYOATO76B', '8e4897310a5cc424c90ea6069c62c7f1', '2019-04-09 23:36:28', '2019-04-09 23:36:28'),
(23, 24, '4111111111111111', 'Visa', '123', '0425', '10.0', '981986105', 'L6I9JGZXCL', '5f1794572def2c4efbcd3da5d05d2b16', '2019-04-09 23:55:07', '2019-04-09 23:55:07'),
(24, 31, '4111111111111111', 'Visa', '123', '0220', '10', '981986333', 'L648FK5VQO', 'b03933f07d04742d64ad984647d9374d', '2019-04-09 23:58:54', '2019-04-09 23:58:54'),
(25, 56, '4111111111111111', 'Visa', '666', '0322', '50', '99196201', 'CSUFFIZTPK', '6d9fe1050002024e754f9a6e1bac30be', '2019-04-10 01:43:22', '2019-04-10 01:43:22'),
(26, 56, '4111111111111111', 'Visa', '888', '0429', '10', '99196925', 'IC05YLHNRF', '244f3c16ab8933222ff9ee0659243928', '2019-04-10 01:55:26', '2019-04-10 01:55:26'),
(27, 58, '4342561970132726', 'Visa', '225', '0621', '10', '991912334', 'L2ZZK9HI9X', '67c645854c894811991a6d77b0e89b70', '2019-04-10 03:25:36', '2019-04-10 03:25:36'),
(28, 1, '4111111111111111', 'Visa', '123', '0320', '15', '991912967', 'L1FV4M5BGG', 'edb64a0b47e4e7a5e791983199e90e48', '2019-04-10 03:36:09', '2019-04-10 03:36:09'),
(29, 1, '4111111111111111', 'Visa', '123', '0220', '10', '991913591', 'FH419T5CHV', '163504fd5f9bb0aecdf01b9081b40d86', '2019-04-10 03:46:32', '2019-04-10 03:46:32'),
(30, 24, '4111111111111111', 'Discover', '123', '0425', '10.0', '991947747', 'E568WMHLWT', 'b12a82a0da73770d85759e2a8c9457ad', '2019-04-10 13:15:48', '2019-04-10 13:15:48'),
(31, 24, '4111111111111111', 'Visa', '123', '0224', '10.0', '991957917', 'FJG5Y91KNS', '068317b863200ef935d28540aa3505b7', '2019-04-10 16:05:19', '2019-04-10 16:05:19'),
(32, 16, '4111111111111111', 'Visa', '123', '0223', '10.0', '991963507', 'KUTAB2UGXW', '16dd6661366796a04712be5492b10400', '2019-04-10 17:38:28', '2019-04-10 17:38:28'),
(33, 52, '4111111111111111', 'Visa', '123', '0220', '10', '991964215', 'FAHGG9UHZA', '75713ca995b4c5461f541292eb6543bf', '2019-04-10 17:50:16', '2019-04-10 17:50:16'),
(34, 16, '4111111111111111', 'Visa', '123', '0324', '10.0', '991964364', 'FA3FCD0GDC', 'a8cc86d674470349395b4a62197b7cb2', '2019-04-10 17:52:45', '2019-04-10 17:52:45'),
(35, 52, '4111111111111111', 'Visa', '123', '0220', '10', '991964725', 'CHJHB1OF1F', 'edd8588471ef2db643f05a3bd2b05144', '2019-04-10 17:58:47', '2019-04-10 17:58:47'),
(36, 5, '4111111111111111', 'Visa', '123', '0521', '10.0', '991965305', 'CGDDZB6A0C', '0f813400bd0493960330df2ab2595bbf', '2019-04-10 18:08:26', '2019-04-10 18:08:26'),
(37, 5, '4111111111111111', 'Visa', '123', '0321', '10.0', '991965342', 'HZJ4IDO427', '57623d4f4623efc93ed41414b2e934d0', '2019-04-10 18:09:03', '2019-04-10 18:09:03'),
(38, 16, '4111111111111111', 'Visa', '123', '0524', '10.0', '991965700', 'F67498NZEZ', '8effc1bc2c58b34b0b35c1a95360886e', '2019-04-10 18:15:01', '2019-04-10 18:15:01'),
(39, 16, '4111111111111111', 'Visa', '123', '0526', '10.0', '991966113', 'KOKSKHHQ1V', 'cfdb194ee0328ebbf5de5099f85f9bdf', '2019-04-10 18:21:54', '2019-04-10 18:21:54'),
(40, 52, '4111111111111111', 'Visa', '123', '0120', '10', '991967057', 'HVMTF9BNB4', '3fe82be2807efa6bbfcaa229aa4e9175', '2019-04-10 18:37:38', '2019-04-10 18:37:38'),
(41, 1, '4111111111111111', 'Visa', '524', '0628', '10.0', '991967400', 'CBAZKGBO5E', '0328f7d97e846f79e8aaf26c24a75f7e', '2019-04-10 18:43:21', '2019-04-10 18:43:21'),
(42, 1, '4111111111111111', 'Visa', '123', '0321', '10', '991975542', 'C4AFM1ATYI', 'ee09bfd5abf6541726f1630af698a137', '2019-04-10 20:59:04', '2019-04-10 20:59:04'),
(43, 1, '4111111111111111', 'Visa', '646', '0425', '10.0', '1001918945', 'H20H5XW3KH', '17a086446f20b2a586d1b9cb8de9c3bf', '2019-04-11 05:15:47', '2019-04-11 05:15:47'),
(44, 3, '4111111111111111', 'Visa', '758', '0426', '10.0', '1001922017', 'CAIVDLJIUD', '7c0cc263d97507d311e3f424d42034bf', '2019-04-11 06:06:58', '2019-04-11 06:06:58'),
(45, 22, '4111111111111111', 'Visa', '649', '0425', '10.0', '1001945107', 'LP7KU5Q00J', 'd97b32256d29f6b4cdd6e21030504079', '2019-04-11 12:31:48', '2019-04-11 12:31:48'),
(46, 22, '4111111111111111', 'Visa', '555', '0423', '10.0', '1001945485', 'G4HPVFVZ8W', '15f863d7e15ae04aacff27e54eb8aa7f', '2019-04-11 12:38:06', '2019-04-11 12:38:06'),
(47, 22, '4111111111111111', 'Visa', '649', '0424', '10.0', '1001946025', 'LMVE6OPPWR', '01a78681b8506facb5595992074a423a', '2019-04-11 12:47:06', '2019-04-11 12:47:06'),
(48, 1, '4111111111111111', 'Visa', '084', '0522', '10', '1001946857', 'ITJDXJPLGM', '2033124228c8ba90d23733b578507e79', '2019-04-11 13:00:59', '2019-04-11 13:00:59'),
(49, 1, '4111111111111111', 'Visa', '235', '0526', '10.0', '1001958092', 'C4OCRVWRT8', '722d6364b7739261dc6ee24f90e2d9f9', '2019-04-11 16:08:13', '2019-04-11 16:08:13'),
(50, 1, '4111111111111111', 'Visa', '521', '0524', '10.0', '1001958301', 'EW27HGQNT0', 'fc2fd2ca0bef1424c963b31c3150aaee', '2019-04-11 16:11:43', '2019-04-11 16:11:43'),
(51, 5, '4111111111111111', 'Visa', '123', '0519', '10.0', '1001964025', 'HIDNS6PY9L', 'c78de9b31c95beb18c2ac4e54bd32548', '2019-04-11 17:47:06', '2019-04-11 17:47:06'),
(52, 5, '4111111111111111', 'Visa', '123', '0521', '10.0', '1001964090', 'K9RIHRJUE0', '14ee5050f301346fe68746046de7ba1a', '2019-04-11 17:48:11', '2019-04-11 17:48:11'),
(53, 5, '4111111111111111', 'Visa', '123', '0521', '10.0', '1001964158', 'K9DHDUPSLX', '559a895cb55b223a2cde6a14dbbf9f61', '2019-04-11 17:49:19', '2019-04-11 17:49:19'),
(54, 5, '4111111111111111', 'Visa', '123', '0522', '25.0', '1001964252', 'BXNSTGVXMC', 'c4cf485e1908c5beddf04b05dd286868', '2019-04-11 17:50:53', '2019-04-11 17:50:53'),
(55, 5, '4111111111111111', 'Visa', '123', '0624', '10.0', '1001964324', 'EP1NJ1PTNC', '09204060a668c151881f956f3c2d44d8', '2019-04-11 17:52:05', '2019-04-11 17:52:05'),
(56, 5, '4111111111111111', 'Visa', '123', '0621', '35.0', '1001964919', 'HGFI8MJPRQ', 'd9915563d972799deaee2968c4e63512', '2019-04-11 18:02:00', '2019-04-11 18:02:00'),
(57, 1, '4111111111111111', 'Visa', '123', '0220', '10', '1001965988', 'HG1H4PPO5T', 'd2786476b016d3fd794918d5b63b27cf', '2019-04-11 18:19:49', '2019-04-11 18:19:49'),
(58, 69, '4111111111111111', 'Visa', '123', '0322', '10.0', '1001976076', 'K2QYJCJ075', 'd048ec87a71fb4264c635445cc228c57', '2019-04-11 21:07:57', '2019-04-11 21:07:57'),
(59, 69, '4111111111111111', 'Visa', '123', '0321', '10.0', '1001976102', 'BR19YYP4X0', '5b4ba1de7ee6b8e36356d6356a7d78bc', '2019-04-11 21:08:23', '2019-04-11 21:08:23'),
(60, 31, '4111111111111111', 'Visa', '522', '0221', '10', '101196560', 'JQO062NK5B', 'df702291f335278794363f9121d3f432', '2019-04-12 01:49:22', '2019-04-12 01:49:22'),
(61, 63, '4111111111111111', 'Visa', '555', '1125', '10.0', '1011940680', 'KS2WMLNZE5', '4feffd9faaab30db137b29139b500c34', '2019-04-12 11:18:01', '2019-04-12 11:18:01'),
(62, 47, '4111111111111111', 'Visa', '545', '1027', '10', '1011949799', 'F4MTWHZMSN', 'c647c5c8a76c7f8182de79594e83719c', '2019-04-12 13:50:01', '2019-04-12 13:50:01'),
(63, 24, '4111111111111111', 'Visa', '123', '0527', '10.0', '1011961598', 'C2Q59AMHC7', 'bf6d56080f4176f97b8cbfd7aa4f11b4', '2019-04-12 17:06:39', '2019-04-12 17:06:39'),
(64, 1, '4111111111111111', 'Visa', '214', '0627', '10.0', '1011961755', 'EU3ZYVGDGM', '96ab84e4ae9c0ef7456bf01dc778b473', '2019-04-12 17:09:16', '2019-04-12 17:09:16'),
(65, 1, '4111111111111111', 'Visa', '213', '0529', '10.0', '1011964641', 'EQLPZNXYF4', '7c396dc42854ef546598cb639663b9f8', '2019-04-12 17:57:22', '2019-04-12 17:57:22'),
(66, 5, '4111111111111111', 'Visa', '123', '0520', '10.0', '1011972497', 'HFNE1RRKFR', 'd19119e47b2f6fb3e99dee3fcb36a4be', '2019-04-12 20:08:18', '2019-04-12 20:08:18'),
(67, 5, '4111111111111111', 'Visa', '123', '0221', '10.0', '1011972571', 'BVPLAVLN6I', 'b2b67504bd17a12a3d93bf94a14fce61', '2019-04-12 20:09:32', '2019-04-12 20:09:32'),
(68, 5, '4111111111111111', 'Visa', '123', '0722', '10.0', '1011972771', 'EN3G0GFJAX', 'f4397f2d1921bba99b88693f07688db0', '2019-04-12 20:12:52', '2019-04-12 20:12:52'),
(69, 5, '4111111111111111', 'Visa', '123', '0622', '10.0', '1011972833', 'EMPEWJLHP0', 'f0fbf7ea2198d36e3d86f098d0dcabe5', '2019-04-12 20:13:54', '2019-04-12 20:13:54'),
(70, 72, '4111111111111111', 'Visa', '123', '0525', '10.0', '1011977120', 'EL5AGW9AVJ', '9949efd22e03940c36834afccfc2697a', '2019-04-12 21:25:22', '2019-04-12 21:25:22'),
(71, 1, '4111111111111111', 'Visa', '123', '0221', '10', '1011983748', 'K3WZW1X381', '6b893bfaf4238b78ca1eb13409f37816', '2019-04-12 23:15:49', '2019-04-12 23:15:49'),
(72, 23, '4111111111111111', 'Visa', '123', '0220', '10', '1011985004', 'EJL618X489', '854ac09bd86f45e8698d7df9fd3b3e9e', '2019-04-12 23:36:45', '2019-04-12 23:36:45'),
(73, 23, '4111111111111111', 'Discover', '123', '0721', '10', '1011985088', 'HAZ0QTR0CN', '10e3a6085b1247c27e017825647def4b', '2019-04-12 23:38:09', '2019-04-12 23:38:09'),
(74, 30, '4111111111111111', 'Visa', '123', '0220', '10', '1021956326', 'K0SR0R8PRA', 'acea7bbe52ace3e1dd956067b9643636', '2019-04-13 15:38:47', '2019-04-13 15:38:47'),
(75, 30, '4111111111111111', 'Visa', '123', '0220', '10', '1021956433', 'BP32GDEUKL', 'af369a56b415753465ff48d0df268517', '2019-04-13 15:40:34', '2019-04-13 15:40:34'),
(76, 24, '4111111111111111', 'Visa', '123', '0221', '10', '1021957148', 'BOP1CGKSYO', '4343f055b86b29e350a15397a4b3d4a0', '2019-04-13 15:52:29', '2019-04-13 15:52:29'),
(77, 1, '4111111111111111', 'Visa', '123', '0220', '10', '1021957246', 'EG2W21EP33', '36a306eaa425b6cf465290aa2e2c33a3', '2019-04-13 15:54:07', '2019-04-13 15:54:07'),
(78, 31, '4111111111111111', 'Visa', '123', '0320', '10', '1021959406', 'H7GQRM8LB6', 'eca034da1fe99540bf94f5e3b0ef01e1', '2019-04-13 16:30:08', '2019-04-13 16:30:08'),
(79, 73, '4111111111111111', 'Visa', '555', '0222', '15.0', '1021978800', 'DPKQOZJGZT', '3df9c1079cade03c779e94ff93284a34', '2019-04-13 21:53:21', '2019-04-13 21:53:21'),
(80, 75, '4111111111111111', 'Visa', '111', '0123', '10.0', '1031974045', 'JPHSW9XB5M', '9d22612998ed29491cb839cdae2eb391', '2019-04-14 20:34:06', '2019-04-14 20:34:06'),
(81, 75, '4111111111111111', 'Visa', '111', '0123', '10.0', '1031974818', 'JP3RSD39CL', '7b5b539a250ba240f550a2aad601ed5f', '2019-04-14 20:46:59', '2019-04-14 20:46:59'),
(82, 24, '4111111111111111', 'Visa', '123', '0220', '10', '1031980199', 'BDE37Z9ED0', '0f8b60cc8b8adedd0067be84bccac112', '2019-04-14 22:16:40', '2019-04-14 22:16:40'),
(83, 24, '4111111111111111', 'Visa', '123', '0220', '15', '1031980723', 'E4RXXK3ADZ', '3bfdc544451e4f4932d36b3707a3f453', '2019-04-14 22:25:24', '2019-04-14 22:25:24'),
(84, 73, '4111111111111111', 'Visa', '525', '0321', '5.0', '1031981400', 'GW5SN4X6IE', '4c4ca9e7ae3ae4a5e28b2d794ed23e0e', '2019-04-14 22:36:42', '2019-04-14 22:36:42'),
(85, 1, '4111111111111111', 'Visa', '545', '0321', '10', '1031982071', 'JNJNCPR2Q9', '35d582c3e933807d2d68a36d4376fe85', '2019-04-14 22:47:52', '2019-04-14 22:47:52'),
(86, 1, '4111111111111111', 'Visa', '123', '0120', '10', '1041952506', 'JR1VCW5FTL', 'a537127ff9b19a50db91ea962f488128', '2019-04-15 14:35:07', '2019-04-15 14:35:07'),
(87, 1, '4111111111111111', 'Visa', '636', '0221', '10', '1041971813', 'G7LQUM44RI', '0227c7ef73ba6c1ce494dbefa996498f', '2019-04-15 19:56:54', '2019-04-15 19:56:54'),
(88, 78, '4111111111111111', 'Visa', '123', '0320', '10', '1041971830', 'IYZLK6Y131', 'bb06cea19e394da6000531cbee03ecd9', '2019-04-15 19:57:11', '2019-04-15 19:57:11'),
(89, 1, '4111111111111111', 'Visa', '123', '0320', '10', '1041972271', 'IYLKGA3Z9Z', '2b5b98a9423c8f795c83873f2341cd0b', '2019-04-15 20:04:33', '2019-04-15 20:04:33'),
(90, 78, '4111111111111111', 'Visa', '123', '0320', '10', '1041972317', 'LPZF5UXVEE', 'ce5da43008d6625b45d0a6057d472db7', '2019-04-15 20:05:17', '2019-04-15 20:05:17'),
(91, 1, '4111111111111111', 'Visa', '125', '0220', '10', '1061943441', 'BLKENY41OS', 'ba61bb55f148240382c29f15790e5b6e', '2019-04-17 12:04:03', '2019-04-17 12:04:03'),
(92, 79, '4111111111111111', 'Visa', '854', '0220', '10', '1061945525', 'EBE4XVLR6U', 'b3b11880a98c672a3e7284bd70ccd1e1', '2019-04-17 12:38:46', '2019-04-17 12:38:46'),
(93, 79, '4111111111111111', 'Visa', '456', '0726', '10', '1061945707', 'H2RZNGFN7U', 'd0d4fef8039c7efaecba9b1a0ba3df74', '2019-04-17 12:41:48', '2019-04-17 12:41:48'),
(94, 79, '4111111111111111', 'MasterCard', '458', '0220', '10', '1061945949', 'JU5UD19JC9', '46c81631525cd76c1e6cb13c5d2f4eeb', '2019-04-17 12:45:50', '2019-04-17 12:45:50'),
(95, 1, '4111111111111111', 'Visa', '848', '0630', '10', '1061946214', 'JTRT94FHQB', '0829bbecd35ce6288a6978d00478d801', '2019-04-17 12:50:15', '2019-04-17 12:50:15'),
(96, 1, '4111111111111111', 'Visa', '123', '0223', '10', '1061968133', 'EEIBU562KZ', '588449e7c8437609a7d643b4ac7bb10d', '2019-04-17 18:55:34', '2019-04-17 18:55:34'),
(97, 79, '4111111111111111', 'Visa', '945', '0220', '35', '1071915062', 'GFE16O4QJN', '30f965e8e0601e9fa1cfa285648a7330', '2019-04-18 04:11:03', '2019-04-18 04:11:03'),
(98, 79, '4111111111111111', 'Discover', '464', '0224', '10.0', '1071923442', 'BBTJ030RNS', 'd5b2c082375b5e7b71a392db74a50f3d', '2019-04-18 06:30:43', '2019-04-18 06:30:43'),
(99, 79, '4111111111111111', 'Visa', '855', '0626', '10.0', '1071925532', 'BA9EKFOL1G', '27999278f839b7259a4edfe307261524', '2019-04-18 07:05:33', '2019-04-18 07:05:33'),
(100, 79, '4111111111111111', 'Visa', '845', '0723', '10.0', '1071926274', 'GT13ZLCDDY', 'a4825eddc28af84a10b52685b5ddbfda', '2019-04-18 07:17:55', '2019-04-18 07:17:55'),
(101, 79, '4111111111111111', 'Visa', '575', '0927', '10.0', '1071928287', 'DXQY6W60CB', 'd592690a230d212a95a5a8d64a3794d7', '2019-04-18 07:51:28', '2019-04-18 07:51:28'),
(102, 79, '4111111111111111', 'Visa', '575', '0925', '10.0', '1071928609', 'GP4SWGZWGQ', '2789d42785f87797d8473a888746700b', '2019-04-18 07:56:50', '2019-04-18 07:56:50'),
(103, 1, '4111111111111111', 'Visa', '885', '0220', '10', '1071934860', 'GM0I257H28', '88df7982d7371f7b609e028491fa224a', '2019-04-18 09:41:01', '2019-04-18 09:41:01'),
(104, 79, '4111111111111111', 'Visa', '785', '0727', '5.0', '1071935782', 'DTGK0TVFXF', '15e86f9b71a895d322246534e1f2c1d5', '2019-04-18 09:56:23', '2019-04-18 09:56:23'),
(105, 1, '4111111111111111', 'Visa', '123', '0220', '10', '1071963560', 'LY5KOQGCYW', 'c52a923cf1a1402b047b1d34bec88ecb', '2019-04-18 17:39:21', '2019-04-18 17:39:21'),
(106, 16, '4111111111111111', 'Visa', '123', '0423', '10.0', '1071965633', 'GABGUPXYV5', '1e8ff147af1fc350d462a26a6406a7e8', '2019-04-18 18:13:55', '2019-04-18 18:13:55'),
(107, 16, '4111111111111111', 'Visa', '123', '0528', '10.0', '1071965700', 'J1PBKARV21', '22ff4bcccddf8a8ceeaad219fc567924', '2019-04-18 18:15:01', '2019-04-18 18:15:01'),
(108, 1, '4111111111111111', 'Visa', '233', '0220', '10', '1071965836', 'LT369VLR6G', 'bdaa8ef4fd4c22a78ce1770a2fa6d83f', '2019-04-18 18:17:17', '2019-04-18 18:17:17'),
(109, 5, '4111111111111111', 'Visa', '123', '0622', '10.0', '1071966044', 'G8RCF2LS0Q', '4b8a45d829b7238dec2c27a24572f8e8', '2019-04-18 18:20:45', '2019-04-18 18:20:45'),
(110, 5, '4111111111111111', 'American Express', '1234', '0723', '10.0', '1071966154', 'J0574NFO8L', '95fc9dd41e92592094a10846104ac55a', '2019-04-18 18:22:35', '2019-04-18 18:22:35'),
(111, 5, '4111111111111111', 'Visa', '123', '0624', '10.0', '1071966204', 'LRJ1U89KD0', '7eca659be60900d9815c367754359e36', '2019-04-18 18:23:25', '2019-04-18 18:23:25'),
(112, 5, '4111111111111111', 'Visa', '123', '0619', '10.0', '1071966244', 'DFTD9UFP9Z', '343ce92c56ca84ae1ceae3ea5b41946a', '2019-04-18 18:24:05', '2019-04-18 18:24:05'),
(113, 1, '4111111111111111', 'Visa', '321', '0628', '5.0', '1071967532', 'LO0RV0R5BI', 'bd7041ac6b4cd9d1ec714fb34ba051b1', '2019-04-18 18:45:33', '2019-04-18 18:45:33'),
(114, 24, '4111111111111111', 'Visa', '123', '0321', '10.0', '108199018', 'FRLZMXVQ7F', '168987c80ff842af78a4c3f507c64125', '2019-04-19 02:30:19', '2019-04-19 02:30:19'),
(115, 3, '4111111111111111', 'American Express', '8555', '0424', '10.0', '1081923454', 'DJBLA0U2DU', 'd43c39f1f632355477ea2179a73965e1', '2019-04-19 06:30:56', '2019-04-19 06:30:56'),
(116, 22, '4111111111111111', 'American Express', '5555', '0224', '10.0', '1081927835', 'G9JCNV5TKB', '308b3e0c34a3173e390942fc65987060', '2019-04-19 07:43:56', '2019-04-19 07:43:56'),
(117, 3, '4111111111111111', 'Visa', '585', '0523', '10.0', '1081933612', 'LQCWJGNDAB', '493af7bea3ba4c134a26b00ce1f1ce27', '2019-04-19 09:20:13', '2019-04-19 09:20:13'),
(118, 22, '4111111111111111', 'Visa', '867', '0525', '10.0', '1081933666', 'DEN7Z2TIAQ', '0f47c48ea97989665ac0b63bd2a5c55e', '2019-04-19 09:21:07', '2019-04-19 09:21:07'),
(119, 22, '4111111111111111', 'Visa', '575', '0525', '25.0', '1081933724', 'G612ONNEBQ', 'a561b8510e8f2f53719ca349d6d00905', '2019-04-19 09:22:05', '2019-04-19 09:22:05'),
(120, 24, '4111111111111111', 'Visa', '123', '0220', '10', '1081958344', 'CX3U319EPL', 'b3be5ea3cebc9abad7b2c6e8ee19f8fa', '2019-04-19 16:12:25', '2019-04-19 16:12:25'),
(121, 1, '4111111111111111', 'Visa', '123', '0220', '45', '1081961029', 'FO3NOP9982', '12ea635e12295f324a582088e6d351b9', '2019-04-19 16:57:10', '2019-04-19 16:57:10'),
(122, 1, '4111111111111111', 'Visa', '321', '0628', '50.0', '1081961832', 'CVJPNDX7W4', '8faf40f14df1f6071b6b6b2c340df353', '2019-04-19 17:10:33', '2019-04-19 17:10:33'),
(123, 52, '4111111111111111', 'Visa', '123', '0220', '10', '1081967956', 'FKZETEKVRB', '5c39b8f8605d1547f17287bbdda9dbad', '2019-04-19 18:52:37', '2019-04-19 18:52:37'),
(124, 1, '4111111111111111', 'Visa', '123', '0320', '10', '1081968393', 'ICD9IZERVQ', 'acdff85fdc86305f98b48cef01bd37ca', '2019-04-19 18:59:54', '2019-04-19 18:59:54'),
(125, 1, '4111111111111111', 'Visa', '123', '0221', '10', '1081968483', 'CSFGS38UFD', '5f6e2ffb7e5b9736ff5ce0ef80539417', '2019-04-19 19:01:24', '2019-04-19 19:01:24'),
(126, 1, '4111111111111111', 'Visa', '123', '0321', '10', '1081968883', 'FJFADR8OXV', 'b2e82b3a8f8cd7491d44f220a8041c71', '2019-04-19 19:08:04', '2019-04-19 19:08:04'),
(127, 1, '4111111111111111', 'Visa', '123', '0220', '10', '1081972485', 'L0MVD9KAGX', '9b08b92137d47f076dd4eb34a788276d', '2019-04-19 20:08:06', '2019-04-19 20:08:06'),
(128, 30, '4111111111111111', 'Visa', '123', '0220', '10', '1091910352', 'CJ2Q677Q4Y', '5fbc6917ec96f940e5625db2eb1b0ae5', '2019-04-20 02:52:34', '2019-04-20 02:52:34'),
(129, 79, '4111111111111111', 'Visa', '755', '0526', '10.0', '1091928183', 'IX0UBAJ6TI', 'd902763ec0bc71c5183facd1a513aea0', '2019-04-20 07:49:44', '2019-04-20 07:49:44'),
(130, 22, '4111111111111111', 'American Express', '5757', '0427', '10.0', '1091933236', 'LOEP0VD2XX', 'e301a545ff6c9fa26b48b11dafffbeb6', '2019-04-20 09:13:57', '2019-04-20 09:13:57'),
(131, 30, '4111111111111111', 'Visa', '123', '0220', '10', '1091976493', 'DCP0GHJ7UW', '7d34885ae0fae78f08233155383e2e1c', '2019-04-20 21:14:54', '2019-04-20 21:14:54'),
(132, 30, '4111111111111111', 'Visa', '123', '0219', '35', '1091977147', 'G42V62D3ZB', 'c07984f76b96f1fea7ef2f623a4be175', '2019-04-20 21:25:48', '2019-04-20 21:25:48'),
(133, 30, '4111111111111111', 'Visa', '123', '0119', '10', '1091977309', 'G3OU25J2EC', '6141266e9c5cb8b0f4ae6fa0eee4f9a5', '2019-04-20 21:28:30', '2019-04-20 21:28:30'),
(134, 1, '4111111111111111', 'Visa', '233', '0119', '10', '1091977376', 'IV2ORQCYIR', '2de5755b5d71b12a00b6f68796f55ab4', '2019-04-20 21:29:37', '2019-04-20 21:29:37'),
(135, 1, '4111111111111111', 'Visa', '533', '0220', '10', '1101916835', 'IT4J866Q3M', 'a2cd6e28580fffa4b84fa3f4ae143d35', '2019-04-21 04:40:36', '2019-04-21 04:40:36'),
(136, 1, '4111111111111111', 'Visa', '533', '0220', '10', '1101916849', 'LKIDXR0M81', '621ae5c9211f938ed0ce99d394175ad8', '2019-04-21 04:40:50', '2019-04-21 04:40:50'),
(137, 31, '4111111111111111', 'Visa', '555', '0320', '10', '1101977980', 'FSDVXO7NKM', 'b1d0fb01d7dcbb833ef5fa9a57027531', '2019-04-21 21:39:41', '2019-04-21 21:39:41'),
(138, 30, '4111111111111111', 'Visa', '124', '0220', '10', '1101978070', 'IJRQN91JSP', 'ffb5129c586731d80a89fc09e0e6a221', '2019-04-21 21:41:11', '2019-04-21 21:41:11'),
(139, 30, '4111111111111111', 'Visa', '556', '0120', '10', '1101978121', 'LB5LCTVFX4', '482f1e1946292a5cfdd58228fdb0a77c', '2019-04-21 21:42:02', '2019-04-21 21:42:02'),
(140, 30, '4111111111111111', 'Visa', '123', '0220', '10', '1101978175', 'LARK8X1EC5', '786022adf3f7323dad640927fb68b5b9', '2019-04-21 21:42:56', '2019-04-21 21:42:56'),
(141, 1, '4111111111111111', 'Visa', '526', '0220', '10', '1101978251', 'CZ1VOJ7J5G', 'cf740477403b1de5c2b263a5dce19101', '2019-04-21 21:44:12', '2019-04-21 21:44:12'),
(142, 30, '4111111111111111', 'Visa', '123', '0320', '10', '1101978809', 'FQFQE41F6F', '52b33443a0ff9745ac64393e3ffd67e0', '2019-04-21 21:53:30', '2019-04-21 21:53:30'),
(143, 75, '4111111111111111', 'Visa', '111', '0125', '10.0', '111197574', 'L97FT9P7IO', '4e6d479ccb5e1fa226d471108597d367', '2019-04-22 02:06:15', '2019-04-22 02:06:15'),
(144, 76, '4111111111111111', 'Visa', '111', '0124', '10.0', '111198541', 'CXHR8VVCBZ', '5b68b8a99115f50c5cd3d2b043f15df9', '2019-04-22 02:22:22', '2019-04-22 02:22:22'),
(145, 1, '4111111111111111', 'Visa', '123', '0220', '10', '111198569', 'FOVLYGP8K3', 'ef3a921727c2977b23a261e5c441d657', '2019-04-22 02:22:50', '2019-04-22 02:22:50'),
(146, 75, '4111111111111111', 'Visa', '111', '0122', '5.0', '111198900', 'IG9GO1J4OH', '2fd7587125765ee51dbea9341470ef0c', '2019-04-22 02:28:21', '2019-04-22 02:28:21'),
(147, 75, '4111111111111111', 'Visa', '111', '0126', '15.0', '111199002', 'IFVFK4P32K', 'acc76a9e4b2c0d237149ffe2656d8322', '2019-04-22 02:30:03', '2019-04-22 02:30:03'),
(148, 76, '4111111111111111', 'Visa', '111', '0124', '15.0', '111199094', 'L79A9PIZ6Z', 'd8fc2ccf4f2572ed0f8ef52e444879e2', '2019-04-22 02:31:35', '2019-04-22 02:31:35'),
(149, 1, '4111111111111111', 'Visa', '124', '0120', '10', '1111910079', 'FMXGEWJ08D', '5be6c75bfdc19e3f476a8d0933d0afc5', '2019-04-22 02:48:01', '2019-04-22 02:48:01'),
(150, 1, '4111111111111111', 'Visa', '123', '0220', '10', '1111963803', 'HNF4NINMDX', 'c47bbb722e7cf99f320b38b93607fbbc', '2019-04-22 17:43:24', '2019-04-22 17:43:24'),
(151, 6, '4111111111111111', 'Visa', '133', '0527', '10.0', '1111969657', 'EEHW1W9MQU', 'e693346a2a27379e9628807ff3f2f00c', '2019-04-22 19:20:59', '2019-04-22 19:20:59'),
(152, 89, '4111111111111111', 'Visa', '123', '0523', '10.0', '1111969777', 'JWVKD53DB9', '71565daf1e72c17a3361c79b113de1fb', '2019-04-22 19:22:59', '2019-04-22 19:22:59'),
(153, 89, '4111111111111111', 'Visa', '123', '0525', '10.0', '1111969922', 'H3XL7WXAH2', 'de206444b9e51d919df83f0b1831faf9', '2019-04-22 19:25:23', '2019-04-22 19:25:23'),
(154, 89, '4111111111111111', 'Visa', '123', '0123', '10.0', '1111970060', 'BJLRD3XBI8', '94e56b7764ab72fd4a5e3e4cb41245f1', '2019-04-22 19:27:41', '2019-04-22 19:27:41'),
(155, 89, '4111111111111111', 'Visa', '123', '0525', '10.0', '1111970358', 'H2DGS9L3UQ', '512b799f0b8b0589da6863e0da57ede8', '2019-04-22 19:32:40', '2019-04-22 19:32:40'),
(156, 89, '4111111111111111', 'Visa', '123', '0524', '10.0', '1111970382', 'H1ZFOCR21O', '68496209bdcfeda27e724988b5e72873', '2019-04-22 19:33:03', '2019-04-22 19:33:03'),
(157, 1, '4111111111111111', 'Visa', '123', '0219', '10', '1111970586', 'JTDADXKYD7', '8cc683a780ce3e0db5878dadb8623735', '2019-04-22 19:36:27', '2019-04-22 19:36:27'),
(158, 1, '4111111111111111', 'Visa', '123', '0119', '10', '1111982728', 'GXB2DEQHYL', 'e2d4bdf751d86da78972b4c20ca68aef', '2019-04-22 22:58:49', '2019-04-22 22:58:49'),
(159, 1, '4111111111111111', 'Visa', '252', '0120', '10', '1111982798', 'JOOX2ZKE30', '1de3a740983e4b2c6367de5699af67e8', '2019-04-22 22:59:59', '2019-04-22 22:59:59'),
(160, 1, '4111111111111111', 'Visa', '225', '0120', '10', '1111982923', 'BCZ8ILQIZZ', '75b70e37f3280b673bcdf0399ef4c0f3', '2019-04-22 23:02:04', '2019-04-22 23:02:04'),
(161, 1, '4111111111111111', 'Visa', '255', '0220', '10', '1111982944', 'E4D386KF4E', 'a98cc54c1a6253b5d4d2011a757f96f5', '2019-04-22 23:02:25', '2019-04-22 23:02:25'),
(162, 24, '4111111111111111', 'Visa', '585', '0220', '10', '1111982996', 'GVQXXREBC9', 'be0160764c4c6eebc7bf0c7cc1b7c752', '2019-04-22 23:03:18', '2019-04-22 23:03:18'),
(163, 24, '4111111111111111', 'Visa', '888', '0220', '10', '1111983071', 'GVCWTUK9MW', '6528b89f4d947f5f6dae0a16cee43bc7', '2019-04-22 23:04:33', '2019-04-22 23:04:33'),
(164, 24, '4111111111111111', 'Visa', '858', '0120', '10', '1111983112', 'BBF42YEC6J', '005db48c26c7d060aa5beab0e7953a84', '2019-04-22 23:05:13', '2019-04-22 23:05:13'),
(165, 1, '4111111111111111', 'Visa', '855', '0319', '10', '1111983259', 'E2SYSJ88AY', '08bb227b46f3c60d5d671157a3444800', '2019-04-22 23:07:40', '2019-04-22 23:07:40'),
(166, 3, '4111111111111111', 'Visa', '125', '0722', '10', '1121938998', 'LPKKGHF08I', 'f65b22cf11451f89434897d8930bba48', '2019-04-23 10:49:59', '2019-04-23 10:49:59'),
(167, 1, '4111111111111111', 'Visa', '555', '0926', '10', '1121939618', 'DBIP8MKUY0', 'a0811ad1214f7b4abe6d3799fcda2456', '2019-04-23 11:00:19', '2019-04-23 11:00:19'),
(168, 1, '4111111111111111', 'Visa', '855', '0623', '10', '1121946362', 'L2YS5L0AUN', '2a8f229e2c671f020bba0fcc178f97b5', '2019-04-23 12:52:44', '2019-04-23 12:52:44'),
(169, 1, '4111111111111111', 'Visa', '859', '0525', '10', '1121947416', 'FIMYAS0BOX', '02fb436de13e30e96880573b2b801fdd', '2019-04-23 13:10:17', '2019-04-23 13:10:17'),
(170, 1, '4111111111111111', 'Visa', '888', '0625', '10', '1121950183', 'FEQN7NNUYS', '71a806bf27a7ccbcc9e080b870d83564', '2019-04-23 13:56:24', '2019-04-23 13:56:24'),
(171, 1, '4111111111111111', 'Visa', '555', '0220', '10', '1121950266', 'KXICMTBNBB', '2d558f57b367fc54fbe625b48084d6a3', '2019-04-23 13:57:47', '2019-04-23 13:57:47'),
(172, 1, '4111111111111111', 'Visa', '233', '0220', '10', '1121950291', 'CLSO2FHS4L', '30cc5094feff18baff047a44475e368f', '2019-04-23 13:58:11', '2019-04-23 13:58:11'),
(173, 3, '4111111111111111', 'Visa', '123', '0225', '10.0', '1121950295', 'FD6IS0BO5C', 'df8ec0b6ddff3d1d75424aa3294d6751', '2019-04-23 13:58:16', '2019-04-23 13:58:16'),
(174, 30, '4111111111111111', 'Visa', '222', '0221', '10', '1121950434', 'I4KDHL5KGV', 'f7b5a250562caf317390baf14cbf5c38', '2019-04-23 14:00:35', '2019-04-23 14:00:35'),
(175, 1, '4111111111111111', 'Visa', '124', '0320', '10', '1121972065', 'GR2GOR5N62', 'a79cb4df688c950a9d18bb2faf27927b', '2019-04-23 20:01:06', '2019-04-23 20:01:06'),
(176, 5, '4111111111111111', 'Visa', '123', '0422', '10.0', '1121972186', 'B6QMTY5O7G', 'a94ea98c5b2f573c40a17bda3de44578', '2019-04-23 20:03:07', '2019-04-23 20:03:07'),
(177, 5, '4111111111111111', 'Visa', '123', '0622', '10.0', '1121972333', 'DY4HJIZKBV', '789ecb9a510e9aa879555b3f5c841afe', '2019-04-23 20:05:34', '2019-04-23 20:05:34'),
(178, 5, '4111111111111111', 'Visa', '123', '0622', '10.0', '1121972478', 'DXQGFM5IIT', '9916cdb4b703f8ea8aa23b72ffb9832b', '2019-04-23 20:07:59', '2019-04-23 20:07:59'),
(179, 1, '4111111111111111', 'Visa', '555', '0320', '10', '1121972808', 'GP4B56ZEUC', 'fac04c0fcf0656e1fc9ca5769a415ec6', '2019-04-23 20:13:30', '2019-04-23 20:13:30'),
(180, 1, '4111111111111111', 'Visa', '266', '0220', '10', '1121973176', 'B4SHADZFOM', '84b4847e36300522df3afbd5d8665701', '2019-04-23 20:19:37', '2019-04-23 20:19:37'),
(181, 1, '4111111111111111', 'Visa', '966', '0221', '10', '1121973799', 'GNK6PJN80W', 'f2994493a562c0a65c4a0b63bab65a91', '2019-04-23 20:30:00', '2019-04-23 20:30:00'),
(182, 31, '4111111111111111', 'Visa', '666', '0220', '10', '1121978934', 'M3ZNI76O94', 'a81a3f38fcaa34a4e0df6cf516ef030d', '2019-04-23 21:55:35', '2019-04-23 21:55:35'),
(183, 1, '4111111111111111', 'Visa', '555', '0220', '10', '1121982707', 'GK1URB0QZV', '5f18730b92cabb6da9b92674dbaf9638', '2019-04-23 22:58:28', '2019-04-23 22:58:28'),
(184, 24, '4111111111111111', 'Visa', '123', '0424', '10.0', '1131925427', 'KESTG05CPJ', '41689bd4c25d0396ba42667a7966084b', '2019-04-24 07:03:48', '2019-04-24 07:03:48'),
(185, 24, '4111111111111111', 'Visa', '123', '0325', '10.0', '1131925537', 'KEESC3BB06', '254194201ddb9ff66c489f2d19280dac', '2019-04-24 07:05:38', '2019-04-24 07:05:38'),
(186, 1, '4111111111111111', 'Visa', '888', '0221', '10', '1131925634', 'C2P3RPHFWW', '7c39e57a567890fd53abf5d14ca8e50c', '2019-04-24 07:07:15', '2019-04-24 07:07:15'),
(187, 5, '4111111111111111', 'Visa', '123', '0420', '10.0', '1131967925', 'FKKZW9YG4S', '9f1210d3ee4a338de48b075ad960c617', '2019-04-24 18:52:06', '2019-04-24 18:52:06'),
(188, 85, '4750556092381495', 'Visa', '585', '0520', '10.0', '1141971349', 'D5O0PTLXS9', '92c20f1167c8c39cb9dc9bfdc3b43543', '2019-04-25 19:49:15', '2019-04-25 19:49:15'),
(189, 1, '4111111111111111', 'Visa', '666', '0221', '10', '1161964983', 'KD8F578W3X', '570c0d30013ed814945726eb6e4ace61', '2019-04-27 18:03:05', '2019-04-27 18:03:05'),
(190, 97, '4111111111111111', 'Visa', '528', '0222', '10.0', '1181936854', 'DEMGCN8QII', '769d1fb59ecd93f4841282d233ad261b', '2019-04-29 10:14:15', '2019-04-29 10:14:15'),
(191, 1, '4111111111111111', 'Visa', '999', '0120', '10', '1181967231', 'KND21TLXTV', 'ee1aa5e5a292d897ba4b1e6fcc237ca8', '2019-04-29 18:40:33', '2019-04-29 18:40:33'),
(192, 1, '4111111111111111', 'Visa', '666', '0220', '10', '1181975738', 'HFZXVUK4U2', '0d5032d0f3130303fb5f2ed3c8fe9237', '2019-04-29 21:02:19', '2019-04-29 21:02:19'),
(193, 1, '4111111111111111', 'Visa', '258', '0220', '10', '1181975769', 'K7DSLFE0YH', '1c8679772d366775f429eb0108b2a43d', '2019-04-29 21:02:50', '2019-04-29 21:02:50'),
(194, 23, '4111111111111111', 'Visa', '123', '0120', '10', '1191958436', 'GYUJ4OQ0Z3', 'b48ddc9d843e130ce1d66f663d47bcfd', '2019-04-30 16:13:57', '2019-04-30 16:13:57'),
(195, 24, '4111111111111111', 'Visa', '123', '0525', '10.0', '1191983019', 'LZAQGY1KCW', '4b5911a16bae1bd232c8483f25c5395f', '2019-04-30 23:03:40', '2019-04-30 23:03:40'),
(196, 1, '4111111111111111', 'Visa', '222', '0425', '10.0', '1201923289', 'H4AWOFAMM0', '50034e58c71f5c30efb867d0edaeb9a1', '2019-05-01 06:28:10', '2019-05-01 06:28:10'),
(197, 98, '4111111111111111', 'Visa', '123', '0626', '15.0', '1201927826', 'JVORE04IQF', 'b92d013b2ab5552a84d4477db986bdf0', '2019-05-01 07:43:47', '2019-05-01 07:43:47'),
(198, 98, '4111111111111111', 'Visa', '123', '0625', '50.0', '1201927879', 'BJZ2TMANG2', '04a8f13b1eafdd512381a89b4f919c3b', '2019-05-01 07:44:40', '2019-05-01 07:44:40'),
(199, 98, '4111111111111111', 'Visa', '123', '0525', '10.0', '1201927949', 'EBCXJ74JKH', '660f325dee118ced9e9206c55679261e', '2019-05-01 07:45:50', '2019-05-01 07:45:50'),
(200, 98, '4111111111111111', 'Visa', '123', '0626', '10.0', '1201928093', 'H2QS8RYFSK', '45b096cf00dda0631b8d5c85bf171a7c', '2019-05-01 07:48:14', '2019-05-01 07:48:14'),
(201, 1, '4111111111111111', 'Visa', '855', '0220', '5', '1201952047', 'B4DUH4WS93', '67822cbf296a97e78ddffd80d5b0e90d', '2019-05-01 14:27:28', '2019-05-01 14:27:28'),
(202, 88, '4111111111111111', 'Visa', '111', '0320', '10', '1211953391', 'H4AUPE6KLB', '601253f48aa1432734ce71e1d71fa248', '2019-05-02 14:49:52', '2019-05-02 14:49:52'),
(203, 1, '4111111111111111', 'Visa', '444', '0321', '10', '1211962113', 'GAAFD4SXCV', 'd4c70e888257756b47fd281bfd8e8bfb', '2019-05-02 17:15:14', '2019-05-02 17:15:14'),
(204, 1, '4111111111111111', 'Visa', '255', '0221', '10', '1211962165', 'LT24SAGPO6', '16ac8962780ac937c0e879d4e91ca37c', '2019-05-02 17:16:06', '2019-05-02 17:16:06'),
(205, 108, '4111111111111111', 'Visa', '222', '0222', '10', '1211968728', 'DBHZL84554', 'dc225b3712beb79090e4ab27f441a7c7', '2019-05-02 19:05:29', '2019-05-02 19:05:29'),
(206, 1, '4111111111111111', 'Visa', '123', '0221', '5', '1221968718', 'ESW5I5CH9B', 'f3eb09df1ac92ee51839b49e5fa3e1d8', '2019-05-03 19:05:19', '2019-05-03 19:05:19'),
(207, 1, '4111111111111111', 'Visa', '123', '0221', '5', '1221968817', 'HKA07Q6DDQ', '6e556b80bea1fa68611829474e9167cf', '2019-05-03 19:06:59', '2019-05-03 19:06:59'),
(208, 1, '4111111111111111', 'Visa', '123', '0320', '10', '1221969862', 'KBNUXB09LT', '797276c9d7d3a7a29d93b97b1c121966', '2019-05-03 19:24:23', '2019-05-03 19:24:23'),
(209, 1, '4111111111111111', 'Visa', '123', '0221', '10', '1221969928', 'BZY6CX6EF4', '5246b1b692809f36f3f208d031fe6ab8', '2019-05-03 19:25:29', '2019-05-03 19:25:29'),
(210, 1, '4111111111111111', 'Visa', '236', '0220', '10', '1221984048', 'K67FEJBM28', 'ffd54fae788f20fad4da16bd87f78db9', '2019-05-03 23:20:49', '2019-05-03 23:20:49'),
(211, 1, '4111111111111111', 'Visa', '522', '0321', '10', '1231918008', 'ELVLJQBN3M', 'c8c6f898f0f7815475fbac9d8175526b', '2019-05-04 05:00:09', '2019-05-04 05:00:09'),
(212, 1, '4111111111111111', 'Visa', '555', '0220', '10', '1231918087', 'HD9G9B5J81', '784fd4263ce08dbd2140f6bc83c59ca0', '2019-05-04 05:01:28', '2019-05-04 05:01:28'),
(213, 1, '4111111111111111', 'Visa', '280', '0321', '5', '1231918127', 'HCVF5EBHM4', 'f5a3f4ce6239218a8b559590b220e8b7', '2019-05-04 05:02:08', '2019-05-04 05:02:08'),
(214, 1, '4111111111111111', 'Visa', '258', '0220', '10', '1231918531', 'K499UZ5DQJ', 'e485b00534a65d1262bd2360d8e9c735', '2019-05-04 05:08:52', '2019-05-04 05:08:52'),
(215, 1, '4111111111111111', 'Visa', '235', '0626', '5.0', '1231921401', 'EKBH42ZGA6', '54d014908dcb2cb3ba8c530c51597b9a', '2019-05-04 05:56:42', '2019-05-04 05:56:42');

-- --------------------------------------------------------

--
-- Table structure for table `purchased_cards`
--

CREATE TABLE `purchased_cards` (
  `id` int(11) NOT NULL,
  `user_id` int(11) NOT NULL,
  `card_id` int(11) NOT NULL,
  `transaction_id` varchar(255) NOT NULL,
  `created_at` datetime NOT NULL,
  `updated_at` timestamp NOT NULL DEFAULT CURRENT_TIMESTAMP
) ENGINE=InnoDB DEFAULT CHARSET=latin1;

-- --------------------------------------------------------

--
-- Table structure for table `stores`
--

CREATE TABLE `stores` (
  `id` int(11) NOT NULL,
  `name` varchar(255) NOT NULL,
  `image` varchar(255) NOT NULL,
  `email` varchar(255) NOT NULL,
  `password` varchar(255) NOT NULL,
  `phone_number` varchar(255) NOT NULL,
  `website` varchar(255) NOT NULL,
  `latitude` varchar(255) DEFAULT NULL,
  `longitude` varchar(255) DEFAULT NULL,
  `address` varchar(255) NOT NULL,
  `city` varchar(255) NOT NULL,
  `zipcode` varchar(255) NOT NULL,
  `category_id` int(11) DEFAULT NULL,
  `is_merchant` tinyint(4) NOT NULL DEFAULT '1',
  `status` int(11) NOT NULL DEFAULT '1' COMMENT '{0:blocked_by_admin.1:enabled}',
  `recovery` varchar(255) DEFAULT NULL,
  `deleted_at` tinyint(4) DEFAULT NULL,
  `created_at` datetime NOT NULL,
  `updated_at` timestamp NOT NULL DEFAULT CURRENT_TIMESTAMP
) ENGINE=InnoDB DEFAULT CHARSET=latin1;

--
-- Dumping data for table `stores`
--

INSERT INTO `stores` (`id`, `name`, `image`, `email`, `password`, `phone_number`, `website`, `latitude`, `longitude`, `address`, `city`, `zipcode`, `category_id`, `is_merchant`, `status`, `recovery`, `deleted_at`, `created_at`, `updated_at`) VALUES
(1, 'gurpreet', 'Tkv18q7R_Desert.jpg', 'manpreet.s@richestsoft.in', 'e10adc3949ba59abbe56e057f20f883e', '8209999472', 'https://www.gift3rapp.com/', NULL, NULL, 'Mohali, Punjab, India', 'mohali', '140301', 0, 1, 1, 'wibnSBj4ScAoBawHYo6lQutmlcn6Tezm', 1, '2019-04-01 10:04:54', '2019-04-19 20:59:32'),
(2, 'Salut Kitchen Bar', 'fleEV3XV_salut-kitchen-bar-logopdf-1-638.jpg', 'bill@salutkitchenbar.com', '26fa96a97f145fbf1ae4396ad914159b', '4806253600', 'https://salutkitchenbar.com/', NULL, NULL, '1435 E. university dr.', 'Tempe', '85281', NULL, 1, 1, 'AkSuyHM8hzqiyzUnaPcnUdt5rFA6WXDR', 1, '2019-04-01 20:33:41', '2019-04-09 22:34:48'),
(3, 'Salut Kitchen Bar (Live BETA)', '4bpV32VN_Salut2.png', 'bill@salutkitchenbar.com', '913ff806677c1760501f03f62304a6de', '4806253600', 'https://salutkitchenbar.com/', NULL, NULL, '1435 E. university dr.', 'Tempe', '85281', NULL, 1, 1, 'AkSuyHM8hzqiyzUnaPcnUdt5rFA6WXDR', NULL, '2019-04-02 20:41:13', '2019-05-03 21:35:06'),
(4, '(Sunny\'s Dinner Tempe -  Coming Soon)', 'X4zK0Qor_SunnysDinner.jpg', 'aatirkas@gmail.com', '1dc0ec79f1ce0e01a7e8651c9ec739e2', '6028285240', 'https://sunnysdinertempe.com/', NULL, NULL, '826 E University Dr', 'Tempe', '85281', NULL, 1, 1, NULL, NULL, '2019-04-29 15:14:43', '2019-05-03 18:00:07'),
(5, '(KovoMedi PV - Coming Soon)', 'M0o04ep5_kovomedi2.png', 'kovomedi@gmail.com', 'e10adc3949ba59abbe56e057f20f883e', '6022375872', 'http://www.kovomedi.com/', NULL, NULL, '10625 N. Tatum Blvd', 'Phoenix', '85028', NULL, 1, 1, 'null', NULL, '2019-04-30 19:50:03', '2019-05-03 17:59:56'),
(6, 'Johny\'s Burgers (Coming Soong)', 'glgIKdJE_Johny\'sBurgers.png', 'hohnysbrg@gmail.com', 'c4383080fd80478e5d15cec61ef55d86', '4807553833', 'http://johnnysbgr.com/#anchor-u343', NULL, NULL, '3141 S. McClintoc Dr. # 13', 'Tempe', '85282', NULL, 1, 1, NULL, 1, '2019-05-01 16:38:36', '2019-05-01 16:52:50'),
(7, '(Johny\'s Burgers - Coming Soon)', 'QpdT36dx_Johny\'sBurgers.png', 'johnysbrg@gmail.com', '2bb9a7eeaf0558aaf88dcd8472434d73', '4807553833', 'http://johnnysbgr.com/', NULL, NULL, '3141 S. McClintoc Dr. # 13', 'Tempe', '85282', NULL, 1, 1, NULL, 1, '2019-05-01 16:54:32', '2019-05-01 17:00:50'),
(8, '(Johnny\'s Burgers Tempe - Coming Soon)', 'Y9lEXe7g_Johny\'sBurgers.png', 'johnnysbrg@gmail.com', 'e10adc3949ba59abbe56e057f20f883e', '4807553833', 'http://johnnysbgr.com/', NULL, NULL, '3141 S. McClintoc Dr. # 13', 'Tempe', '85282', NULL, 1, 1, 'null', NULL, '2019-05-01 17:02:38', '2019-05-03 17:59:37'),
(9, '(KovoMedi - Coming Soon)', 'U6K3oSYg_KovoMedi.png', 'kovomedi@gmail.com', '294f17837be31cfd1fe6e7890757878e', '(602) 237-5872', 'http://www.kovomedi.com/contact/', NULL, NULL, '10625 N. Tatum Blvd', 'Phoenix', '85028', NULL, 1, 1, NULL, 1, '2019-05-01 21:29:17', '2019-05-03 09:58:14'),
(10, '(WeFixIt AutoRepair Tempe - Coming Soon)', 'MISh0L8b_Wefixitt.jpg', 'info@wefixitautorepair.com', 'e10adc3949ba59abbe56e057f20f883e', '480.990.7729', 'https://wefixitautorepair.com/', NULL, NULL, '2700 N Scottsdale Rd', 'Tempe', '85281', NULL, 1, 1, 'null', NULL, '2019-05-02 19:34:40', '2019-05-03 21:30:36'),
(18, 'rahul', 'fiaZ3er6_Lighthouse.jpg', 'manpreet.s@richestsoft.in', 'fdfe54f83891ec791626cf3cbd7fb260', '8209999472', 'demo.richestsoft.in', NULL, NULL, 'Mohali, Punjab, India', 'mohali', '140301', NULL, 1, 1, NULL, 1, '2019-05-03 11:39:55', '2019-05-03 17:21:58'),
(19, 'Test Again', 'V87gOAc8_download.jpg', 'rahul.s@richestsoft.in', 'ef1a4f25a3122156b60102550bd624c5', '9855853536', 'http://demo.richestsoft.in', NULL, NULL, 'dh', 'Chandigarh', '160001', NULL, 1, 1, NULL, 1, '2019-05-03 11:57:47', '2019-05-03 17:21:51'),
(20, '(Campus Flowers Tempe - Coming Soon)', 'OAxvkmbq_campurflowers.jpeg', 'campusflowers@aol.com', '964de9c0a5ad2a21dfc89f8285e96195', '4809680389', 'https://asucampusflowers.net/', NULL, NULL, '1435 E. university dr. #110', 'Tempe', '85281', NULL, 1, 1, NULL, NULL, '2019-05-03 17:29:16', '2019-05-03 17:29:36');

-- --------------------------------------------------------

--
-- Table structure for table `transactions`
--

CREATE TABLE `transactions` (
  `id` int(11) NOT NULL,
  `mypurchasedcard_id` varchar(255) NOT NULL,
  `sender_id` int(11) DEFAULT NULL COMMENT '{user_id}',
  `receiver_id` int(11) DEFAULT NULL,
  `card_id` int(11) NOT NULL,
  `transaction_balance` double NOT NULL,
  `status` tinyint(4) NOT NULL DEFAULT '0' COMMENT '{0:self,1:gift,2:redeem_balance}',
  `bill_amount_id` int(11) DEFAULT NULL,
  `created_at` timestamp NOT NULL DEFAULT CURRENT_TIMESTAMP,
  `updated_at` datetime DEFAULT NULL
) ENGINE=InnoDB DEFAULT CHARSET=latin1;

--
-- Dumping data for table `transactions`
--

INSERT INTO `transactions` (`id`, `mypurchasedcard_id`, `sender_id`, `receiver_id`, `card_id`, `transaction_balance`, `status`, `bill_amount_id`, `created_at`, `updated_at`) VALUES
(2, '1', 3, 22, 1, 10, 5, NULL, '2019-04-06 07:18:52', '2019-04-06 07:18:52'),
(3, '2', 3, NULL, 2, 10, 0, NULL, '2019-04-06 07:19:37', '2019-04-06 07:19:37'),
(4, '2', 3, 22, 2, 10, 1, NULL, '2019-04-06 07:19:51', '2019-04-06 07:19:51'),
(5, '3', 3, NULL, 1, 10, 0, NULL, '2019-04-06 11:05:11', '2019-04-06 11:05:11'),
(6, '3', 3, 22, 1, 10, 1, NULL, '2019-04-06 11:05:23', '2019-04-06 11:05:23'),
(7, '4', 47, NULL, 1, 10, 0, NULL, '2019-04-09 11:29:53', '2019-04-09 11:29:53'),
(8, '4', 47, NULL, 1, -8, 2, 1, '2019-04-09 11:31:34', '2019-04-09 11:31:34'),
(9, '5', 1, NULL, 1, 10, 0, NULL, '2019-04-09 12:16:14', '2019-04-09 12:16:14'),
(10, '6', 1, NULL, 3, 10, 0, NULL, '2019-04-09 12:33:18', '2019-04-09 12:33:18'),
(11, '6', 1, 49, 3, 10, 1, NULL, '2019-04-09 12:33:48', '2019-04-09 12:33:48'),
(12, '7', 24, 1, 4, 10, 5, NULL, '2019-04-09 12:43:25', '2019-04-09 12:43:25'),
(13, '8', 1, NULL, 5, 10, 0, NULL, '2019-04-09 12:46:01', '2019-04-09 12:46:01'),
(14, '9', 24, NULL, 3, 10, 0, NULL, '2019-04-09 12:50:52', '2019-04-09 12:50:52'),
(15, '9', 24, 1, 3, 10, 1, NULL, '2019-04-09 12:51:14', '2019-04-09 12:51:14'),
(16, '9', 1, NULL, 3, -2.5, 2, 2, '2019-04-09 13:23:17', '2019-04-09 13:23:17'),
(17, '8', 1, 30, 5, 10, 1, NULL, '2019-04-09 19:58:54', '2019-04-09 19:58:54'),
(18, '10', 50, 1, 3, 10, 5, NULL, '2019-04-09 20:58:55', '2019-04-09 20:58:55'),
(19, '11', 50, 1, 3, 10, 5, NULL, '2019-04-09 21:00:12', '2019-04-09 21:00:12'),
(20, '12', 50, NULL, 3, 10, 0, NULL, '2019-04-09 21:00:51', '2019-04-09 21:00:51'),
(21, '10', 1, 50, 3, 10, 1, NULL, '2019-04-09 21:01:45', '2019-04-09 21:01:45'),
(22, '10', 50, NULL, 3, -9.99, 2, 3, '2019-04-09 21:02:50', '2019-04-09 21:02:50'),
(23, '10', 50, 1, 3, 0.01, 1, NULL, '2019-04-09 21:03:30', '2019-04-09 21:03:30'),
(24, '13', 51, 1, 3, 10, 5, NULL, '2019-04-09 21:12:28', '2019-04-09 21:12:28'),
(25, '14', 51, 1, 3, 10, 5, NULL, '2019-04-09 21:13:34', '2019-04-09 21:13:34'),
(26, '15', 51, NULL, 3, 10, 0, NULL, '2019-04-09 21:13:57', '2019-04-09 21:13:57'),
(27, '15', 51, NULL, 3, -2.5, 2, 2, '2019-04-09 21:15:03', '2019-04-09 21:15:03'),
(28, '16', 52, NULL, 3, 10, 0, NULL, '2019-04-09 21:41:36', '2019-04-09 21:41:36'),
(29, '16', 52, 1, 3, 10, 1, NULL, '2019-04-09 21:41:55', '2019-04-09 21:41:55'),
(30, '17', 28, 54, 1, 10, 5, NULL, '2019-04-09 21:53:32', '2019-04-09 21:53:32'),
(31, '16', 1, 28, 3, 10, 1, NULL, '2019-04-09 22:01:34', '2019-04-09 22:01:34'),
(32, '10', 1, 53, 3, 0.01, 1, NULL, '2019-04-09 22:03:31', '2019-04-09 22:03:31'),
(33, '5', 1, NULL, 1, -10, 2, 4, '2019-04-09 22:13:26', '2019-04-09 22:13:26'),
(34, '14', 1, 31, 3, 10, 1, NULL, '2019-04-09 22:13:49', '2019-04-09 22:13:49'),
(35, '13', 1, NULL, 3, -10, 2, 2, '2019-04-09 22:14:22', '2019-04-09 22:14:22'),
(36, '11', 1, NULL, 3, -10, 2, 4, '2019-04-09 22:15:40', '2019-04-09 22:15:40'),
(37, '16', 28, NULL, 3, -7.8, 2, 5, '2019-04-09 22:27:29', '2019-04-09 22:27:29'),
(38, '8', 30, 49, 5, 10, 1, NULL, '2019-04-09 23:12:50', '2019-04-09 23:12:50'),
(39, '18', 24, NULL, 6, 5, 0, NULL, '2019-04-09 23:15:49', '2019-04-09 23:15:49'),
(40, '18', 24, 30, 6, 5, 1, NULL, '2019-04-09 23:16:12', '2019-04-09 23:16:12'),
(41, '18', 30, 49, 6, 5, 1, NULL, '2019-04-09 23:17:50', '2019-04-09 23:17:50'),
(42, '19', 24, 55, 7, 15, 5, NULL, '2019-04-09 23:29:30', '2019-04-09 23:29:30'),
(43, '20', 24, NULL, 8, 25, 0, NULL, '2019-04-09 23:30:00', '2019-04-09 23:30:00'),
(44, '20', 24, 30, 8, 25, 1, NULL, '2019-04-09 23:31:35', '2019-04-09 23:31:35'),
(45, '20', 30, 49, 8, 25, 1, NULL, '2019-04-09 23:33:59', '2019-04-09 23:33:59'),
(46, '21', 24, NULL, 9, 35, 0, NULL, '2019-04-09 23:34:46', '2019-04-09 23:34:46'),
(47, '21', 24, 30, 9, 35, 1, NULL, '2019-04-09 23:35:44', '2019-04-09 23:35:44'),
(48, '22', 30, NULL, 10, 45, 0, NULL, '2019-04-09 23:36:28', '2019-04-09 23:36:28'),
(49, '22', 30, 49, 10, 45, 1, NULL, '2019-04-09 23:36:50', '2019-04-09 23:36:50'),
(50, '21', 30, NULL, 9, -15, 2, 4, '2019-04-09 23:42:41', '2019-04-09 23:42:41'),
(51, '21', 30, 1, 9, 20, 1, NULL, '2019-04-09 23:43:00', '2019-04-09 23:43:00'),
(52, '21', 1, 30, 9, 20, 1, NULL, '2019-04-09 23:43:46', '2019-04-09 23:43:46'),
(53, '23', 24, 1, 3, 10, 5, NULL, '2019-04-09 23:55:07', '2019-04-09 23:55:07'),
(54, '24', 31, 24, 3, 10, 5, NULL, '2019-04-09 23:58:54', '2019-04-09 23:58:54'),
(55, '24', 24, 1, 3, 10, 1, NULL, '2019-04-10 00:00:02', '2019-04-10 00:00:02'),
(56, '24', 1, 6, 3, 10, 1, NULL, '2019-04-10 01:00:47', '2019-04-10 01:00:47'),
(57, '25', 56, NULL, 11, 50, 0, NULL, '2019-04-10 01:43:22', '2019-04-10 01:43:22'),
(58, '26', 56, 57, 4, 10, 5, NULL, '2019-04-10 01:55:26', '2019-04-10 01:55:26'),
(59, '27', 58, NULL, 4, 10, 0, NULL, '2019-04-10 03:25:36', '2019-04-10 03:25:36'),
(60, '28', 1, 59, 7, 15, 5, NULL, '2019-04-10 03:36:09', '2019-04-10 03:36:09'),
(61, '7', 1, 58, 4, 10, 1, NULL, '2019-04-10 03:45:23', '2019-04-10 03:45:23'),
(62, '29', 1, 58, 3, 10, 5, NULL, '2019-04-10 03:46:32', '2019-04-10 03:46:32'),
(63, '29', 58, 60, 3, 10, 1, NULL, '2019-04-10 03:52:07', '2019-04-10 03:52:07'),
(64, '30', 24, NULL, 3, 10, 0, NULL, '2019-04-10 13:15:49', '2019-04-10 13:15:49'),
(65, '30', 24, NULL, 3, -10, 2, 2, '2019-04-10 13:16:19', '2019-04-10 13:16:19'),
(66, '31', 24, 1, 3, 10, 5, NULL, '2019-04-10 16:05:19', '2019-04-10 16:05:19'),
(67, '32', 16, NULL, 3, 10, 0, NULL, '2019-04-10 17:38:29', '2019-04-10 17:38:29'),
(68, '32', 16, 1, 3, 10, 1, NULL, '2019-04-10 17:38:47', '2019-04-10 17:38:47'),
(69, '32', 1, 16, 3, 10, 1, NULL, '2019-04-10 17:39:14', '2019-04-10 17:39:14'),
(70, '32', 16, NULL, 3, -10, 2, 2, '2019-04-10 17:40:32', '2019-04-10 17:40:32'),
(71, '33', 52, 16, 3, 10, 5, NULL, '2019-04-10 17:50:16', '2019-04-10 17:50:16'),
(72, '34', 16, 61, 3, 10, 5, NULL, '2019-04-10 17:52:45', '2019-04-10 17:52:45'),
(73, '33', 16, 52, 3, 10, 1, NULL, '2019-04-10 17:55:08', '2019-04-10 17:55:08'),
(74, '33', 52, 1, 3, 10, 1, NULL, '2019-04-10 17:57:33', '2019-04-10 17:57:33'),
(75, '35', 52, 1, 3, 10, 5, NULL, '2019-04-10 17:58:47', '2019-04-10 17:58:47'),
(76, '36', 5, 1, 3, 10, 5, NULL, '2019-04-10 18:08:27', '2019-04-10 18:08:27'),
(77, '37', 5, NULL, 3, 10, 0, NULL, '2019-04-10 18:09:03', '2019-04-10 18:09:03'),
(78, '37', 5, 16, 3, 10, 1, NULL, '2019-04-10 18:09:29', '2019-04-10 18:09:29'),
(79, '38', 16, 62, 3, 10, 5, NULL, '2019-04-10 18:15:01', '2019-04-10 18:15:01'),
(80, '39', 16, 62, 3, 10, 5, NULL, '2019-04-10 18:21:55', '2019-04-10 18:21:55'),
(81, '9', 1, 5, 3, 7.5, 1, NULL, '2019-04-10 18:23:55', '2019-04-10 18:23:55'),
(82, '9', 5, 1, 3, 7.5, 1, NULL, '2019-04-10 18:24:36', '2019-04-10 18:24:36'),
(83, '40', 52, NULL, 3, 10, 0, NULL, '2019-04-10 18:37:39', '2019-04-10 18:37:39'),
(84, '40', 52, NULL, 3, -2.5, 2, 2, '2019-04-10 18:38:07', '2019-04-10 18:38:07'),
(85, '41', 1, NULL, 3, 10, 0, NULL, '2019-04-10 18:43:21', '2019-04-10 18:43:21'),
(86, '41', 1, NULL, 3, -10, 2, 6, '2019-04-10 18:44:41', '2019-04-10 18:44:41'),
(87, '36', 1, NULL, 3, -5, 2, 2, '2019-04-10 19:33:03', '2019-04-10 19:33:03'),
(88, '35', 1, NULL, 3, -5, 2, 2, '2019-04-10 19:33:57', '2019-04-10 19:33:57'),
(89, '23', 1, NULL, 3, -3, 2, 8, '2019-04-10 19:45:21', '2019-04-10 19:45:21'),
(90, '42', 1, 52, 4, 10, 5, NULL, '2019-04-10 20:59:04', '2019-04-10 20:59:04'),
(91, '43', 1, NULL, 1, 10, 0, NULL, '2019-04-11 05:15:48', '2019-04-11 05:15:48'),
(92, '43', 1, 22, 1, 10, 1, NULL, '2019-04-11 05:16:11', '2019-04-11 05:16:11'),
(93, '44', 3, 22, 3, 10, 5, NULL, '2019-04-11 06:06:59', '2019-04-11 06:06:59'),
(94, '36', 1, 22, 3, 5, 1, NULL, '2019-04-11 12:09:10', '2019-04-11 12:09:10'),
(95, '36', 1, 22, 3, 10, 1, NULL, '2019-04-11 12:10:35', '2019-04-11 12:10:35'),
(96, '36', 22, 1, 3, 15, 1, NULL, '2019-04-11 12:11:55', '2019-04-11 12:11:55'),
(97, '44', 22, 24, 3, 10, 1, NULL, '2019-04-11 12:12:21', '2019-04-11 12:12:21'),
(98, '43', 22, 1, 1, 10, 1, NULL, '2019-04-11 12:13:25', '2019-04-11 12:13:25'),
(99, '3', 22, 1, 1, 10, 1, NULL, '2019-04-11 12:13:59', '2019-04-11 12:13:59'),
(100, '3', 1, 22, 1, 10, 1, NULL, '2019-04-11 12:15:02', '2019-04-11 12:15:02'),
(101, '35', 1, 22, 3, 5, 1, NULL, '2019-04-11 12:15:29', '2019-04-11 12:15:29'),
(102, '35', 22, 1, 3, 5, 1, NULL, '2019-04-11 12:20:48', '2019-04-11 12:20:48'),
(103, '3', 22, 1, 1, 10, 1, NULL, '2019-04-11 12:21:25', '2019-04-11 12:21:25'),
(104, '2', 22, 1, 2, 10, 1, NULL, '2019-04-11 12:21:52', '2019-04-11 12:21:52'),
(105, '2', 1, 22, 2, 10, 1, NULL, '2019-04-11 12:22:29', '2019-04-11 12:22:29'),
(106, '3', 1, 22, 1, 10, 1, NULL, '2019-04-11 12:30:18', '2019-04-11 12:30:18'),
(107, '45', 22, 54, 1, 10, 5, NULL, '2019-04-11 12:31:49', '2019-04-11 12:31:49'),
(108, '46', 22, 54, 1, 10, 5, NULL, '2019-04-11 12:38:07', '2019-04-11 12:38:07'),
(109, '47', 22, 1, 1, 10, 5, NULL, '2019-04-11 12:47:07', '2019-04-11 12:47:07'),
(110, '47', 1, 22, 1, 10, 1, NULL, '2019-04-11 12:48:04', '2019-04-11 12:48:04'),
(111, '48', 1, NULL, 3, 10, 0, NULL, '2019-04-11 13:00:59', '2019-04-11 13:00:59'),
(112, '48', 1, 22, 3, 10, 1, NULL, '2019-04-11 13:01:24', '2019-04-11 13:01:24'),
(113, '43', 1, 22, 1, 10, 1, NULL, '2019-04-11 13:11:21', '2019-04-11 13:11:21'),
(114, '48', 22, 1, 3, 10, 1, NULL, '2019-04-11 13:12:36', '2019-04-11 13:12:36'),
(115, '48', 1, 22, 3, 10, 1, NULL, '2019-04-11 13:13:10', '2019-04-11 13:13:10'),
(116, '48', 22, 1, 3, 10, 1, NULL, '2019-04-11 13:13:40', '2019-04-11 13:13:40'),
(117, '48', 1, 63, 3, 10, 1, NULL, '2019-04-11 14:11:05', '2019-04-11 14:11:05'),
(118, '35', 1, 64, 3, 5, 1, NULL, '2019-04-11 14:12:03', '2019-04-11 14:12:03'),
(119, '43', 22, 1, 1, 10, 1, NULL, '2019-04-11 14:13:27', '2019-04-11 14:13:27'),
(120, '43', 1, 65, 1, 10, 1, NULL, '2019-04-11 14:18:07', '2019-04-11 14:18:07'),
(121, '47', 22, 66, 1, 10, 1, NULL, '2019-04-11 14:23:39', '2019-04-11 14:23:39'),
(122, '36', 1, 67, 3, 5, 1, NULL, '2019-04-11 14:24:03', '2019-04-11 14:24:03'),
(123, '3', 22, 1, 1, 10, 1, NULL, '2019-04-11 14:26:06', '2019-04-11 14:26:06'),
(124, '23', 1, 22, 3, 7, 1, NULL, '2019-04-11 14:27:44', '2019-04-11 14:27:44'),
(125, '3', 1, 22, 1, 10, 1, NULL, '2019-04-11 14:31:34', '2019-04-11 14:31:34'),
(126, '14', 31, 1, 3, 10, 1, NULL, '2019-04-11 14:57:53', '2019-04-11 14:57:53'),
(127, '49', 1, NULL, 3, 10, 0, NULL, '2019-04-11 16:08:14', '2019-04-11 16:08:14'),
(128, '44', 24, 1, 3, 10, 1, NULL, '2019-04-11 16:08:29', '2019-04-11 16:08:29'),
(129, '50', 1, NULL, 4, 10, 0, NULL, '2019-04-11 16:11:43', '2019-04-11 16:11:43'),
(130, '50', 1, NULL, 4, -10, 2, 9, '2019-04-11 16:13:08', '2019-04-11 16:13:08'),
(131, '44', 1, 2, 3, 10, 1, NULL, '2019-04-11 16:17:58', '2019-04-11 16:17:58'),
(132, '49', 1, 28, 3, 10, 1, NULL, '2019-04-11 16:18:40', '2019-04-11 16:18:40'),
(133, '31', 1, NULL, 3, -8, 2, 2, '2019-04-11 17:21:49', '2019-04-11 17:21:49'),
(134, '51', 5, NULL, 3, 10, 0, NULL, '2019-04-11 17:47:06', '2019-04-11 17:47:06'),
(135, '51', 5, NULL, 3, -10, 2, 2, '2019-04-11 17:47:44', '2019-04-11 17:47:44'),
(136, '52', 5, NULL, 3, 10, 0, NULL, '2019-04-11 17:48:11', '2019-04-11 17:48:11'),
(137, '52', 5, 1, 3, 10, 1, NULL, '2019-04-11 17:48:31', '2019-04-11 17:48:31'),
(138, '53', 5, 1, 3, 10, 5, NULL, '2019-04-11 17:49:20', '2019-04-11 17:49:20'),
(139, '54', 5, 1, 8, 25, 5, NULL, '2019-04-11 17:50:54', '2019-04-11 17:50:54'),
(140, '55', 5, 16, 3, 10, 5, NULL, '2019-04-11 17:52:06', '2019-04-11 17:52:06'),
(141, '55', 16, 5, 3, 10, 1, NULL, '2019-04-11 17:59:30', '2019-04-11 17:59:30'),
(142, '37', 16, 5, 3, 10, 1, NULL, '2019-04-11 18:00:04', '2019-04-11 18:00:04'),
(143, '55', 5, NULL, 3, -5.5, 2, 3, '2019-04-11 18:01:00', '2019-04-11 18:01:00'),
(144, '55', 5, NULL, 3, -4.5, 2, 2, '2019-04-11 18:01:25', '2019-04-11 18:01:25'),
(145, '56', 5, 16, 9, 35, 5, NULL, '2019-04-11 18:02:00', '2019-04-11 18:02:00'),
(146, '37', 5, 1, 3, 10, 1, NULL, '2019-04-11 18:02:52', '2019-04-11 18:02:52'),
(147, '37', 1, 16, 3, 10, 1, NULL, '2019-04-11 18:04:28', '2019-04-11 18:04:28'),
(148, '33', 1, 16, 3, 10, 1, NULL, '2019-04-11 18:05:01', '2019-04-11 18:05:01'),
(149, '33', 16, 52, 3, 10, 1, NULL, '2019-04-11 18:07:16', '2019-04-11 18:07:16'),
(150, '37', 16, 52, 3, 10, 1, NULL, '2019-04-11 18:07:32', '2019-04-11 18:07:32'),
(151, '56', 16, 52, 9, 35, 1, NULL, '2019-04-11 18:07:44', '2019-04-11 18:07:44'),
(152, '57', 1, 68, 3, 10, 5, NULL, '2019-04-11 18:19:49', '2019-04-11 18:19:49'),
(153, '58', 69, 1, 3, 10, 5, NULL, '2019-04-11 21:07:57', '2019-04-11 21:07:57'),
(154, '59', 69, NULL, 3, 10, 0, NULL, '2019-04-11 21:08:23', '2019-04-11 21:08:23'),
(155, '58', 1, 69, 3, 10, 1, NULL, '2019-04-11 21:08:54', '2019-04-11 21:08:54'),
(156, '54', 1, NULL, 8, -15, 2, 2, '2019-04-12 00:29:12', '2019-04-12 00:29:12'),
(157, '54', 1, NULL, 8, -5.75, 2, 10, '2019-04-12 00:33:31', '2019-04-12 00:33:31'),
(158, '14', 1, 31, 3, 10, 1, NULL, '2019-04-12 01:42:44', '2019-04-12 01:42:44'),
(159, '14', 31, NULL, 3, -5.5, 2, 11, '2019-04-12 01:47:02', '2019-04-12 01:47:02'),
(160, '60', 31, 28, 5, 10, 5, NULL, '2019-04-12 01:49:22', '2019-04-12 01:49:22'),
(161, '53', 1, NULL, 3, -2, 2, 12, '2019-04-12 06:24:55', '2019-04-12 06:24:55'),
(162, '53', 1, NULL, 3, -6, 2, 13, '2019-04-12 06:25:31', '2019-04-12 06:25:31'),
(163, '3', 22, NULL, 1, -5, 2, 14, '2019-04-12 06:27:45', '2019-04-12 06:27:45'),
(164, '53', 1, NULL, 3, -1, 2, 15, '2019-04-12 10:50:29', '2019-04-12 10:50:29'),
(165, '53', 1, NULL, 3, -1, 2, 16, '2019-04-12 10:52:50', '2019-04-12 10:52:50'),
(166, '48', 63, NULL, 3, -5, 2, 17, '2019-04-12 11:17:15', '2019-04-12 11:17:15'),
(167, '61', 63, NULL, 2, 10, 0, NULL, '2019-04-12 11:18:02', '2019-04-12 11:18:02'),
(168, '61', 63, NULL, 2, -8, 2, 18, '2019-04-12 11:18:39', '2019-04-12 11:18:39'),
(169, '3', 22, NULL, 1, -2, 2, 19, '2019-04-12 11:36:03', '2019-04-12 11:36:03'),
(170, '3', 22, NULL, 1, -0, 2, 20, '2019-04-12 11:57:19', '2019-04-12 11:57:19'),
(171, '54', 1, NULL, 8, -0.42, 2, 21, '2019-04-12 12:07:16', '2019-04-12 12:07:16'),
(172, '54', 1, NULL, 8, -3.83, 2, 22, '2019-04-12 12:15:47', '2019-04-12 12:15:47'),
(173, '52', 1, NULL, 3, -10, 2, 23, '2019-04-12 12:17:34', '2019-04-12 12:17:34'),
(174, '31', 1, 22, 3, 2, 1, NULL, '2019-04-12 12:28:25', '2019-04-12 12:28:25'),
(175, '3', 22, 1, 1, 3, 1, NULL, '2019-04-12 12:51:38', '2019-04-12 12:51:38'),
(176, '3', 22, 1, 1, 10, 1, NULL, '2019-04-12 12:52:19', '2019-04-12 12:52:19'),
(177, '3', 22, 1, 1, 10, 1, NULL, '2019-04-12 12:58:08', '2019-04-12 12:58:08'),
(178, '31', 22, 1, 3, 2, 1, NULL, '2019-04-12 13:01:14', '2019-04-12 13:01:14'),
(179, '23', 22, 1, 3, 7, 1, NULL, '2019-04-12 13:02:19', '2019-04-12 13:02:19'),
(180, '2', 22, 1, 2, 10, 1, NULL, '2019-04-12 13:02:47', '2019-04-12 13:02:47'),
(181, '2', 1, NULL, 2, -4.5, 2, 24, '2019-04-12 13:24:23', '2019-04-12 13:24:23'),
(182, '4', 47, NULL, 1, -0.2, 2, 25, '2019-04-12 13:27:35', '2019-04-12 13:27:35'),
(183, '4', 47, NULL, 1, -0.79, 2, 26, '2019-04-12 13:28:11', '2019-04-12 13:28:11'),
(184, '4', 47, NULL, 1, -1.01, 2, 25, '2019-04-12 13:49:27', '2019-04-12 13:49:27'),
(185, '62', 47, NULL, 1, 10, 0, NULL, '2019-04-12 13:50:01', '2019-04-12 13:50:01'),
(186, '63', 24, NULL, 3, 10, 0, NULL, '2019-04-12 17:06:39', '2019-04-12 17:06:39'),
(187, '64', 1, NULL, 3, 10, 0, NULL, '2019-04-12 17:09:17', '2019-04-12 17:09:17'),
(188, '64', 1, 2, 3, 10, 1, NULL, '2019-04-12 17:10:50', '2019-04-12 17:10:50'),
(189, '63', 24, NULL, 3, -3.5, 2, 27, '2019-04-12 17:11:51', '2019-04-12 17:11:51'),
(190, '3', 1, NULL, 1, -23, 2, 9, '2019-04-12 17:13:18', '2019-04-12 17:13:18'),
(191, '65', 1, NULL, 3, 10, 0, NULL, '2019-04-12 17:57:22', '2019-04-12 17:57:22'),
(192, '65', 1, NULL, 3, -10, 2, 28, '2019-04-12 17:58:04', '2019-04-12 17:58:04'),
(193, '23', 1, 71, 3, 7, 1, NULL, '2019-04-12 18:52:00', '2019-04-12 18:52:00'),
(194, '66', 5, 1, 3, 10, 5, NULL, '2019-04-12 20:08:19', '2019-04-12 20:08:19'),
(195, '67', 5, NULL, 3, 10, 0, NULL, '2019-04-12 20:09:33', '2019-04-12 20:09:33'),
(196, '67', 5, NULL, 3, -3.5, 2, 2, '2019-04-12 20:10:27', '2019-04-12 20:10:27'),
(197, '67', 5, 1, 3, 6.5, 1, NULL, '2019-04-12 20:11:34', '2019-04-12 20:11:34'),
(198, '68', 5, NULL, 3, 10, 0, NULL, '2019-04-12 20:12:53', '2019-04-12 20:12:53'),
(199, '68', 5, NULL, 3, -10, 2, 2, '2019-04-12 20:13:08', '2019-04-12 20:13:08'),
(200, '69', 5, 50, 3, 10, 5, NULL, '2019-04-12 20:13:55', '2019-04-12 20:13:55'),
(201, '67', 1, 5, 3, 6.5, 1, NULL, '2019-04-12 20:14:16', '2019-04-12 20:14:16'),
(202, '66', 1, NULL, 3, -5.75, 2, 2, '2019-04-12 20:23:27', '2019-04-12 20:23:27'),
(203, '56', 52, NULL, 9, -25, 2, 2, '2019-04-12 20:38:12', '2019-04-12 20:38:12'),
(204, '56', 52, NULL, 9, -10, 2, 30, '2019-04-12 20:40:28', '2019-04-12 20:40:28'),
(205, '37', 52, 1, 3, 10, 1, NULL, '2019-04-12 20:40:58', '2019-04-12 20:40:58'),
(206, '37', 1, 28, 3, 10, 1, NULL, '2019-04-12 20:44:30', '2019-04-12 20:44:30'),
(207, '66', 1, 52, 3, 4.25, 1, NULL, '2019-04-12 20:46:27', '2019-04-12 20:46:27'),
(208, '21', 30, 1, 9, 20, 1, NULL, '2019-04-12 20:47:40', '2019-04-12 20:47:40'),
(209, '70', 72, 1, 3, 10, 5, NULL, '2019-04-12 21:25:22', '2019-04-12 21:25:22'),
(210, '70', 1, 72, 3, 10, 1, NULL, '2019-04-12 21:26:36', '2019-04-12 21:26:36'),
(211, '71', 1, 73, 3, 10, 5, NULL, '2019-04-12 23:15:49', '2019-04-12 23:15:49'),
(212, '72', 23, 74, 4, 10, 5, NULL, '2019-04-12 23:36:46', '2019-04-12 23:36:46'),
(213, '73', 23, NULL, 4, 10, 0, NULL, '2019-04-12 23:38:10', '2019-04-12 23:38:10'),
(214, '73', 23, NULL, 4, -9.43, 2, 2, '2019-04-12 23:39:07', '2019-04-12 23:39:07'),
(215, '21', 1, 23, 9, 20, 1, NULL, '2019-04-13 00:05:10', '2019-04-13 00:05:10'),
(216, '63', 24, NULL, 3, -0.5, 2, 31, '2019-04-13 00:59:40', '2019-04-13 00:59:40'),
(217, '63', 24, 1, 3, 6, 1, NULL, '2019-04-13 01:00:19', '2019-04-13 01:00:19'),
(218, '63', 1, NULL, 3, -6, 2, 2, '2019-04-13 01:01:16', '2019-04-13 01:01:16'),
(219, '2', 1, NULL, 2, -5.5, 2, 32, '2019-04-13 06:09:06', '2019-04-13 06:09:06'),
(220, '71', 73, 1, 3, 10, 1, NULL, '2019-04-13 15:05:24', '2019-04-13 15:05:24'),
(221, '74', 30, NULL, 3, 10, 0, NULL, '2019-04-13 15:38:47', '2019-04-13 15:38:47'),
(222, '74', 30, NULL, 3, -4.99, 2, 2, '2019-04-13 15:39:27', '2019-04-13 15:39:27'),
(223, '74', 30, NULL, 3, -5.01, 2, 33, '2019-04-13 15:39:54', '2019-04-13 15:39:54'),
(224, '75', 30, 1, 3, 10, 5, NULL, '2019-04-13 15:40:34', '2019-04-13 15:40:34'),
(225, '75', 1, NULL, 3, -5, 2, 2, '2019-04-13 15:49:02', '2019-04-13 15:49:02'),
(226, '75', 1, 31, 3, 5, 1, NULL, '2019-04-13 15:49:22', '2019-04-13 15:49:22'),
(227, '62', 47, NULL, 1, -0.5, 2, 23, '2019-04-13 15:52:21', '2019-04-13 15:52:21'),
(228, '76', 24, 30, 3, 10, 5, NULL, '2019-04-13 15:52:29', '2019-04-13 15:52:29'),
(229, '62', 47, NULL, 1, -0.95, 2, 34, '2019-04-13 15:52:37', '2019-04-13 15:52:37'),
(230, '62', 47, NULL, 1, -8.55, 2, 35, '2019-04-13 15:53:06', '2019-04-13 15:53:06'),
(231, '76', 30, NULL, 3, -10, 2, 3, '2019-04-13 15:53:21', '2019-04-13 15:53:21'),
(232, '77', 1, 24, 3, 10, 5, NULL, '2019-04-13 15:54:08', '2019-04-13 15:54:08'),
(233, '77', 24, NULL, 3, -5.5, 2, 36, '2019-04-13 15:54:48', '2019-04-13 15:54:48'),
(234, '37', 28, NULL, 3, -10, 2, 2, '2019-04-13 16:16:25', '2019-04-13 16:16:25'),
(235, '16', 28, NULL, 3, -2.2, 2, 2, '2019-04-13 16:16:53', '2019-04-13 16:16:53'),
(236, '14', 31, NULL, 3, -2.5, 2, 37, '2019-04-13 16:27:44', '2019-04-13 16:27:44'),
(237, '14', 31, NULL, 3, -2, 2, 38, '2019-04-13 16:27:54', '2019-04-13 16:27:54'),
(238, '75', 31, 1, 3, 5, 1, NULL, '2019-04-13 16:28:11', '2019-04-13 16:28:11'),
(239, '78', 31, 28, 3, 10, 5, NULL, '2019-04-13 16:30:08', '2019-04-13 16:30:08'),
(240, '75', 1, 31, 3, 5, 1, NULL, '2019-04-13 16:30:50', '2019-04-13 16:30:50'),
(241, '77', 24, 1, 3, 4.5, 1, NULL, '2019-04-13 16:34:13', '2019-04-13 16:34:13'),
(242, '9', 1, NULL, 3, -7.5, 2, 27, '2019-04-13 16:40:02', '2019-04-13 16:40:02'),
(243, '31', 1, NULL, 3, -2, 2, 39, '2019-04-13 16:40:41', '2019-04-13 16:40:41'),
(244, '71', 1, NULL, 3, -10, 2, 27, '2019-04-13 16:41:06', '2019-04-13 16:41:06'),
(245, '77', 1, NULL, 3, -4.5, 2, 40, '2019-04-13 16:51:03', '2019-04-13 16:51:03'),
(246, '79', 73, 1, 7, 15, 5, NULL, '2019-04-13 21:53:22', '2019-04-13 21:53:22'),
(247, '80', 75, 76, 5, 10, 5, NULL, '2019-04-14 20:34:06', '2019-04-14 20:34:06'),
(248, '81', 75, 76, 1, 10, 5, NULL, '2019-04-14 20:46:59', '2019-04-14 20:46:59'),
(249, '82', 24, 30, 3, 10, 5, NULL, '2019-04-14 22:16:40', '2019-04-14 22:16:40'),
(250, '83', 24, NULL, 7, 15, 0, NULL, '2019-04-14 22:25:24', '2019-04-14 22:25:24'),
(251, '83', 24, NULL, 7, -12.5, 2, 41, '2019-04-14 22:25:45', '2019-04-14 22:25:45'),
(252, '83', 24, 31, 7, 2.5, 1, NULL, '2019-04-14 22:26:15', '2019-04-14 22:26:15'),
(253, '84', 73, 1, 6, 5, 5, NULL, '2019-04-14 22:36:42', '2019-04-14 22:36:42'),
(254, '85', 1, NULL, 3, 10, 0, NULL, '2019-04-14 22:47:52', '2019-04-14 22:47:52'),
(255, '85', 1, 77, 3, 10, 1, NULL, '2019-04-14 22:48:08', '2019-04-14 22:48:08'),
(256, '84', 1, NULL, 6, -2, 2, 42, '2019-04-15 13:36:39', '2019-04-15 13:36:39'),
(257, '79', 1, NULL, 7, -15, 2, 2, '2019-04-15 13:50:35', '2019-04-15 13:50:35'),
(258, '86', 1, NULL, 3, 10, 0, NULL, '2019-04-15 14:35:07', '2019-04-15 14:35:07'),
(259, '86', 1, NULL, 3, -4.85, 2, 40, '2019-04-15 19:12:48', '2019-04-15 19:12:48'),
(260, '86', 1, NULL, 3, -5.15, 2, 40, '2019-04-15 19:13:04', '2019-04-15 19:13:04'),
(261, '87', 1, 78, 3, 10, 5, NULL, '2019-04-15 19:56:54', '2019-04-15 19:56:54'),
(262, '88', 78, 1, 3, 10, 5, NULL, '2019-04-15 19:57:11', '2019-04-15 19:57:11'),
(263, '88', 1, NULL, 3, -5.5, 2, 43, '2019-04-15 20:01:02', '2019-04-15 20:01:02'),
(264, '87', 78, NULL, 3, -5.5, 2, 2, '2019-04-15 20:01:04', '2019-04-15 20:01:04'),
(265, '89', 1, 78, 3, 10, 5, NULL, '2019-04-15 20:04:33', '2019-04-15 20:04:33'),
(266, '90', 78, 1, 3, 10, 5, NULL, '2019-04-15 20:05:18', '2019-04-15 20:05:18'),
(267, '88', 1, NULL, 3, -0.5, 2, 43, '2019-04-15 21:18:39', '2019-04-15 21:18:39'),
(268, '88', 1, NULL, 3, -0.69, 2, 44, '2019-04-15 21:19:10', '2019-04-15 21:19:10'),
(269, '78', 28, 31, 3, 10, 1, NULL, '2019-04-15 22:05:12', '2019-04-15 22:05:12'),
(270, '60', 28, NULL, 5, -10, 2, 2, '2019-04-16 03:49:56', '2019-04-16 03:49:56'),
(271, '49', 28, NULL, 3, -10, 2, 46, '2019-04-16 03:51:10', '2019-04-16 03:51:10'),
(272, '91', 1, NULL, 1, 10, 0, NULL, '2019-04-17 12:04:03', '2019-04-17 12:04:03'),
(273, '92', 79, NULL, 3, 10, 0, NULL, '2019-04-17 12:38:47', '2019-04-17 12:38:47'),
(274, '92', 79, 80, 3, 10, 1, NULL, '2019-04-17 12:39:21', '2019-04-17 12:39:21'),
(275, '93', 79, NULL, 1, 10, 0, NULL, '2019-04-17 12:41:48', '2019-04-17 12:41:48'),
(276, '94', 79, NULL, 3, 10, 0, NULL, '2019-04-17 12:45:50', '2019-04-17 12:45:50'),
(277, '91', 1, 79, 1, 10, 1, NULL, '2019-04-17 12:47:43', '2019-04-17 12:47:43'),
(278, '91', 1, 79, 1, 10, 1, NULL, '2019-04-17 12:48:26', '2019-04-17 12:48:26'),
(279, '88', 1, 22, 3, 3.31, 1, NULL, '2019-04-17 12:49:39', '2019-04-17 12:49:39'),
(280, '95', 1, NULL, 3, 10, 0, NULL, '2019-04-17 12:50:16', '2019-04-17 12:50:16'),
(281, '95', 1, 22, 3, 10, 1, NULL, '2019-04-17 12:50:28', '2019-04-17 12:50:28'),
(282, '95', 1, 79, 3, 10, 1, NULL, '2019-04-17 12:50:42', '2019-04-17 12:50:42'),
(283, '95', 79, NULL, 3, -10, 2, 2, '2019-04-17 12:55:03', '2019-04-17 12:55:03'),
(284, '84', 1, NULL, 6, -2.25, 2, 3, '2019-04-17 13:08:55', '2019-04-17 13:08:55'),
(285, '96', 1, 58, 3, 10, 5, NULL, '2019-04-17 18:55:34', '2019-04-17 18:55:34'),
(286, '91', 79, NULL, 1, -20, 2, 2, '2019-04-18 03:46:40', '2019-04-18 03:46:40'),
(287, '97', 79, NULL, 9, 35, 0, NULL, '2019-04-18 04:11:03', '2019-04-18 04:11:03'),
(288, '97', 79, 81, 9, 35, 1, NULL, '2019-04-18 04:14:28', '2019-04-18 04:14:28'),
(289, '98', 79, 82, 1, 10, 5, NULL, '2019-04-18 06:30:44', '2019-04-18 06:30:44'),
(290, '94', 79, 83, 3, 10, 1, NULL, '2019-04-18 06:32:55', '2019-04-18 06:32:55'),
(291, '93', 79, NULL, 1, -10, 2, 2, '2019-04-18 06:40:53', '2019-04-18 06:40:53'),
(292, '99', 79, NULL, 3, 10, 0, NULL, '2019-04-18 07:05:34', '2019-04-18 07:05:34'),
(293, '99', 79, NULL, 3, -10, 2, 2, '2019-04-18 07:06:51', '2019-04-18 07:06:51'),
(294, '100', 79, NULL, 1, 10, 0, NULL, '2019-04-18 07:17:55', '2019-04-18 07:17:55'),
(295, '100', 79, NULL, 1, -5.55, 2, 2, '2019-04-18 07:24:20', '2019-04-18 07:24:20'),
(296, '100', 79, NULL, 1, -0.45, 2, 48, '2019-04-18 07:44:37', '2019-04-18 07:44:37'),
(297, '100', 79, NULL, 1, -0.3, 2, 49, '2019-04-18 07:45:01', '2019-04-18 07:45:01'),
(298, '100', 79, NULL, 1, -2.07, 2, 50, '2019-04-18 07:45:55', '2019-04-18 07:45:55'),
(299, '100', 79, NULL, 1, -0.03, 2, 51, '2019-04-18 07:46:54', '2019-04-18 07:46:54'),
(300, '100', 79, NULL, 1, -0.06, 2, 52, '2019-04-18 07:47:26', '2019-04-18 07:47:26'),
(301, '100', 79, NULL, 1, -0.54, 2, 53, '2019-04-18 07:48:19', '2019-04-18 07:48:19'),
(302, '100', 79, NULL, 1, -0.6, 2, 54, '2019-04-18 07:48:44', '2019-04-18 07:48:44'),
(303, '100', 79, NULL, 1, -0.16, 2, 55, '2019-04-18 07:50:15', '2019-04-18 07:50:15'),
(304, '101', 79, NULL, 1, 10, 0, NULL, '2019-04-18 07:51:29', '2019-04-18 07:51:29'),
(305, '101', 79, NULL, 1, -4.56, 2, 56, '2019-04-18 07:52:02', '2019-04-18 07:52:02'),
(306, '101', 79, NULL, 1, -0.44, 2, 57, '2019-04-18 07:52:24', '2019-04-18 07:52:24'),
(307, '101', 79, NULL, 1, -0.05, 2, 58, '2019-04-18 07:52:40', '2019-04-18 07:52:40'),
(308, '101', 79, NULL, 1, -0.95, 2, 59, '2019-04-18 07:53:02', '2019-04-18 07:53:02'),
(309, '101', 79, NULL, 1, -2, 2, 60, '2019-04-18 07:53:38', '2019-04-18 07:53:38'),
(310, '101', 79, NULL, 1, -0.02, 2, 60, '2019-04-18 07:54:00', '2019-04-18 07:54:00'),
(311, '101', 79, NULL, 1, -0.9, 2, 61, '2019-04-18 07:55:18', '2019-04-18 07:55:18'),
(312, '101', 79, NULL, 1, -0.08, 2, 62, '2019-04-18 07:55:46', '2019-04-18 07:55:46'),
(313, '102', 79, NULL, 1, 10, 0, NULL, '2019-04-18 07:56:50', '2019-04-18 07:56:50'),
(314, '102', 79, NULL, 1, -1.06, 2, 63, '2019-04-18 07:57:38', '2019-04-18 07:57:38'),
(315, '102', 79, NULL, 1, -0.94, 2, 64, '2019-04-18 07:58:03', '2019-04-18 07:58:03'),
(316, '102', 79, NULL, 1, -0.6, 2, 65, '2019-04-18 07:58:30', '2019-04-18 07:58:30'),
(317, '102', 79, NULL, 1, -0.04, 2, 66, '2019-04-18 07:58:59', '2019-04-18 07:58:59'),
(318, '102', 79, NULL, 1, -0.06, 2, 67, '2019-04-18 07:59:41', '2019-04-18 07:59:41'),
(319, '102', 79, NULL, 1, -0.06, 2, 68, '2019-04-18 08:01:34', '2019-04-18 08:01:34'),
(320, '102', 79, NULL, 1, -0.04, 2, 69, '2019-04-18 08:01:56', '2019-04-18 08:01:56'),
(321, '102', 79, NULL, 1, -0.2, 2, 56, '2019-04-18 08:02:20', '2019-04-18 08:02:20'),
(322, '102', 79, NULL, 1, -1.84, 2, 60, '2019-04-18 08:03:18', '2019-04-18 08:03:18'),
(323, '102', 79, NULL, 1, -1.84, 2, 60, '2019-04-18 08:03:21', '2019-04-18 08:03:21'),
(324, '102', 79, NULL, 1, -0.32, 2, 60, '2019-04-18 08:03:55', '2019-04-18 08:03:55'),
(325, '102', 79, NULL, 1, -0.02, 2, 60, '2019-04-18 08:04:49', '2019-04-18 08:04:49'),
(326, '102', 79, NULL, 1, -0.52, 2, 70, '2019-04-18 08:05:22', '2019-04-18 08:05:22'),
(327, '84', 1, 79, 6, 0.75, 1, NULL, '2019-04-18 09:39:30', '2019-04-18 09:39:30'),
(328, '103', 1, 79, 3, 10, 5, NULL, '2019-04-18 09:41:01', '2019-04-18 09:41:01'),
(329, '104', 79, 1, 6, 5, 5, NULL, '2019-04-18 09:56:24', '2019-04-18 09:56:24'),
(330, '104', 1, 79, 6, 5, 1, NULL, '2019-04-18 10:58:24', '2019-04-18 10:58:24'),
(331, '105', 1, 52, 3, 10, 5, NULL, '2019-04-18 17:39:21', '2019-04-18 17:39:21'),
(332, '106', 16, NULL, 1, 10, 0, NULL, '2019-04-18 18:13:55', '2019-04-18 18:13:55'),
(333, '106', 16, NULL, 1, -5, 2, 2, '2019-04-18 18:14:21', '2019-04-18 18:14:21'),
(334, '107', 16, 1, 3, 10, 5, NULL, '2019-04-18 18:15:02', '2019-04-18 18:15:02'),
(335, '106', 16, 84, 1, 5, 1, NULL, '2019-04-18 18:16:21', '2019-04-18 18:16:21'),
(336, '108', 1, 5, 3, 10, 5, NULL, '2019-04-18 18:17:17', '2019-04-18 18:17:17'),
(337, '109', 5, 16, 3, 10, 5, NULL, '2019-04-18 18:20:46', '2019-04-18 18:20:46'),
(338, '108', 5, 16, 3, 10, 1, NULL, '2019-04-18 18:21:10', '2019-04-18 18:21:10'),
(339, '67', 5, 1, 3, 6.5, 1, NULL, '2019-04-18 18:21:33', '2019-04-18 18:21:33'),
(340, '110', 5, 1, 3, 10, 5, NULL, '2019-04-18 18:22:36', '2019-04-18 18:22:36'),
(341, '111', 5, NULL, 3, 10, 0, NULL, '2019-04-18 18:23:26', '2019-04-18 18:23:26'),
(342, '111', 5, 16, 3, 10, 1, NULL, '2019-04-18 18:23:45', '2019-04-18 18:23:45'),
(343, '112', 5, NULL, 3, 10, 0, NULL, '2019-04-18 18:24:05', '2019-04-18 18:24:05'),
(344, '112', 5, NULL, 3, -9.63, 2, 36, '2019-04-18 18:24:35', '2019-04-18 18:24:35'),
(345, '108', 16, 5, 3, 10, 1, NULL, '2019-04-18 18:25:37', '2019-04-18 18:25:37'),
(346, '111', 16, 1, 3, 10, 1, NULL, '2019-04-18 18:25:49', '2019-04-18 18:25:49'),
(347, '108', 5, 16, 3, 10, 1, NULL, '2019-04-18 18:29:24', '2019-04-18 18:29:24'),
(348, '109', 16, NULL, 3, -10, 2, 43, '2019-04-18 18:31:52', '2019-04-18 18:31:52'),
(349, '108', 16, NULL, 3, -10, 2, 71, '2019-04-18 18:32:11', '2019-04-18 18:32:11'),
(350, '113', 1, NULL, 6, 5, 0, NULL, '2019-04-18 18:45:34', '2019-04-18 18:45:34'),
(351, '113', 1, NULL, 6, -5, 2, 72, '2019-04-18 18:46:28', '2019-04-18 18:46:28'),
(352, '111', 1, NULL, 3, -5, 2, 74, '2019-04-18 18:49:23', '2019-04-18 18:49:23'),
(353, '111', 1, NULL, 3, -5, 2, 2, '2019-04-19 01:20:29', '2019-04-19 01:20:29'),
(354, '110', 1, 49, 3, 10, 1, NULL, '2019-04-19 02:27:03', '2019-04-19 02:27:03'),
(355, '114', 24, NULL, 3, 10, 0, NULL, '2019-04-19 02:30:19', '2019-04-19 02:30:19'),
(356, '115', 3, NULL, 1, 10, 0, NULL, '2019-04-19 06:30:58', '2019-04-19 06:30:58'),
(357, '115', 3, 22, 1, 10, 1, NULL, '2019-04-19 06:31:29', '2019-04-19 06:31:29'),
(358, '115', 22, 3, 1, 10, 1, NULL, '2019-04-19 06:32:47', '2019-04-19 06:32:47'),
(359, '95', 22, 3, 3, 10, 1, NULL, '2019-04-19 06:37:17', '2019-04-19 06:37:17'),
(360, '95', 3, 22, 3, 10, 1, NULL, '2019-04-19 06:38:01', '2019-04-19 06:38:01'),
(361, '115', 3, 22, 1, 10, 1, NULL, '2019-04-19 06:39:46', '2019-04-19 06:39:46'),
(362, '115', 22, 3, 1, 10, 1, NULL, '2019-04-19 06:40:15', '2019-04-19 06:40:15'),
(363, '115', 3, 22, 1, 10, 1, NULL, '2019-04-19 06:49:44', '2019-04-19 06:49:44'),
(364, '115', 22, 3, 1, 10, 1, NULL, '2019-04-19 06:50:36', '2019-04-19 06:50:36'),
(365, '115', 3, 22, 1, 10, 1, NULL, '2019-04-19 06:59:40', '2019-04-19 06:59:40'),
(366, '115', 22, 3, 1, 10, 1, NULL, '2019-04-19 07:00:21', '2019-04-19 07:00:21'),
(367, '95', 22, 3, 3, 10, 1, NULL, '2019-04-19 07:03:57', '2019-04-19 07:03:57'),
(368, '116', 22, NULL, 1, 10, 0, NULL, '2019-04-19 07:43:57', '2019-04-19 07:43:57'),
(369, '117', 3, NULL, 1, 10, 0, NULL, '2019-04-19 09:20:14', '2019-04-19 09:20:14'),
(370, '118', 22, NULL, 1, 10, 0, NULL, '2019-04-19 09:21:07', '2019-04-19 09:21:07'),
(371, '119', 22, 64, 8, 25, 5, NULL, '2019-04-19 09:22:06', '2019-04-19 09:22:06'),
(372, '117', 3, NULL, 1, -5, 2, 76, '2019-04-19 10:08:26', '2019-04-19 10:08:26'),
(373, '117', 3, 22, 1, 5, 1, NULL, '2019-04-19 11:27:48', '2019-04-19 11:27:48'),
(374, '117', 22, 3, 1, 5, 1, NULL, '2019-04-19 11:29:24', '2019-04-19 11:29:24'),
(375, '117', 3, 22, 1, 5, 1, NULL, '2019-04-19 11:32:14', '2019-04-19 11:32:14'),
(376, '118', 22, 3, 1, 10, 1, NULL, '2019-04-19 11:33:41', '2019-04-19 11:33:41'),
(377, '104', 79, 3, 6, 5, 1, NULL, '2019-04-19 11:34:53', '2019-04-19 11:34:53'),
(378, '103', 79, 3, 3, 10, 1, NULL, '2019-04-19 12:11:16', '2019-04-19 12:11:16'),
(379, '102', 79, 3, 1, 2.46, 1, NULL, '2019-04-19 12:11:31', '2019-04-19 12:11:31'),
(380, '84', 79, 3, 6, 0.75, 1, NULL, '2019-04-19 12:11:58', '2019-04-19 12:11:58'),
(381, '67', 1, NULL, 3, -6.5, 2, 2, '2019-04-19 15:32:52', '2019-04-19 15:32:52'),
(382, '107', 1, NULL, 3, -5.85, 2, 77, '2019-04-19 15:33:41', '2019-04-19 15:33:41'),
(383, '107', 1, NULL, 3, -4.15, 2, 78, '2019-04-19 15:55:14', '2019-04-19 15:55:14'),
(384, '120', 24, 30, 3, 10, 5, NULL, '2019-04-19 16:12:25', '2019-04-19 16:12:25'),
(385, '78', 31, 1, 3, 10, 1, NULL, '2019-04-19 16:14:30', '2019-04-19 16:14:30'),
(386, '114', 24, 1, 3, 10, 1, NULL, '2019-04-19 16:16:19', '2019-04-19 16:16:19'),
(387, '114', 1, 28, 3, 10, 1, NULL, '2019-04-19 16:56:35', '2019-04-19 16:56:35'),
(388, '121', 1, 28, 10, 45, 5, NULL, '2019-04-19 16:57:11', '2019-04-19 16:57:11'),
(389, '122', 1, NULL, 11, 50, 0, NULL, '2019-04-19 17:10:33', '2019-04-19 17:10:33'),
(390, '122', 1, NULL, 11, -50, 2, 79, '2019-04-19 17:19:55', '2019-04-19 17:19:55'),
(391, '78', 1, 2, 3, 10, 1, NULL, '2019-04-19 17:32:07', '2019-04-19 17:32:07'),
(392, '114', 28, NULL, 3, -10, 2, 81, '2019-04-19 17:40:33', '2019-04-19 17:40:33'),
(393, '123', 52, 16, 3, 10, 5, NULL, '2019-04-19 18:52:37', '2019-04-19 18:52:37'),
(394, '40', 52, 1, 3, 7.5, 1, NULL, '2019-04-19 18:52:55', '2019-04-19 18:52:55'),
(395, '40', 1, 52, 3, 7.5, 1, NULL, '2019-04-19 18:55:07', '2019-04-19 18:55:07'),
(396, '40', 1, 16, 3, 10, 1, NULL, '2019-04-19 18:55:31', '2019-04-19 18:55:31'),
(397, '40', 16, 5, 3, 10, 1, NULL, '2019-04-19 18:56:32', '2019-04-19 18:56:32'),
(398, '40', 5, 16, 3, 10, 1, NULL, '2019-04-19 18:57:42', '2019-04-19 18:57:42'),
(399, '40', 16, 1, 3, 10, 1, NULL, '2019-04-19 18:58:38', '2019-04-19 18:58:38'),
(400, '90', 1, 5, 3, 10, 1, NULL, '2019-04-19 18:59:22', '2019-04-19 18:59:22'),
(401, '124', 1, 16, 3, 10, 5, NULL, '2019-04-19 18:59:54', '2019-04-19 18:59:54'),
(402, '125', 1, 5, 3, 10, 5, NULL, '2019-04-19 19:01:24', '2019-04-19 19:01:24'),
(403, '126', 1, NULL, 3, 10, 0, NULL, '2019-04-19 19:08:04', '2019-04-19 19:08:04'),
(404, '127', 1, NULL, 3, 10, 0, NULL, '2019-04-19 20:08:07', '2019-04-19 20:08:07'),
(405, '126', 1, 86, 3, 10, 1, NULL, '2019-04-19 22:12:53', '2019-04-19 22:12:53'),
(406, '128', 30, 31, 3, 10, 5, NULL, '2019-04-20 02:52:34', '2019-04-20 02:52:34'),
(407, '82', 30, 1, 3, 10, 1, NULL, '2019-04-20 02:52:49', '2019-04-20 02:52:49'),
(408, '129', 79, NULL, 3, 10, 0, NULL, '2019-04-20 07:49:45', '2019-04-20 07:49:45'),
(409, '130', 22, 1, 3, 10, 5, NULL, '2019-04-20 09:13:57', '2019-04-20 09:13:57'),
(410, '116', 22, NULL, 1, -0.46, 2, 2, '2019-04-20 09:14:46', '2019-04-20 09:14:46'),
(411, '117', 22, 1, 1, 5, 1, NULL, '2019-04-20 09:57:31', '2019-04-20 09:57:31'),
(412, '88', 22, NULL, 3, -0.33, 2, 82, '2019-04-20 10:09:09', '2019-04-20 10:09:09'),
(413, '116', 22, NULL, 1, -1, 2, 83, '2019-04-20 10:10:05', '2019-04-20 10:10:05'),
(414, '116', 22, NULL, 1, -0.85, 2, 84, '2019-04-20 10:10:30', '2019-04-20 10:10:30'),
(415, '131', 30, NULL, 3, 10, 0, NULL, '2019-04-20 21:14:54', '2019-04-20 21:14:54'),
(416, '120', 30, 1, 3, 10, 1, NULL, '2019-04-20 21:15:33', '2019-04-20 21:15:33'),
(417, '120', 1, 30, 3, 10, 1, NULL, '2019-04-20 21:16:10', '2019-04-20 21:16:10'),
(418, '120', 30, NULL, 3, -10, 2, 85, '2019-04-20 21:20:50', '2019-04-20 21:20:50'),
(419, '131', 30, NULL, 3, -10, 2, 86, '2019-04-20 21:25:03', '2019-04-20 21:25:03'),
(420, '132', 30, 1, 9, 35, 5, NULL, '2019-04-20 21:25:49', '2019-04-20 21:25:49'),
(421, '132', 1, NULL, 9, -35, 2, 87, '2019-04-20 21:26:23', '2019-04-20 21:26:23'),
(422, '117', 1, NULL, 1, -5, 2, 88, '2019-04-20 21:26:56', '2019-04-20 21:26:56'),
(423, '130', 1, NULL, 3, -2.5, 2, 78, '2019-04-20 21:27:30', '2019-04-20 21:27:30'),
(424, '133', 30, 1, 3, 10, 5, NULL, '2019-04-20 21:28:30', '2019-04-20 21:28:30'),
(425, '134', 1, 30, 3, 10, 5, NULL, '2019-04-20 21:29:37', '2019-04-20 21:29:37'),
(426, '135', 1, 58, 3, 10, 5, NULL, '2019-04-21 04:40:50', '2019-04-21 04:40:50'),
(427, '136', 1, 58, 3, 10, 5, NULL, '2019-04-21 04:43:20', '2019-04-21 04:43:20'),
(428, '133', 1, 31, 3, 10, 1, NULL, '2019-04-21 20:32:12', '2019-04-21 20:32:12'),
(429, '133', 1, 24, 3, 10, 1, NULL, '2019-04-21 20:32:24', '2019-04-21 20:32:24'),
(430, '82', 1, 30, 3, 10, 1, NULL, '2019-04-21 20:32:40', '2019-04-21 20:32:40'),
(431, '137', 31, 1, 3, 10, 5, NULL, '2019-04-21 21:39:41', '2019-04-21 21:39:41'),
(432, '138', 30, 1, 3, 10, 5, NULL, '2019-04-21 21:41:11', '2019-04-21 21:41:11'),
(433, '134', 30, 1, 3, 10, 1, NULL, '2019-04-21 21:41:30', '2019-04-21 21:41:30'),
(434, '139', 30, 1, 3, 10, 5, NULL, '2019-04-21 21:42:02', '2019-04-21 21:42:02'),
(435, '82', 30, 1, 3, 10, 1, NULL, '2019-04-21 21:42:22', '2019-04-21 21:42:22'),
(436, '140', 30, 1, 3, 10, 5, NULL, '2019-04-21 21:42:56', '2019-04-21 21:42:56'),
(437, '140', 1, 30, 3, 10, 1, NULL, '2019-04-21 21:43:29', '2019-04-21 21:43:29'),
(438, '141', 1, 30, 3, 10, 5, NULL, '2019-04-21 21:44:12', '2019-04-21 21:44:12'),
(439, '141', 30, 24, 3, 10, 1, NULL, '2019-04-21 21:52:30', '2019-04-21 21:52:30'),
(440, '142', 30, 24, 3, 10, 5, NULL, '2019-04-21 21:53:30', '2019-04-21 21:53:30'),
(441, '141', 24, 87, 3, 10, 1, NULL, '2019-04-21 21:54:35', '2019-04-21 21:54:35'),
(442, '141', 24, 31, 3, 10, 1, NULL, '2019-04-21 21:54:59', '2019-04-21 21:54:59'),
(443, '133', 24, NULL, 3, -10, 2, 78, '2019-04-21 21:56:03', '2019-04-21 21:56:03'),
(444, '75', 31, NULL, 3, -5, 2, 35, '2019-04-21 21:59:57', '2019-04-21 21:59:57'),
(445, '143', 75, 76, 4, 10, 5, NULL, '2019-04-22 02:06:15', '2019-04-22 02:06:15'),
(446, '82', 1, 75, 3, 10, 1, NULL, '2019-04-22 02:22:22', '2019-04-22 02:22:22'),
(447, '144', 76, 75, 3, 10, 5, NULL, '2019-04-22 02:22:23', '2019-04-22 02:22:23'),
(448, '145', 1, 75, 3, 10, 5, NULL, '2019-04-22 02:22:51', '2019-04-22 02:22:51'),
(449, '127', 1, 30, 3, 10, 1, NULL, '2019-04-22 02:23:04', '2019-04-22 02:23:04'),
(450, '146', 75, 76, 6, 5, 5, NULL, '2019-04-22 02:28:21', '2019-04-22 02:28:21'),
(451, '147', 75, 76, 7, 15, 5, NULL, '2019-04-22 02:30:03', '2019-04-22 02:30:03'),
(452, '148', 76, 75, 7, 15, 5, NULL, '2019-04-22 02:31:35', '2019-04-22 02:31:35'),
(453, '148', 75, 76, 7, 15, 1, NULL, '2019-04-22 02:45:09', '2019-04-22 02:45:09'),
(454, '145', 75, 76, 3, 10, 1, NULL, '2019-04-22 02:45:57', '2019-04-22 02:45:57'),
(455, '139', 1, 75, 3, 10, 1, NULL, '2019-04-22 02:47:31', '2019-04-22 02:47:31'),
(456, '149', 1, 75, 3, 10, 5, NULL, '2019-04-22 02:48:01', '2019-04-22 02:48:01'),
(457, '138', 1, 88, 3, 10, 1, NULL, '2019-04-22 17:22:40', '2019-04-22 17:22:40'),
(458, '134', 1, 31, 3, 10, 1, NULL, '2019-04-22 17:42:53', '2019-04-22 17:42:53'),
(459, '150', 1, 31, 3, 10, 5, NULL, '2019-04-22 17:43:24', '2019-04-22 17:43:24'),
(460, '24', 6, 89, 3, 10, 1, NULL, '2019-04-22 19:20:11', '2019-04-22 19:20:11'),
(461, '151', 6, 89, 3, 10, 5, NULL, '2019-04-22 19:20:59', '2019-04-22 19:20:59'),
(462, '152', 89, 6, 3, 10, 5, NULL, '2019-04-22 19:22:59', '2019-04-22 19:22:59'),
(463, '151', 89, 6, 3, 10, 1, NULL, '2019-04-22 19:23:29', '2019-04-22 19:23:29'),
(464, '24', 89, 90, 3, 10, 1, NULL, '2019-04-22 19:23:41', '2019-04-22 19:23:41'),
(465, '153', 89, 1, 3, 10, 5, NULL, '2019-04-22 19:25:23', '2019-04-22 19:25:23'),
(466, '153', 1, 89, 3, 10, 1, NULL, '2019-04-22 19:25:54', '2019-04-22 19:25:54'),
(467, '153', 89, 6, 3, 10, 1, NULL, '2019-04-22 19:26:45', '2019-04-22 19:26:45'),
(468, '154', 89, 1, 3, 10, 5, NULL, '2019-04-22 19:27:41', '2019-04-22 19:27:41'),
(469, '154', 1, 6, 3, 10, 1, NULL, '2019-04-22 19:30:57', '2019-04-22 19:30:57'),
(470, '155', 89, 6, 3, 10, 5, NULL, '2019-04-22 19:32:40', '2019-04-22 19:32:40'),
(471, '156', 89, NULL, 3, 10, 0, NULL, '2019-04-22 19:33:03', '2019-04-22 19:33:03'),
(472, '154', 1, 30, 3, 10, 1, NULL, '2019-04-22 19:33:36', '2019-04-22 19:33:36'),
(473, '137', 1, 89, 3, 10, 1, NULL, '2019-04-22 19:34:46', '2019-04-22 19:34:46'),
(474, '130', 1, 6, 3, 7.5, 1, NULL, '2019-04-22 19:35:03', '2019-04-22 19:35:03'),
(475, '157', 1, 30, 3, 10, 5, NULL, '2019-04-22 19:36:27', '2019-04-22 19:36:27'),
(476, '158', 1, NULL, 3, 10, 0, NULL, '2019-04-22 22:58:49', '2019-04-22 22:58:49'),
(477, '158', 1, 31, 3, 10, 1, NULL, '2019-04-22 22:59:10', '2019-04-22 22:59:10'),
(478, '159', 1, 24, 3, 10, 5, NULL, '2019-04-22 23:00:00', '2019-04-22 23:00:00'),
(479, '160', 1, 24, 3, 10, 5, NULL, '2019-04-22 23:02:04', '2019-04-22 23:02:04'),
(480, '161', 1, NULL, 3, 10, 0, NULL, '2019-04-22 23:02:25', '2019-04-22 23:02:25'),
(481, '162', 24, 1, 3, 10, 5, NULL, '2019-04-22 23:03:18', '2019-04-22 23:03:18'),
(482, '160', 24, 1, 3, 10, 1, NULL, '2019-04-22 23:03:55', '2019-04-22 23:03:55'),
(483, '163', 24, 1, 3, 10, 5, NULL, '2019-04-22 23:04:33', '2019-04-22 23:04:33'),
(484, '164', 24, 1, 3, 10, 5, NULL, '2019-04-22 23:05:13', '2019-04-22 23:05:13'),
(485, '159', 24, 1, 3, 10, 1, NULL, '2019-04-22 23:05:27', '2019-04-22 23:05:27'),
(486, '159', 1, 24, 3, 10, 1, NULL, '2019-04-22 23:05:59', '2019-04-22 23:05:59'),
(487, '159', 1, 31, 3, 10, 1, NULL, '2019-04-22 23:07:02', '2019-04-22 23:07:02'),
(488, '165', 1, 31, 3, 10, 5, NULL, '2019-04-22 23:07:41', '2019-04-22 23:07:41'),
(489, '84', 3, 22, 6, 0.75, 1, NULL, '2019-04-23 09:34:35', '2019-04-23 09:34:35'),
(490, '102', 3, 22, 1, 2.46, 1, NULL, '2019-04-23 09:37:07', '2019-04-23 09:37:07'),
(491, '103', 3, 66, 3, 10, 1, NULL, '2019-04-23 09:41:50', '2019-04-23 09:41:50'),
(492, '115', 3, 22, 1, 10, 1, NULL, '2019-04-23 09:47:17', '2019-04-23 09:47:17'),
(493, '104', 3, 22, 6, 5, 1, NULL, '2019-04-23 09:49:03', '2019-04-23 09:49:03'),
(494, '104', 22, 91, 6, 5, 1, NULL, '2019-04-23 09:49:43', '2019-04-23 09:49:43'),
(495, '118', 3, 22, 1, 10, 1, NULL, '2019-04-23 09:58:35', '2019-04-23 09:58:35'),
(496, '166', 3, NULL, 3, 10, 0, NULL, '2019-04-23 10:49:59', '2019-04-23 10:49:59'),
(497, '164', 1, 3, 3, 10, 1, NULL, '2019-04-23 10:50:53', '2019-04-23 10:50:53'),
(498, '164', 1, 3, 3, 10, 1, NULL, '2019-04-23 10:58:10', '2019-04-23 10:58:10'),
(499, '167', 1, 3, 3, 10, 5, NULL, '2019-04-23 11:00:20', '2019-04-23 11:00:20'),
(500, '168', 1, 3, 3, 10, 5, NULL, '2019-04-23 12:52:44', '2019-04-23 12:52:44'),
(501, '163', 1, 3, 3, 10, 1, NULL, '2019-04-23 13:08:57', '2019-04-23 13:08:57'),
(502, '160', 1, 3, 3, 10, 1, NULL, '2019-04-23 13:09:20', '2019-04-23 13:09:20'),
(503, '169', 1, 3, 3, 10, 5, NULL, '2019-04-23 13:10:18', '2019-04-23 13:10:18'),
(504, '161', 1, NULL, 3, -10, 2, 41, '2019-04-23 13:54:45', '2019-04-23 13:54:45'),
(505, '162', 1, 3, 3, 10, 1, NULL, '2019-04-23 13:55:39', '2019-04-23 13:55:39'),
(506, '170', 1, 3, 3, 10, 5, NULL, '2019-04-23 13:56:24', '2019-04-23 13:56:24'),
(507, '171', 1, 30, 3, 10, 5, NULL, '2019-04-23 13:57:48', '2019-04-23 13:57:48'),
(508, '172', 1, NULL, 3, 10, 0, NULL, '2019-04-23 13:58:12', '2019-04-23 13:58:12'),
(509, '173', 3, 22, 3, 10, 5, NULL, '2019-04-23 13:58:16', '2019-04-23 13:58:16'),
(510, '172', 1, 30, 3, 10, 1, NULL, '2019-04-23 13:58:23', '2019-04-23 13:58:23'),
(511, '172', 30, 1, 3, 10, 1, NULL, '2019-04-23 14:00:04', '2019-04-23 14:00:04'),
(512, '174', 30, 1, 3, 10, 5, NULL, '2019-04-23 14:00:35', '2019-04-23 14:00:35'),
(513, '174', 1, 16, 3, 10, 1, NULL, '2019-04-23 20:00:33', '2019-04-23 20:00:33'),
(514, '175', 1, 16, 3, 10, 5, NULL, '2019-04-23 20:01:06', '2019-04-23 20:01:06'),
(515, '125', 5, 16, 3, 10, 1, NULL, '2019-04-23 20:02:15', '2019-04-23 20:02:15'),
(516, '176', 5, 16, 3, 10, 5, NULL, '2019-04-23 20:03:07', '2019-04-23 20:03:07'),
(517, '176', 16, 5, 3, 10, 1, NULL, '2019-04-23 20:03:59', '2019-04-23 20:03:59'),
(518, '125', 16, 5, 3, 10, 1, NULL, '2019-04-23 20:04:16', '2019-04-23 20:04:16'),
(519, '177', 5, 16, 3, 10, 5, NULL, '2019-04-23 20:05:35', '2019-04-23 20:05:35'),
(520, '125', 5, 16, 3, 10, 1, NULL, '2019-04-23 20:06:05', '2019-04-23 20:06:05'),
(521, '176', 5, 1, 3, 10, 1, NULL, '2019-04-23 20:06:31', '2019-04-23 20:06:31'),
(522, '112', 5, 16, 3, 0.37, 1, NULL, '2019-04-23 20:07:28', '2019-04-23 20:07:28'),
(523, '178', 5, 16, 3, 10, 5, NULL, '2019-04-23 20:08:00', '2019-04-23 20:08:00'),
(524, '178', 16, 5, 3, 10, 1, NULL, '2019-04-23 20:08:35', '2019-04-23 20:08:35'),
(525, '112', 16, 5, 3, 0.37, 1, NULL, '2019-04-23 20:08:51', '2019-04-23 20:08:51'),
(526, '124', 16, 1, 3, 10, 1, NULL, '2019-04-23 20:10:17', '2019-04-23 20:10:17'),
(527, '172', 1, 5, 3, 10, 1, NULL, '2019-04-23 20:11:04', '2019-04-23 20:11:04'),
(528, '172', 5, 1, 3, 10, 1, NULL, '2019-04-23 20:11:31', '2019-04-23 20:11:31'),
(529, '172', 1, 52, 3, 10, 1, NULL, '2019-04-23 20:12:52', '2019-04-23 20:12:52'),
(530, '179', 1, 52, 3, 10, 5, NULL, '2019-04-23 20:13:30', '2019-04-23 20:13:30'),
(531, '124', 1, 30, 3, 10, 1, NULL, '2019-04-23 20:13:49', '2019-04-23 20:13:49'),
(532, '124', 1, 52, 3, 10, 1, NULL, '2019-04-23 20:16:27', '2019-04-23 20:16:27'),
(533, '176', 1, 52, 3, 10, 1, NULL, '2019-04-23 20:19:06', '2019-04-23 20:19:06'),
(534, '180', 1, 52, 3, 10, 5, NULL, '2019-04-23 20:19:37', '2019-04-23 20:19:37'),
(535, '181', 1, NULL, 3, 10, 0, NULL, '2019-04-23 20:30:00', '2019-04-23 20:30:00'),
(536, '165', 31, 1, 3, 10, 1, NULL, '2019-04-23 21:41:41', '2019-04-23 21:41:41'),
(537, '182', 31, 1, 3, 10, 5, NULL, '2019-04-23 21:55:35', '2019-04-23 21:55:35'),
(538, '182', 1, 92, 3, 10, 1, NULL, '2019-04-23 22:57:07', '2019-04-23 22:57:07'),
(539, '181', 1, 92, 3, 10, 1, NULL, '2019-04-23 22:57:36', '2019-04-23 22:57:36'),
(540, '183', 1, 92, 3, 10, 5, NULL, '2019-04-23 22:58:28', '2019-04-23 22:58:28'),
(541, '184', 24, NULL, 4, 10, 0, NULL, '2019-04-24 07:03:48', '2019-04-24 07:03:48'),
(542, '142', 24, 1, 3, 10, 1, NULL, '2019-04-24 07:04:18', '2019-04-24 07:04:18'),
(543, '185', 24, 1, 3, 10, 5, NULL, '2019-04-24 07:05:38', '2019-04-24 07:05:38'),
(544, '165', 1, 49, 3, 10, 1, NULL, '2019-04-24 07:06:15', '2019-04-24 07:06:15'),
(545, '186', 1, 49, 3, 10, 5, NULL, '2019-04-24 07:07:15', '2019-04-24 07:07:15'),
(546, '142', 1, 49, 3, 10, 1, NULL, '2019-04-24 07:08:03', '2019-04-24 07:08:03'),
(547, '184', 24, NULL, 4, -3.5, 2, 90, '2019-04-24 18:11:20', '2019-04-24 18:11:20'),
(548, '187', 5, 16, 3, 10, 5, NULL, '2019-04-24 18:52:07', '2019-04-24 18:52:07'),
(549, '90', 5, 16, 3, 10, 1, NULL, '2019-04-24 18:52:24', '2019-04-24 18:52:24'),
(550, '90', 16, 5, 3, 10, 1, NULL, '2019-04-24 18:53:18', '2019-04-24 18:53:18'),
(551, '178', 5, 16, 3, 10, 1, NULL, '2019-04-24 18:53:54', '2019-04-24 18:53:54'),
(552, '178', 16, 1, 3, 10, 1, NULL, '2019-04-24 18:54:15', '2019-04-24 18:54:15'),
(553, '112', 5, 1, 3, 0.37, 1, NULL, '2019-04-24 18:54:29', '2019-04-24 18:54:29'),
(554, '90', 5, NULL, 3, -5, 2, 91, '2019-04-24 18:55:04', '2019-04-24 18:55:04'),
(555, '112', 1, NULL, 3, -0.37, 2, 92, '2019-04-24 23:03:53', '2019-04-24 23:03:53'),
(556, '178', 1, 93, 3, 10, 1, NULL, '2019-04-24 23:04:35', '2019-04-24 23:04:35'),
(557, '188', 85, 1, 3, 10, 5, NULL, '2019-04-25 19:49:15', '2019-04-25 19:49:15'),
(558, '189', 1, NULL, 4, 10, 0, NULL, '2019-04-27 18:03:05', '2019-04-27 18:03:05'),
(559, '189', 1, NULL, 4, -10, 2, 47, '2019-04-27 18:57:17', '2019-04-27 18:57:17'),
(560, '188', 1, 94, 3, 10, 1, NULL, '2019-04-27 19:24:55', '2019-04-27 19:24:55'),
(561, '185', 1, NULL, 3, -5, 2, 94, '2019-04-29 03:22:58', '2019-04-29 03:22:58'),
(562, '190', 97, NULL, 3, 10, 0, NULL, '2019-04-29 10:14:16', '2019-04-29 10:14:16'),
(563, '191', 1, 58, 3, 10, 5, NULL, '2019-04-29 18:40:33', '2019-04-29 18:40:33'),
(564, '192', 1, 58, 3, 10, 5, NULL, '2019-04-29 21:02:19', '2019-04-29 21:02:19'),
(565, '193', 1, NULL, 3, 10, 0, NULL, '2019-04-29 21:02:50', '2019-04-29 21:02:50'),
(566, '185', 1, NULL, 3, -5, 2, 95, '2019-04-30 13:26:11', '2019-04-30 13:26:11'),
(567, '140', 30, 1, 3, 10, 1, NULL, '2019-04-30 14:03:22', '2019-04-30 14:03:22'),
(568, '154', 30, 1, 3, 10, 1, NULL, '2019-04-30 14:03:35', '2019-04-30 14:03:35'),
(569, '154', 30, 1, 3, 10, 1, NULL, '2019-04-30 14:03:47', '2019-04-30 14:03:47'),
(570, '154', 1, 30, 3, 10, 1, NULL, '2019-04-30 14:04:43', '2019-04-30 14:04:43'),
(571, '194', 23, NULL, 3, 10, 0, NULL, '2019-04-30 16:13:57', '2019-04-30 16:13:57'),
(572, '195', 24, 1, 3, 10, 5, NULL, '2019-04-30 23:03:40', '2019-04-30 23:03:40'),
(573, '184', 24, NULL, 4, -6.5, 2, 96, '2019-04-30 23:05:13', '2019-04-30 23:05:13'),
(574, '196', 1, NULL, 3, 10, 0, NULL, '2019-05-01 06:28:11', '2019-05-01 06:28:11'),
(575, '196', 1, NULL, 3, -1, 2, 73, '2019-05-01 06:30:47', '2019-05-01 06:30:47'),
(576, '196', 1, NULL, 3, -5, 2, 97, '2019-05-01 06:36:40', '2019-05-01 06:36:40'),
(577, '197', 98, NULL, 7, 15, 0, NULL, '2019-05-01 07:43:48', '2019-05-01 07:43:48'),
(578, '198', 98, NULL, 11, 50, 0, NULL, '2019-05-01 07:44:41', '2019-05-01 07:44:41'),
(579, '198', 98, NULL, 11, -2, 2, 2, '2019-05-01 08:24:26', '2019-05-01 08:24:26'),
(580, '198', 98, 67, 11, 48, 1, NULL, '2019-05-01 08:25:26', '2019-05-01 08:25:26'),
(581, '197', 98, 67, 7, 15, 1, NULL, '2019-05-01 08:29:49', '2019-05-01 08:29:49'),
(582, '199', 1, 30, 6, 5, 5, NULL, '2019-05-01 14:27:28', '2019-05-01 14:27:28'),
(583, '196', 1, NULL, 3, -4, 2, 41, '2019-05-01 14:28:10', '2019-05-01 14:28:10'),
(584, '195', 1, NULL, 3, -1, 2, 98, '2019-05-01 15:57:27', '2019-05-01 15:57:27'),
(585, '195', 1, NULL, 3, -9, 2, 99, '2019-05-01 17:06:55', '2019-05-01 17:06:55'),
(586, '140', 1, 99, 3, 10, 1, NULL, '2019-05-01 17:07:16', '2019-05-01 17:07:16'),
(587, '200', 88, NULL, 3, 10, 0, NULL, '2019-05-02 14:49:52', '2019-05-02 14:49:52'),
(588, '200', 88, NULL, 3, -10, 2, 60, '2019-05-02 14:55:16', '2019-05-02 14:55:16'),
(589, '201', 1, NULL, 3, 10, 0, NULL, '2019-05-02 17:15:14', '2019-05-02 17:15:14'),
(590, '202', 1, 107, 3, 10, 5, NULL, '2019-05-02 17:16:07', '2019-05-02 17:16:07'),
(591, '201', 1, NULL, 3, -5.8, 2, 100, '2019-05-02 17:18:13', '2019-05-02 17:18:13'),
(592, '193', 1, 108, 3, 10, 1, NULL, '2019-05-02 19:03:28', '2019-05-02 19:03:28'),
(593, '203', 108, 1, 5, 10, 5, NULL, '2019-05-02 19:05:29', '2019-05-02 19:05:29'),
(594, '57', 68, 1, 3, 10, 1, NULL, '2019-05-03 17:42:50', '2019-05-03 17:42:50'),
(595, '201', 1, NULL, 3, -4.2, 2, 101, '2019-05-03 19:04:49', '2019-05-03 19:04:49'),
(596, '204', 1, NULL, 14, 5, 0, NULL, '2019-05-03 19:05:20', '2019-05-03 19:05:20'),
(597, '205', 1, NULL, 13, 5, 0, NULL, '2019-05-03 19:06:59', '2019-05-03 19:06:59'),
(598, '206', 1, NULL, 3, 10, 0, NULL, '2019-05-03 19:24:23', '2019-05-03 19:24:23'),
(599, '206', 1, 30, 3, 10, 1, NULL, '2019-05-03 19:24:45', '2019-05-03 19:24:45'),
(600, '207', 1, 30, 3, 10, 5, NULL, '2019-05-03 19:25:29', '2019-05-03 19:25:29'),
(601, '208', 1, 30, 3, 10, 5, NULL, '2019-05-03 23:20:49', '2019-05-03 23:20:49'),
(602, '209', 1, NULL, 3, 10, 0, NULL, '2019-05-04 05:00:09', '2019-05-04 05:00:09'),
(603, '210', 1, NULL, 3, 10, 0, NULL, '2019-05-04 05:01:28', '2019-05-04 05:01:28'),
(604, '211', 1, 30, 14, 5, 5, NULL, '2019-05-04 05:02:08', '2019-05-04 05:02:08'),
(605, '212', 1, NULL, 3, 10, 0, NULL, '2019-05-04 05:08:53', '2019-05-04 05:08:53'),
(606, '213', 1, NULL, 6, 5, 0, NULL, '2019-05-04 05:56:43', '2019-05-04 05:56:43'),
(607, '213', 1, NULL, 6, -5, 2, 29, '2019-05-04 05:57:42', '2019-05-04 05:57:42'),
(608, '212', 1, NULL, 3, -6.4, 2, 74, '2019-05-04 06:00:25', '2019-05-04 06:00:25'),
(609, '212', 1, NULL, 3, -1, 2, 9, '2019-05-04 06:08:40', '2019-05-04 06:08:40'),
(610, '212', 1, 2, 3, 2.6, 1, NULL, '2019-05-04 06:13:28', '2019-05-04 06:13:28');

-- --------------------------------------------------------

--
-- Table structure for table `users`
--

CREATE TABLE `users` (
  `id` int(11) NOT NULL,
  `name` varchar(255) NOT NULL,
  `email` varchar(255) NOT NULL,
  `password` varchar(255) NOT NULL,
  `country_code` varchar(20) NOT NULL,
  `phone` varchar(255) NOT NULL,
  `status` int(11) NOT NULL DEFAULT '1' COMMENT '{0:blocked_by_admin,1:enabled}',
  `deleted_at` tinyint(4) DEFAULT NULL,
  `recovery` varchar(255) DEFAULT NULL,
  `created_at` datetime NOT NULL,
  `updated_at` timestamp NOT NULL DEFAULT CURRENT_TIMESTAMP
) ENGINE=InnoDB DEFAULT CHARSET=latin1;

--
-- Dumping data for table `users`
--

INSERT INTO `users` (`id`, `name`, `email`, `password`, `country_code`, `phone`, `status`, `deleted_at`, `recovery`, `created_at`, `updated_at`) VALUES
(1, 'Anastasios Tirkas', 'atirkas@gmail.com', 'c33367701511b4f6020ec61ded352059', '', '6028208941', 1, NULL, 'null', '2019-03-30 16:52:36', '2019-04-19 16:22:52'),
(2, 'panikos', 'panikosaz@hotmail.com', '4efcfb46458762c04f49ded1f880eeb9', '', '5796338092', 1, NULL, NULL, '2019-03-30 17:26:06', '2019-03-30 17:26:06'),
(3, 'devendra', 'devendra@richestsoft.in', '25f9e794323b453885f5181f1b624d0b', '', '8209999472', 1, NULL, 'null', '2019-04-01 10:38:26', '2019-05-02 10:28:33'),
(5, 'Larry Anderson', 'sonnyboii76@gmail.com', 'e10adc3949ba59abbe56e057f20f883e', '', '6235331166', 1, NULL, 'null', '2019-04-01 20:57:43', '2019-04-18 18:19:14'),
(6, 'dylan holycross', 'hylandolycross@gmail.com', 'e10adc3949ba59abbe56e057f20f883e', '', '4807178528', 1, NULL, NULL, '2019-04-01 21:15:20', '2019-04-01 21:15:20'),
(16, 'kate brown', 'ktmiller480@gmail.com', 'e10adc3949ba59abbe56e057f20f883e', '', '4803182751', 1, NULL, NULL, '2019-04-03 17:24:09', '2019-04-03 17:24:09'),
(22, 'manpreet', 'manpreet@richestsoft.in', 'e807f1fcf82d132f9bb018ca6738a19f', '', '7009584551', 1, NULL, 'i2cQMVDjpMHVnxRv8dyNm7jefV8zLk1S', '2019-04-04 12:52:32', '2019-04-17 12:13:30'),
(23, 'Jeannine Voss', 'j9marie@hotmail.com', '1e6575970cd424e9dacac9a76c0f99b9', '', '3076317672', 1, NULL, NULL, '2019-04-04 15:59:04', '2019-04-04 15:59:04'),
(24, 'anthoula anastasiou', 'anthitirkas@gmail.com', 'c33367701511b4f6020ec61ded352059', '', '6028285240', 1, NULL, 'yB3eXzcvrpcnopCKc0KSniM3MD5Ldbah', '2019-04-04 22:26:19', '2019-04-09 12:40:44'),
(25, '', '', '', '', '4803182751', 1, NULL, NULL, '2019-04-05 19:19:07', '2019-04-05 19:19:07'),
(27, '', '', '', '', '4064903067', 1, NULL, NULL, '2019-04-06 00:18:47', '2019-04-06 00:18:47'),
(28, 'Pete Tirkas', 'ptirkas@gmail.com', '9c7bef73e4e2e16484255da15b2a980f', '', '9167121997', 1, NULL, NULL, '2019-04-06 05:07:07', '2019-04-06 05:07:07'),
(30, 'Elizabeth Tirkas', 'izzyann86@hotmail.com', 'e10adc3949ba59abbe56e057f20f883e', '', '3076306462', 1, NULL, NULL, '2019-04-06 15:36:10', '2019-04-06 15:36:10'),
(31, 'Andreas Anastasiou', 'aatirkas@gmail.com', 'e10adc3949ba59abbe56e057f20f883e', '', '6029186924', 1, NULL, NULL, '2019-04-06 19:18:41', '2019-04-06 19:18:41'),
(47, 'Raghav', 'indeedseo@gmail.com', '9dfbb27819a3b612bae795589e0a9dae', '', '2108804844', 1, NULL, 'gdWCsEKoFIvfqdXoRyB6WBgWPAgiMuiH', '2019-04-09 10:10:59', '2019-04-11 11:34:16'),
(48, 'ranjit', 'ranjit@richestsoft.in', '6eea9b7ef19179a06954edd0f6c05ceb', '', '3152104488', 1, NULL, NULL, '2019-04-09 10:36:39', '2019-04-09 10:36:39'),
(49, '', '', '', '', '4805246089', 1, NULL, NULL, '2019-04-09 12:33:48', '2019-04-09 12:33:48'),
(50, 'John Tully', 'tullythebully31@yahoo.com', 'e10adc3949ba59abbe56e057f20f883e', '', '4807733194', 1, NULL, NULL, '2019-04-09 20:57:59', '2019-04-09 20:57:59'),
(51, 'Tina Saglimbeni', 'campusflowers@aol.com', 'e10adc3949ba59abbe56e057f20f883e', '', '4802273219', 1, NULL, NULL, '2019-04-09 21:10:47', '2019-04-09 21:10:47'),
(52, 'William Rovnek', 'groves73@hotmail.com', 'e10adc3949ba59abbe56e057f20f883e', '', '8172238707', 1, NULL, 'null', '2019-04-09 21:40:09', '2019-04-23 20:17:58'),
(53, 'Linda Panopoulos', 'lpanop@hotmail.com', '1e6575970cd424e9dacac9a76c0f99b9', '', '3076317673', 1, NULL, NULL, '2019-04-09 21:45:07', '2019-04-09 21:45:07'),
(56, 'Mateja Tirkas', 'mtirkas@hotmail.com', 'dac2735360f5883605a74713762ac04c', '', '4064980269', 1, NULL, NULL, '2019-04-10 01:41:45', '2019-04-10 01:41:45'),
(57, '', '', '', '', '19167121997', 1, NULL, NULL, '2019-04-10 01:55:26', '2019-04-10 01:55:26'),
(58, 'Adam French', 'afrench53198@gmail.com', '0751729bc0b8859c6715afda78e4d75a', '', '8016189718', 1, NULL, NULL, '2019-04-10 03:22:24', '2019-04-10 03:22:24'),
(59, '', '', '', '', '18016189718', 1, NULL, NULL, '2019-04-10 03:36:09', '2019-04-10 03:36:09'),
(60, '', '', '', '', '4803833940', 1, NULL, NULL, '2019-04-10 03:52:07', '2019-04-10 03:52:07'),
(61, '', '', '', '', '18172238707', 1, NULL, NULL, '2019-04-10 17:52:45', '2019-04-10 17:52:45'),
(62, '', '', '', '', '16235331166', 1, NULL, NULL, '2019-04-10 18:15:01', '2019-04-10 18:15:01'),
(63, 'Sanju', 'kasiveter@gmail.com', 'e807f1fcf82d132f9bb018ca6738a19f', '', '9041786008', 1, NULL, NULL, '2019-04-11 14:11:05', '2019-04-12 11:09:40'),
(64, '', '', '', '', '8427741155', 1, NULL, NULL, '2019-04-11 14:12:03', '2019-04-11 14:12:03'),
(65, '', '', '', '', '9646874312', 1, NULL, NULL, '2019-04-11 14:18:07', '2019-04-11 14:18:07'),
(66, '', '', '', '', '8077818498', 1, NULL, NULL, '2019-04-11 14:23:39', '2019-04-11 14:23:39'),
(67, '', '', '', '', '8505062367', 1, NULL, NULL, '2019-04-11 14:24:03', '2019-04-11 14:24:03'),
(68, 'Trayton Hutchison', 'trockehutch@gmail.com', 'e10adc3949ba59abbe56e057f20f883e', '', '4806947410', 1, NULL, NULL, '2019-04-11 18:19:49', '2019-05-03 17:42:27'),
(69, 'carol Farabee', 'carol@farabeepublishing.com', '647316da5f838b45a23cfc876509dea0', '', '6026169866', 1, NULL, NULL, '2019-04-11 21:02:51', '2019-04-11 21:02:51'),
(70, 'George', 'georgecham12345@gmail.com', 'e10adc3949ba59abbe56e057f20f883e', '', '4803887504', 1, NULL, NULL, '2019-04-12 02:55:22', '2019-04-12 02:55:22'),
(71, '', '', '', '', '6023210322', 1, NULL, NULL, '2019-04-12 18:52:00', '2019-04-12 18:52:00'),
(72, 'Andreas Stylianou', 'astylianou1@gmail.com', '58346170eb34e7e6c0cb46af4102cadb', '', '14803439923', 1, NULL, NULL, '2019-04-12 21:23:03', '2019-04-12 21:23:03'),
(73, 'dwan thompson', 'dwan.thompson@gmail.com', '2ecf6e984ff5cd8614e10440b916f2c0', '', '4804303120', 1, NULL, NULL, '2019-04-12 23:07:13', '2019-04-12 23:07:13'),
(74, '', '', '', '', '5154447898', 1, NULL, NULL, '2019-04-12 23:36:46', '2019-04-12 23:36:46'),
(75, 'Emmanouil Karampahtsis', 'manolisnmd@gmail.com', '5ac473a513f5ab85e56d4f4efeb85379', '', '4806504922', 1, NULL, NULL, '2019-04-14 04:03:05', '2019-04-14 04:03:05'),
(76, 'Gerardo Torres', 'blindtimon@yahoo.com', 'e10adc3949ba59abbe56e057f20f883e', '', '6022451772', 1, NULL, NULL, '2019-04-14 20:34:06', '2019-04-22 02:18:05'),
(77, '', '', '', '', '4802082857', 1, NULL, NULL, '2019-04-14 22:48:08', '2019-04-14 22:48:08'),
(78, 'panos linos', 'plinos@gmail.com', 'e10adc3949ba59abbe56e057f20f883e', '', '3174461270', 1, NULL, NULL, '2019-04-15 19:50:22', '2019-04-15 19:50:22'),
(79, 'poonam', 'poonamrolla2@gmail.com', 'c20ad4d76fe97759aa27a0c99bff6710', '', '7837973703', 1, NULL, 'null', '2019-04-17 12:23:32', '2019-04-20 09:04:45'),
(80, '', '', '', '', '9478321010', 1, NULL, NULL, '2019-04-17 12:39:21', '2019-04-17 12:39:21'),
(81, '', '', '', '', '6478236159', 1, NULL, NULL, '2019-04-18 04:14:28', '2019-04-18 04:14:28'),
(82, '', '', '', '', '5828655285', 1, NULL, NULL, '2019-04-18 06:30:44', '2019-04-18 06:30:44'),
(83, '', '', '', '', '2536528658', 1, NULL, NULL, '2019-04-18 06:32:55', '2019-04-18 06:32:55'),
(84, '', '', '', '', '4802461376', 1, NULL, NULL, '2019-04-18 18:16:21', '2019-04-18 18:16:21'),
(85, 'Erik Thunberg', 'ethunberg1+gift3r1@gmail.com', '2c9341ca4cf3d87b9e4eb905d6a3ec45', '', '14807816140', 1, NULL, NULL, '2019-04-19 14:51:56', '2019-04-19 14:51:56'),
(86, '', '', '', '', '7854777171', 1, NULL, NULL, '2019-04-19 22:12:53', '2019-04-19 22:12:53'),
(87, '', '', '', '', '4805796790', 1, NULL, NULL, '2019-04-21 21:54:35', '2019-04-21 21:54:35'),
(88, 'Chito Collins', 'rchito@icloud.com', '6c0f7e647bac726f5b79e69d960dc6f4', '', '4089667010', 1, NULL, NULL, '2019-04-22 17:22:40', '2019-04-22 17:31:34'),
(89, 'caelan raineh', 'crainey00@outlook.com', 'e10adc3949ba59abbe56e057f20f883e', '', '4803385424', 1, NULL, NULL, '2019-04-22 19:12:32', '2019-04-22 19:12:32'),
(90, '', '', '', '', '*86', 1, NULL, NULL, '2019-04-22 19:23:41', '2019-04-22 19:23:41'),
(91, '', '', '', '', '9417019736', 1, NULL, NULL, '2019-04-23 09:49:43', '2019-04-23 09:49:43'),
(92, '', '', '', '', '4807713332', 1, NULL, NULL, '2019-04-23 22:57:07', '2019-04-23 22:57:07'),
(93, '', '', '', '', '4806289328', 1, NULL, NULL, '2019-04-24 23:04:35', '2019-04-24 23:04:35'),
(94, '', '', '', '', '6024764017', 1, NULL, NULL, '2019-04-27 19:24:55', '2019-04-27 19:24:55'),
(98, 'Rahul', 'prinja.rahul2405@gmail.com', 'e99a18c428cb38d5f260853678922e03', '', '9855853536', 1, NULL, 'null', '2019-05-01 07:33:11', '2019-05-01 08:22:28'),
(99, '', '', '', '', '4142416202', 1, NULL, NULL, '2019-05-01 17:07:16', '2019-05-01 17:07:16'),
(107, '', '', '', '', '6024189331', 1, NULL, NULL, '2019-05-02 17:16:07', '2019-05-02 17:16:07'),
(108, 'Joanna robbins', 'jojorobbins@yahoo.com', '914f3e6cb431057a85e3eafbee0c2afc', '', '6025406893', 1, NULL, NULL, '2019-05-02 19:01:22', '2019-05-02 19:01:22');

-- --------------------------------------------------------

--
-- Table structure for table `user_cards`
--

CREATE TABLE `user_cards` (
  `id` int(11) NOT NULL,
  `mypurchasedcard_id` varchar(255) NOT NULL,
  `user_id` int(11) NOT NULL,
  `gift_card_id` int(11) NOT NULL,
  `transaction_id` int(11) NOT NULL,
  `message` varchar(1000) DEFAULT NULL,
  `created_at` timestamp NOT NULL DEFAULT CURRENT_TIMESTAMP,
  `updated_at` datetime DEFAULT NULL
) ENGINE=InnoDB DEFAULT CHARSET=latin1;

--
-- Dumping data for table `user_cards`
--

INSERT INTO `user_cards` (`id`, `mypurchasedcard_id`, `user_id`, `gift_card_id`, `transaction_id`, `message`, `created_at`, `updated_at`) VALUES
(1, '1', 22, 1, 2, 'hdhdvdhd', '2019-04-06 07:18:52', '2019-04-06 07:18:52'),
(2, '2', 1, 2, 219, 'purchase', '2019-04-06 07:19:37', '2019-04-13 06:09:06'),
(3, '3', 1, 1, 190, 'ghhj', '2019-04-06 11:05:11', '2019-04-12 17:13:18'),
(4, '4', 47, 1, 184, '', '2019-04-09 11:29:53', '2019-04-12 13:49:27'),
(5, '5', 1, 1, 33, '', '2019-04-09 12:16:14', '2019-04-09 22:13:26'),
(6, '6', 49, 3, 11, 'Test', '2019-04-09 12:33:18', '2019-04-09 12:33:48'),
(7, '7', 58, 4, 61, 'Adam French???', '2019-04-09 12:43:25', '2019-04-10 03:45:23'),
(8, '8', 49, 5, 38, 'Testing androids mom', '2019-04-09 12:46:01', '2019-04-09 23:12:50'),
(9, '9', 1, 3, 242, 'from larry', '2019-04-09 12:50:52', '2019-04-13 16:40:02'),
(10, '10', 53, 3, 32, 'Test mama', '2019-04-09 20:58:55', '2019-04-09 22:03:31'),
(11, '11', 1, 3, 36, 'Fan', '2019-04-09 21:00:12', '2019-04-09 22:15:40'),
(12, '12', 50, 3, 20, '', '2019-04-09 21:00:51', '2019-04-09 21:00:51'),
(13, '13', 1, 3, 35, 'CVB', '2019-04-09 21:12:29', '2019-04-09 22:14:22'),
(14, '14', 31, 3, 237, 'Taso Ela Andrikkos', '2019-04-09 21:13:34', '2019-04-13 16:27:54'),
(15, '15', 51, 3, 27, '', '2019-04-09 21:13:57', '2019-04-09 21:15:03'),
(16, '16', 28, 3, 235, 'Test taso', '2019-04-09 21:41:36', '2019-04-13 16:16:53'),
(17, '17', 54, 1, 30, 'Fix me', '2019-04-09 21:53:32', '2019-04-09 21:53:32'),
(18, '18', 49, 6, 41, 'To Android moms', '2019-04-09 23:15:49', '2019-04-09 23:17:50'),
(19, '19', 55, 7, 42, 'from android to iphone', '2019-04-09 23:29:30', '2019-04-09 23:29:30'),
(20, '20', 49, 8, 45, 'From Elizabeth to Android', '2019-04-09 23:30:00', '2019-04-09 23:33:59'),
(21, '21', 23, 9, 215, 'Here is one. Let me know if you receive a notification with this gift card', '2019-04-09 23:34:46', '2019-04-13 00:05:10'),
(22, '22', 49, 10, 49, 'From Eliza to Android', '2019-04-09 23:36:28', '2019-04-09 23:36:50'),
(23, '23', 71, 3, 193, 'Dry', '2019-04-09 23:55:07', '2019-04-12 18:52:00'),
(24, '24', 90, 3, 464, 'tasi', '2019-04-09 23:58:54', '2019-04-22 19:23:41'),
(25, '25', 56, 11, 57, '', '2019-04-10 01:43:22', '2019-04-10 01:43:22'),
(26, '26', 57, 4, 58, 'Borscht', '2019-04-10 01:55:26', '2019-04-10 01:55:26'),
(27, '27', 58, 4, 59, '', '2019-04-10 03:25:36', '2019-04-10 03:25:36'),
(28, '28', 59, 7, 60, 'Hey buddy buddy thanks for Helping our try to crash it much as possible', '2019-04-10 03:36:09', '2019-04-10 03:36:09'),
(29, '29', 60, 3, 63, 'This is from my friends app :D', '2019-04-10 03:46:32', '2019-04-10 03:52:07'),
(30, '30', 24, 3, 65, '', '2019-04-10 13:15:49', '2019-04-10 13:16:19'),
(31, '31', 1, 3, 243, 'noti aaya', '2019-04-10 16:05:19', '2019-04-13 16:40:41'),
(32, '32', 16, 3, 70, 'From taso', '2019-04-10 17:38:29', '2019-04-10 17:40:32'),
(33, '33', 52, 3, 149, 'to bill Kate', '2019-04-10 17:50:16', '2019-04-11 18:07:16'),
(34, '34', 61, 3, 72, 'from kate', '2019-04-10 17:52:45', '2019-04-10 17:52:45'),
(35, '35', 64, 3, 118, 'Ggchvbbg', '2019-04-10 17:58:47', '2019-04-11 14:12:03'),
(36, '36', 67, 3, 122, 'Bash has', '2019-04-10 18:08:27', '2019-04-11 14:24:03'),
(37, '37', 28, 3, 234, 'Try the redeem options Tirkas and let me know. Don’t worry about the texts will fix later.', '2019-04-10 18:09:03', '2019-04-13 16:16:25'),
(38, '38', 62, 3, 79, 'from.katie', '2019-04-10 18:15:01', '2019-04-10 18:15:01'),
(39, '39', 62, 3, 80, 'from katie buying from profile', '2019-04-10 18:21:55', '2019-04-10 18:21:55'),
(40, '40', 52, 3, 395, 'To bill from Tasos', '2019-04-10 18:37:39', '2019-04-19 18:55:07'),
(41, '41', 1, 3, 86, '', '2019-04-10 18:43:21', '2019-04-10 18:44:41'),
(42, '42', 52, 4, 90, 'Fry', '2019-04-10 20:59:04', '2019-04-10 20:59:04'),
(43, '43', 65, 1, 120, 'Bsbshsjsjjawhhwovg', '2019-04-11 05:15:48', '2019-04-11 14:18:07'),
(44, '44', 2, 3, 131, 'Did you receive this?', '2019-04-11 06:06:59', '2019-04-11 16:17:58'),
(45, '36', 67, 3, 122, 'Bash has', '2019-04-11 12:10:35', '2019-04-11 14:24:03'),
(46, '45', 54, 1, 107, 'hello prabhat this is for u', '2019-04-11 12:31:49', '2019-04-11 12:31:49'),
(47, '46', 54, 1, 108, 'for u prabhat', '2019-04-11 12:38:07', '2019-04-11 12:38:07'),
(48, '47', 66, 1, 121, 'Raghu ne vjej', '2019-04-11 12:47:07', '2019-04-11 14:23:39'),
(49, '48', 63, 3, 166, 'Hello yes the', '2019-04-11 13:00:59', '2019-04-12 11:17:15'),
(50, '49', 28, 3, 271, 'Did you receive this?', '2019-04-11 16:08:14', '2019-04-16 03:51:10'),
(51, '50', 1, 4, 130, '', '2019-04-11 16:11:43', '2019-04-11 16:13:08'),
(52, '51', 5, 3, 135, '', '2019-04-11 17:47:06', '2019-04-11 17:47:44'),
(53, '52', 1, 3, 173, 'from lary android', '2019-04-11 17:48:11', '2019-04-12 12:17:34'),
(54, '53', 1, 3, 165, 'lary abdroid', '2019-04-11 17:49:20', '2019-04-12 10:52:50'),
(55, '54', 1, 8, 172, 'lary', '2019-04-11 17:50:54', '2019-04-12 12:15:47'),
(56, '55', 5, 3, 144, 'from katie back to laty', '2019-04-11 17:52:06', '2019-04-11 18:01:25'),
(57, '56', 52, 9, 204, 'bill', '2019-04-11 18:02:00', '2019-04-12 20:40:28'),
(58, '57', 1, 3, 594, 'Taso from Trayton', '2019-04-11 18:19:49', '2019-05-03 17:42:50'),
(59, '58', 69, 3, 155, 'Hi carol', '2019-04-11 21:07:57', '2019-04-11 21:08:54'),
(60, '59', 69, 3, 154, '', '2019-04-11 21:08:23', '2019-04-11 21:08:23'),
(61, '60', 28, 5, 270, 'Ela', '2019-04-12 01:49:22', '2019-04-16 03:49:56'),
(62, '61', 63, 2, 168, '', '2019-04-12 11:18:02', '2019-04-12 11:18:39'),
(63, '3', 1, 1, 190, 'helloooooooo', '2019-04-12 12:52:19', '2019-04-12 17:13:18'),
(64, '3', 1, 1, 190, 'notification aaya', '2019-04-12 12:58:08', '2019-04-12 17:13:18'),
(65, '62', 47, 1, 230, '', '2019-04-12 13:50:01', '2019-04-13 15:53:06'),
(66, '63', 1, 3, 218, 'from a tvi', '2019-04-12 17:06:39', '2019-04-13 01:01:16'),
(67, '64', 2, 3, 188, 'From Tasos Polycarpou\n4/12/19 @ 8:10 Cyprus time', '2019-04-12 17:09:17', '2019-04-12 17:10:50'),
(68, '65', 1, 3, 192, '', '2019-04-12 17:57:22', '2019-04-12 17:58:04'),
(69, '66', 52, 3, 207, 'Test', '2019-04-12 20:08:19', '2019-04-12 20:46:27'),
(70, '67', 1, 3, 381, 'taso fron lary', '2019-04-12 20:09:33', '2019-04-19 15:32:52'),
(71, '68', 5, 3, 199, '', '2019-04-12 20:12:53', '2019-04-12 20:13:08'),
(72, '69', 50, 3, 200, 'tully baby', '2019-04-12 20:13:55', '2019-04-12 20:13:55'),
(73, '70', 72, 3, 210, 'Stu', '2019-04-12 21:25:22', '2019-04-12 21:26:36'),
(74, '71', 1, 3, 244, 'I don\'t know if this will work but Salut.', '2019-04-12 23:15:49', '2019-04-13 16:41:06'),
(75, '72', 74, 4, 212, 'Love you!!', '2019-04-12 23:36:46', '2019-04-12 23:36:46'),
(76, '73', 23, 4, 214, '', '2019-04-12 23:38:10', '2019-04-12 23:39:07'),
(77, '74', 30, 3, 223, '', '2019-04-13 15:38:47', '2019-04-13 15:39:54'),
(78, '75', 31, 3, 444, 'Papas', '2019-04-13 15:40:34', '2019-04-21 21:59:57'),
(79, '76', 30, 3, 231, 'From anthoula', '2019-04-13 15:52:29', '2019-04-13 15:53:21'),
(80, '77', 1, 3, 245, 'From mom', '2019-04-13 15:54:08', '2019-04-13 16:51:03'),
(81, '78', 2, 3, 391, 'Tasos', '2019-04-13 16:30:08', '2019-04-19 17:32:07'),
(82, '79', 1, 7, 257, 'fuck you', '2019-04-13 21:53:22', '2019-04-15 13:50:35'),
(83, '80', 76, 5, 247, 'testing', '2019-04-14 20:34:06', '2019-04-14 20:34:06'),
(84, '81', 76, 1, 248, 'testing', '2019-04-14 20:46:59', '2019-04-14 20:46:59'),
(85, '82', 75, 3, 446, 'Filia Giatre mou', '2019-04-14 22:16:40', '2019-04-22 02:22:22'),
(86, '83', 31, 7, 252, 'Tad', '2019-04-14 22:25:24', '2019-04-14 22:26:15'),
(87, '84', 22, 6, 489, 'hajdui', '2019-04-14 22:36:42', '2019-04-23 09:34:35'),
(88, '85', 77, 3, 255, 'Taso', '2019-04-14 22:47:52', '2019-04-14 22:48:08'),
(89, '86', 1, 3, 260, '', '2019-04-15 14:35:07', '2019-04-15 19:13:04'),
(90, '87', 78, 3, 264, 'Tasos', '2019-04-15 19:56:54', '2019-04-15 20:01:04'),
(91, '88', 22, 3, 412, 'Bdbdhdh', '2019-04-15 19:57:11', '2019-04-20 10:09:09'),
(92, '89', 78, 3, 265, 'Ela Panos', '2019-04-15 20:04:33', '2019-04-15 20:04:33'),
(93, '90', 5, 3, 554, 'katir', '2019-04-15 20:05:18', '2019-04-24 18:55:04'),
(94, '91', 79, 1, 286, 'For testing', '2019-04-17 12:04:03', '2019-04-18 03:46:40'),
(95, '92', 80, 3, 274, 'Send', '2019-04-17 12:38:47', '2019-04-17 12:39:21'),
(96, '93', 79, 1, 291, '', '2019-04-17 12:41:48', '2019-04-18 06:40:53'),
(97, '94', 83, 3, 290, 'uvigv', '2019-04-17 12:45:50', '2019-04-18 06:32:55'),
(98, '91', 79, 1, 286, 'New one', '2019-04-17 12:48:26', '2019-04-18 03:46:40'),
(99, '95', 3, 3, 367, 'jhfhgcgncjygkuh', '2019-04-17 12:50:16', '2019-04-19 07:03:57'),
(100, '95', 79, 3, 283, 'Dnbdbs', '2019-04-17 12:50:42', '2019-04-17 12:55:03'),
(101, '96', 58, 3, 285, 'Gig', '2019-04-17 18:55:34', '2019-04-17 18:55:34'),
(102, '97', 81, 9, 288, 'Jedheh', '2019-04-18 04:11:03', '2019-04-18 04:14:28'),
(103, '98', 82, 1, 289, 'shyss', '2019-04-18 06:30:44', '2019-04-18 06:30:44'),
(104, '99', 79, 3, 293, '', '2019-04-18 07:05:34', '2019-04-18 07:06:51'),
(105, '100', 79, 1, 303, '', '2019-04-18 07:17:55', '2019-04-18 07:50:15'),
(106, '101', 79, 1, 312, '', '2019-04-18 07:51:29', '2019-04-18 07:55:46'),
(107, '102', 22, 1, 490, 'hello', '2019-04-18 07:56:50', '2019-04-23 09:37:07'),
(108, '103', 66, 3, 491, 'hello', '2019-04-18 09:41:01', '2019-04-23 09:41:50'),
(109, '104', 91, 6, 494, 'nnzjs', '2019-04-18 09:56:24', '2019-04-23 09:49:43'),
(110, '105', 52, 3, 331, 'Taos', '2019-04-18 17:39:21', '2019-04-18 17:39:21'),
(111, '106', 84, 1, 335, 'ti lary', '2019-04-18 18:13:55', '2019-04-18 18:16:21'),
(112, '107', 1, 3, 383, 'tasi', '2019-04-18 18:15:02', '2019-04-19 15:55:14'),
(113, '108', 16, 3, 349, 'to katr', '2019-04-18 18:17:17', '2019-04-18 18:32:11'),
(114, '109', 16, 3, 348, 'from lary', '2019-04-18 18:20:46', '2019-04-18 18:31:52'),
(115, '110', 49, 3, 354, 'Taz', '2019-04-18 18:22:36', '2019-04-19 02:27:03'),
(116, '111', 1, 3, 353, 'to taso from kate', '2019-04-18 18:23:26', '2019-04-19 01:20:29'),
(117, '112', 1, 3, 555, 'tado', '2019-04-18 18:24:05', '2019-04-24 23:03:53'),
(118, '113', 1, 6, 351, '', '2019-04-18 18:45:34', '2019-04-18 18:46:28'),
(119, '114', 28, 3, 392, 'Taso', '2019-04-19 02:30:19', '2019-04-19 17:40:33'),
(120, '115', 22, 1, 492, 'gurdeep', '2019-04-19 06:30:58', '2019-04-23 09:47:17'),
(121, '116', 22, 1, 414, '', '2019-04-19 07:43:57', '2019-04-20 10:10:30'),
(122, '117', 1, 1, 422, '', '2019-04-19 09:20:14', '2019-04-20 21:26:56'),
(123, '118', 22, 1, 495, 'hello', '2019-04-19 09:21:07', '2019-04-23 09:58:35'),
(124, '119', 64, 8, 371, 'vcmycmydyt', '2019-04-19 09:22:06', '2019-04-19 09:22:06'),
(125, '120', 30, 3, 418, 'Taso1', '2019-04-19 16:12:25', '2019-04-20 21:20:50'),
(126, '121', 28, 10, 388, 'Taos', '2019-04-19 16:57:11', '2019-04-19 16:57:11'),
(127, '122', 1, 11, 390, '', '2019-04-19 17:10:33', '2019-04-19 17:19:55'),
(128, '123', 16, 3, 393, 'From Bill to Kate', '2019-04-19 18:52:37', '2019-04-19 18:52:37'),
(129, '40', 1, 3, 399, 'tszo', '2019-04-19 18:55:31', '2019-04-19 18:58:38'),
(130, '124', 30, 3, 531, 'My lady', '2019-04-19 18:59:54', '2019-04-23 20:13:49'),
(131, '125', 16, 3, 520, 'bb', '2019-04-19 19:01:24', '2019-04-23 20:06:05'),
(132, '126', 86, 3, 405, 'Love Pablo', '2019-04-19 19:08:04', '2019-04-19 22:12:53'),
(133, '127', 30, 3, 449, 'Baby mou', '2019-04-19 20:08:07', '2019-04-22 02:23:04'),
(134, '128', 31, 3, 406, 'To dad from. Elizabeth', '2019-04-20 02:52:34', '2019-04-20 02:52:34'),
(135, '129', 79, 3, 408, '', '2019-04-20 07:49:45', '2019-04-20 07:49:45'),
(136, '130', 6, 3, 474, 'To Dylan test', '2019-04-20 09:13:57', '2019-04-22 19:35:03'),
(137, '131', 30, 3, 419, '', '2019-04-20 21:14:54', '2019-04-20 21:25:03'),
(138, '132', 1, 9, 421, 'Love u', '2019-04-20 21:25:49', '2019-04-20 21:26:23'),
(139, '133', 31, 3, 428, 'Papa', '2019-04-20 21:28:30', '2019-04-21 20:32:12'),
(140, '134', 31, 3, 458, 'Taso', '2019-04-20 21:29:37', '2019-04-22 17:42:53'),
(141, '135', 58, 3, 426, 'Try', '2019-04-21 04:40:50', '2019-04-21 04:40:50'),
(142, '136', 58, 3, 427, 'Try', '2019-04-21 04:43:20', '2019-04-21 04:43:20'),
(143, '133', 24, 3, 443, 'Mama', '2019-04-21 20:32:24', '2019-04-21 21:56:03'),
(144, '137', 89, 3, 473, 'To Calelyn', '2019-04-21 21:39:41', '2019-04-22 19:34:46'),
(145, '138', 88, 3, 457, 'Hellloool Chito', '2019-04-21 21:41:11', '2019-04-22 17:22:40'),
(146, '139', 75, 3, 455, 'This is from my inbox', '2019-04-21 21:42:02', '2019-04-22 02:47:31'),
(147, '140', 99, 3, 586, 'Hi', '2019-04-21 21:42:56', '2019-05-01 17:07:16'),
(148, '141', 87, 3, 441, 'From mama to dad', '2019-04-21 21:44:12', '2019-04-21 21:54:35'),
(149, '142', 49, 3, 546, 'Cv', '2019-04-21 21:53:30', '2019-04-24 07:08:03'),
(150, '141', 31, 3, 442, 'Papas az', '2019-04-21 21:54:59', '2019-04-21 21:54:59'),
(151, '143', 76, 4, 445, 'testing this app', '2019-04-22 02:06:15', '2019-04-22 02:06:15'),
(152, '144', 75, 3, 447, 'testing', '2019-04-22 02:22:23', '2019-04-22 02:22:23'),
(153, '145', 76, 3, 454, 'for Gerardo', '2019-04-22 02:22:51', '2019-04-22 02:45:57'),
(154, '146', 76, 6, 450, 'one more time', '2019-04-22 02:28:21', '2019-04-22 02:28:21'),
(155, '147', 76, 7, 451, 'test', '2019-04-22 02:30:03', '2019-04-22 02:30:03'),
(156, '148', 76, 7, 453, 'testing again', '2019-04-22 02:31:35', '2019-04-22 02:45:09'),
(157, '149', 75, 3, 456, 'This is from profile', '2019-04-22 02:48:01', '2019-04-22 02:48:01'),
(158, '150', 31, 3, 459, 'Taso', '2019-04-22 17:43:24', '2019-04-22 17:43:24'),
(159, '151', 6, 3, 463, 'tad', '2019-04-22 19:20:59', '2019-04-22 19:23:29'),
(160, '152', 6, 3, 462, 'to cyn', '2019-04-22 19:22:59', '2019-04-22 19:22:59'),
(161, '153', 6, 3, 467, 'test', '2019-04-22 19:25:23', '2019-04-22 19:26:45'),
(162, '154', 6, 3, 469, 'To Dylan', '2019-04-22 19:27:41', '2019-04-22 19:30:57'),
(163, '155', 6, 3, 470, 'Dylan test', '2019-04-22 19:32:40', '2019-04-22 19:32:40'),
(164, '156', 89, 3, 471, '', '2019-04-22 19:33:03', '2019-04-22 19:33:03'),
(165, '154', 30, 3, 570, 'To love', '2019-04-22 19:33:36', '2019-04-30 14:04:43'),
(166, '157', 30, 3, 475, 'To lady', '2019-04-22 19:36:27', '2019-04-22 19:36:27'),
(167, '158', 31, 3, 477, 'To andrikos now', '2019-04-22 22:58:49', '2019-04-22 22:59:10'),
(168, '159', 24, 3, 486, 'Mimi', '2019-04-22 23:00:00', '2019-04-22 23:05:59'),
(169, '160', 3, 3, 502, 'HearhstjdjdjsjsjsJsjrsdtkkyfkhc K half yh', '2019-04-22 23:02:04', '2019-04-23 13:09:20'),
(170, '161', 1, 3, 504, '', '2019-04-22 23:02:25', '2019-04-23 13:54:45'),
(171, '162', 3, 3, 505, 'And', '2019-04-22 23:03:18', '2019-04-23 13:55:39'),
(172, '163', 3, 3, 501, 'Shgshhea', '2019-04-22 23:04:33', '2019-04-23 13:08:57'),
(173, '164', 3, 3, 497, 'Wwwww', '2019-04-22 23:05:13', '2019-04-23 10:50:53'),
(174, '159', 31, 3, 487, 'Papa', '2019-04-22 23:07:02', '2019-04-22 23:07:02'),
(175, '165', 49, 3, 544, 'Y', '2019-04-22 23:07:41', '2019-04-24 07:06:15'),
(176, '166', 3, 3, 496, '', '2019-04-23 10:49:59', '2019-04-23 10:49:59'),
(177, '164', 3, 3, 498, 'Try', '2019-04-23 10:58:10', '2019-04-23 10:58:10'),
(178, '167', 3, 3, 499, 'The first', '2019-04-23 11:00:20', '2019-04-23 11:00:20'),
(179, '168', 3, 3, 500, 'I’m just', '2019-04-23 12:52:44', '2019-04-23 12:52:44'),
(180, '169', 3, 3, 503, 'Sdhafsfshrshhh', '2019-04-23 13:10:18', '2019-04-23 13:10:18'),
(181, '170', 3, 3, 506, 'Okay', '2019-04-23 13:56:24', '2019-04-23 13:56:24'),
(182, '171', 30, 3, 507, 'Taz', '2019-04-23 13:57:48', '2019-04-23 13:57:48'),
(183, '172', 52, 3, 529, 'Bill', '2019-04-23 13:58:12', '2019-04-23 20:12:52'),
(184, '173', 22, 3, 509, 'hello', '2019-04-23 13:58:16', '2019-04-23 13:58:16'),
(185, '174', 16, 3, 513, 'To katsi', '2019-04-23 14:00:35', '2019-04-23 20:00:33'),
(186, '175', 16, 3, 514, 'Taos', '2019-04-23 20:01:06', '2019-04-23 20:01:06'),
(187, '176', 52, 3, 533, 'To bill', '2019-04-23 20:03:07', '2019-04-23 20:19:06'),
(188, '177', 16, 3, 519, 'n', '2019-04-23 20:05:35', '2019-04-23 20:05:35'),
(189, '178', 93, 3, 556, 'High', '2019-04-23 20:08:00', '2019-04-24 23:04:35'),
(190, '179', 52, 3, 530, 'Bil', '2019-04-23 20:13:30', '2019-04-23 20:13:30'),
(191, '124', 52, 3, 532, 'To bill', '2019-04-23 20:16:27', '2019-04-23 20:16:27'),
(192, '180', 52, 3, 534, 'To bill', '2019-04-23 20:19:37', '2019-04-23 20:19:37'),
(193, '181', 92, 3, 539, 'Bb', '2019-04-23 20:30:00', '2019-04-23 22:57:36'),
(194, '182', 92, 3, 538, 'Thank', '2019-04-23 21:55:35', '2019-04-23 22:57:07'),
(195, '183', 92, 3, 540, 'T', '2019-04-23 22:58:28', '2019-04-23 22:58:28'),
(196, '184', 24, 4, 573, '', '2019-04-24 07:03:48', '2019-04-30 23:05:13'),
(197, '185', 1, 3, 566, 'to tasi ftom mom thriugh pfofile', '2019-04-24 07:05:38', '2019-04-30 13:26:11'),
(198, '186', 49, 3, 545, 'N', '2019-04-24 07:07:15', '2019-04-24 07:07:15'),
(199, '187', 16, 3, 548, 'lary', '2019-04-24 18:52:07', '2019-04-24 18:52:07'),
(200, '188', 94, 3, 560, 'William', '2019-04-25 19:49:15', '2019-04-27 19:24:55'),
(201, '189', 1, 4, 559, '', '2019-04-27 18:03:05', '2019-04-27 18:57:17'),
(202, '190', 97, 3, 562, '', '2019-04-29 10:14:16', '2019-04-29 10:14:16'),
(203, '191', 58, 3, 563, 'Hahha', '2019-04-29 18:40:33', '2019-04-29 18:40:33'),
(204, '192', 58, 3, 564, 'Love you friend', '2019-04-29 21:02:19', '2019-04-29 21:02:19'),
(205, '193', 108, 3, 592, 'Joana love u', '2019-04-29 21:02:50', '2019-05-02 19:03:28'),
(206, '154', 30, 3, 570, 'To love', '2019-04-30 14:03:47', '2019-04-30 14:04:43'),
(207, '194', 23, 3, 571, '', '2019-04-30 16:13:57', '2019-04-30 16:13:57'),
(208, '195', 1, 3, 585, 'lovd ys', '2019-04-30 23:03:40', '2019-05-01 17:06:55'),
(209, '196', 1, 3, 583, '', '2019-05-01 06:28:11', '2019-05-01 14:28:10'),
(210, '197', 67, 7, 581, 'testing', '2019-05-01 07:43:48', '2019-05-01 08:29:49'),
(211, '198', 67, 11, 580, 'hi', '2019-05-01 07:44:41', '2019-05-01 08:25:26'),
(212, '199', 30, 6, 582, 'Thank you', '2019-05-01 14:27:28', '2019-05-01 14:27:28'),
(213, '200', 88, 3, 588, '', '2019-05-02 14:49:52', '2019-05-02 14:55:16'),
(214, '201', 1, 3, 595, '', '2019-05-02 17:15:14', '2019-05-03 19:04:49'),
(215, '202', 107, 3, 590, 'Diff', '2019-05-02 17:16:07', '2019-05-02 17:16:07'),
(216, '203', 1, 5, 593, 'I heart you', '2019-05-02 19:05:29', '2019-05-02 19:05:29'),
(217, '204', 1, 14, 596, '', '2019-05-03 19:05:20', '2019-05-03 19:05:20'),
(218, '205', 1, 13, 597, '', '2019-05-03 19:06:59', '2019-05-03 19:06:59'),
(219, '206', 30, 3, 599, 'Love you BFF', '2019-05-03 19:24:23', '2019-05-03 19:24:45'),
(220, '207', 30, 3, 600, 'Love you BFF', '2019-05-03 19:25:29', '2019-05-03 19:25:29'),
(221, '208', 30, 3, 601, 'Love you BFF', '2019-05-03 23:20:49', '2019-05-03 23:20:49'),
(222, '209', 1, 3, 602, '', '2019-05-04 05:00:09', '2019-05-04 05:00:09'),
(223, '210', 1, 3, 603, '', '2019-05-04 05:01:28', '2019-05-04 05:01:28'),
(224, '211', 30, 14, 604, 'Love you bff', '2019-05-04 05:02:08', '2019-05-04 05:02:08'),
(225, '212', 2, 3, 610, 'Present', '2019-05-04 05:08:53', '2019-05-04 06:13:28'),
(226, '213', 1, 6, 607, '', '2019-05-04 05:56:43', '2019-05-04 05:57:42');

--
-- Indexes for dumped tables
--

--
-- Indexes for table `admin`
--
ALTER TABLE `admin`
  ADD PRIMARY KEY (`id`);

--
-- Indexes for table `app_login`
--
ALTER TABLE `app_login`
  ADD PRIMARY KEY (`id`),
  ADD UNIQUE KEY `device_id` (`device_id`),
  ADD KEY `user_id` (`user_id`);

--
-- Indexes for table `bill_amount`
--
ALTER TABLE `bill_amount`
  ADD PRIMARY KEY (`id`),
  ADD UNIQUE KEY `receipt_num` (`receipt_num`);

--
-- Indexes for table `cards_amount`
--
ALTER TABLE `cards_amount`
  ADD PRIMARY KEY (`id`);

--
-- Indexes for table `cards_redeemed`
--
ALTER TABLE `cards_redeemed`
  ADD PRIMARY KEY (`id`),
  ADD KEY `card_id` (`card_id`);

--
-- Indexes for table `categories`
--
ALTER TABLE `categories`
  ADD PRIMARY KEY (`id`);

--
-- Indexes for table `favourite_store`
--
ALTER TABLE `favourite_store`
  ADD PRIMARY KEY (`id`);

--
-- Indexes for table `gift_cards`
--
ALTER TABLE `gift_cards`
  ADD PRIMARY KEY (`id`),
  ADD KEY `store_id` (`store_id`);

--
-- Indexes for table `mypurchased_cards`
--
ALTER TABLE `mypurchased_cards`
  ADD PRIMARY KEY (`id`);

--
-- Indexes for table `otp`
--
ALTER TABLE `otp`
  ADD PRIMARY KEY (`id`);

--
-- Indexes for table `payments`
--
ALTER TABLE `payments`
  ADD PRIMARY KEY (`id`);

--
-- Indexes for table `purchased_cards`
--
ALTER TABLE `purchased_cards`
  ADD PRIMARY KEY (`id`),
  ADD UNIQUE KEY `transaction_id` (`transaction_id`),
  ADD KEY `user_id` (`user_id`),
  ADD KEY `card_id` (`card_id`);

--
-- Indexes for table `stores`
--
ALTER TABLE `stores`
  ADD PRIMARY KEY (`id`),
  ADD KEY `category_id` (`category_id`);

--
-- Indexes for table `transactions`
--
ALTER TABLE `transactions`
  ADD PRIMARY KEY (`id`),
  ADD KEY `sender_id` (`sender_id`),
  ADD KEY `card_id` (`card_id`),
  ADD KEY `bill_amount_id` (`bill_amount_id`);

--
-- Indexes for table `users`
--
ALTER TABLE `users`
  ADD PRIMARY KEY (`id`);

--
-- Indexes for table `user_cards`
--
ALTER TABLE `user_cards`
  ADD PRIMARY KEY (`id`),
  ADD KEY `user_id` (`user_id`),
  ADD KEY `gift_card_id` (`gift_card_id`),
  ADD KEY `transaction_id` (`transaction_id`);

--
-- AUTO_INCREMENT for dumped tables
--

--
-- AUTO_INCREMENT for table `admin`
--
ALTER TABLE `admin`
  MODIFY `id` int(11) NOT NULL AUTO_INCREMENT, AUTO_INCREMENT=2;
--
-- AUTO_INCREMENT for table `app_login`
--
ALTER TABLE `app_login`
  MODIFY `id` int(11) NOT NULL AUTO_INCREMENT, AUTO_INCREMENT=302;
--
-- AUTO_INCREMENT for table `bill_amount`
--
ALTER TABLE `bill_amount`
  MODIFY `id` int(11) NOT NULL AUTO_INCREMENT, AUTO_INCREMENT=102;
--
-- AUTO_INCREMENT for table `cards_amount`
--
ALTER TABLE `cards_amount`
  MODIFY `id` int(11) NOT NULL AUTO_INCREMENT, AUTO_INCREMENT=8;
--
-- AUTO_INCREMENT for table `cards_redeemed`
--
ALTER TABLE `cards_redeemed`
  MODIFY `id` int(11) NOT NULL AUTO_INCREMENT;
--
-- AUTO_INCREMENT for table `categories`
--
ALTER TABLE `categories`
  MODIFY `id` int(11) NOT NULL AUTO_INCREMENT;
--
-- AUTO_INCREMENT for table `favourite_store`
--
ALTER TABLE `favourite_store`
  MODIFY `id` int(11) NOT NULL AUTO_INCREMENT, AUTO_INCREMENT=46;
--
-- AUTO_INCREMENT for table `gift_cards`
--
ALTER TABLE `gift_cards`
  MODIFY `id` int(11) NOT NULL AUTO_INCREMENT, AUTO_INCREMENT=16;
--
-- AUTO_INCREMENT for table `mypurchased_cards`
--
ALTER TABLE `mypurchased_cards`
  MODIFY `id` int(11) NOT NULL AUTO_INCREMENT, AUTO_INCREMENT=214;
--
-- AUTO_INCREMENT for table `otp`
--
ALTER TABLE `otp`
  MODIFY `id` int(11) NOT NULL AUTO_INCREMENT, AUTO_INCREMENT=73;
--
-- AUTO_INCREMENT for table `payments`
--
ALTER TABLE `payments`
  MODIFY `id` int(11) NOT NULL AUTO_INCREMENT, AUTO_INCREMENT=216;
--
-- AUTO_INCREMENT for table `purchased_cards`
--
ALTER TABLE `purchased_cards`
  MODIFY `id` int(11) NOT NULL AUTO_INCREMENT;
--
-- AUTO_INCREMENT for table `stores`
--
ALTER TABLE `stores`
  MODIFY `id` int(11) NOT NULL AUTO_INCREMENT, AUTO_INCREMENT=21;
--
-- AUTO_INCREMENT for table `transactions`
--
ALTER TABLE `transactions`
  MODIFY `id` int(11) NOT NULL AUTO_INCREMENT, AUTO_INCREMENT=611;
--
-- AUTO_INCREMENT for table `users`
--
ALTER TABLE `users`
  MODIFY `id` int(11) NOT NULL AUTO_INCREMENT, AUTO_INCREMENT=109;
--
-- AUTO_INCREMENT for table `user_cards`
--
ALTER TABLE `user_cards`
  MODIFY `id` int(11) NOT NULL AUTO_INCREMENT, AUTO_INCREMENT=227;
--
-- Constraints for dumped tables
--

--
-- Constraints for table `cards_redeemed`
--
ALTER TABLE `cards_redeemed`
  ADD CONSTRAINT `c_id` FOREIGN KEY (`card_id`) REFERENCES `gift_cards` (`id`);

--
-- Constraints for table `gift_cards`
--
ALTER TABLE `gift_cards`
  ADD CONSTRAINT `store_id` FOREIGN KEY (`store_id`) REFERENCES `stores` (`id`);

--
-- Constraints for table `purchased_cards`
--
ALTER TABLE `purchased_cards`
  ADD CONSTRAINT `card_id` FOREIGN KEY (`card_id`) REFERENCES `gift_cards` (`id`),
  ADD CONSTRAINT `x_user_id` FOREIGN KEY (`user_id`) REFERENCES `users` (`id`);

--
-- Constraints for table `transactions`
--
ALTER TABLE `transactions`
  ADD CONSTRAINT `s_id` FOREIGN KEY (`sender_id`) REFERENCES `users` (`id`),
  ADD CONSTRAINT `transactions_ibfk_1` FOREIGN KEY (`card_id`) REFERENCES `gift_cards` (`id`),
  ADD CONSTRAINT `transactions_ibfk_2` FOREIGN KEY (`bill_amount_id`) REFERENCES `bill_amount` (`id`);

--
-- Constraints for table `user_cards`
--
ALTER TABLE `user_cards`
  ADD CONSTRAINT `user_cards_ibfk_1` FOREIGN KEY (`user_id`) REFERENCES `users` (`id`),
  ADD CONSTRAINT `user_cards_ibfk_2` FOREIGN KEY (`gift_card_id`) REFERENCES `gift_cards` (`id`),
  ADD CONSTRAINT `user_cards_ibfk_3` FOREIGN KEY (`transaction_id`) REFERENCES `transactions` (`id`);

/*!40101 SET CHARACTER_SET_CLIENT=@OLD_CHARACTER_SET_CLIENT */;
/*!40101 SET CHARACTER_SET_RESULTS=@OLD_CHARACTER_SET_RESULTS */;
/*!40101 SET COLLATION_CONNECTION=@OLD_COLLATION_CONNECTION */;
