-- phpMyAdmin SQL Dump
-- version 4.5.4.1deb2ubuntu2.1
-- http://www.phpmyadmin.net
--
-- Host: localhost
-- Generation Time: Jul 19, 2019 at 07:08 AM
-- Server version: 5.7.26-0ubuntu0.16.04.1
-- PHP Version: 7.2.15-1+ubuntu16.04.1+deb.sury.org+1

SET SQL_MODE = "NO_AUTO_VALUE_ON_ZERO";
SET time_zone = "+00:00";


/*!40101 SET @OLD_CHARACTER_SET_CLIENT=@@CHARACTER_SET_CLIENT */;
/*!40101 SET @OLD_CHARACTER_SET_RESULTS=@@CHARACTER_SET_RESULTS */;
/*!40101 SET @OLD_COLLATION_CONNECTION=@@COLLATION_CONNECTION */;
/*!40101 SET NAMES utf8mb4 */;

--
-- Database: `gift3r`
--

-- --------------------------------------------------------

--
-- Table structure for table `admin`
--

CREATE TABLE `admin` (
  `id` int(11) NOT NULL,
  `name` varchar(255) NOT NULL,
  `email` varchar(255) NOT NULL,
  `password` varchar(255) NOT NULL,
  `image` varchar(255) NOT NULL,
  `recovery` varchar(255) DEFAULT NULL,
  `created_at` datetime NOT NULL,
  `updated_at` timestamp NOT NULL DEFAULT CURRENT_TIMESTAMP
) ENGINE=InnoDB DEFAULT CHARSET=latin1;

--
-- Dumping data for table `admin`
--

INSERT INTO `admin` (`id`, `name`, `email`, `password`, `image`, `recovery`, `created_at`, `updated_at`) VALUES
(1, 'gurpreet', 'gurpreet@gmail.com ', 'e6e061838856bf47e1de730719fb2609', 'a3.jpg', NULL, '2018-01-31 00:00:00', '2018-08-07 10:35:54');

-- --------------------------------------------------------

--
-- Table structure for table `app_login`
--

CREATE TABLE `app_login` (
  `id` int(11) NOT NULL,
  `user_id` int(11) NOT NULL,
  `session_id` varchar(255) NOT NULL,
  `device_id` varchar(255) DEFAULT NULL,
  `device_token` varchar(255) DEFAULT NULL,
  `device_type` varchar(255) NOT NULL,
  `created_at` datetime NOT NULL,
  `updated_at` timestamp NOT NULL DEFAULT CURRENT_TIMESTAMP
) ENGINE=InnoDB DEFAULT CHARSET=latin1;

--
-- Dumping data for table `app_login`
--

INSERT INTO `app_login` (`id`, `user_id`, `session_id`, `device_id`, `device_token`, `device_type`, `created_at`, `updated_at`) VALUES
(2, 2, 'jx0EluvGyvSn0HVXrpCfxdRobAzUjjp4', 'e8aYkcll2j7xH3p', 'fsEB5nNg7TY:APA91bEOaoboQlEXyJ7y4r5TQfBQ90FKZcolLB0xidd-31tZD8Mj1ISvjvMdBhnOTLJVP9yD5D2_ZcBGGEvdnCHP-bKPHRGtTwYu2EkXxkzt5Dy703ChoOAW9TqP4ccxXSmxhpQJLwXs', 'android', '2019-03-30 17:26:06', '2019-03-30 17:26:06'),
(6, 5, 'wPpyTu3x4YJKQjGf6FFqRGZCJvTodg2C', 's8feKFgv8QlUrhp', NULL, 'android', '2019-04-01 20:57:43', '2019-06-30 22:56:32'),
(7, 6, '8KbaIVib2I85VZ9S6z3iuc2h2jviIZx1', 'eqvB4NedpqsMrbA', NULL, 'android', '2019-04-01 21:15:20', '2019-06-29 22:02:24'),
(179, 69, 'MGemnuAsAMlLOg7ya0IseIZVlqqbRfYS', 'mQrEvnoGj9u1cPe', NULL, 'android', '2019-04-11 21:02:51', '2019-04-11 21:02:51'),
(185, 63, 'dVR9lvLjmQou8jQlGFsleGHT3spRkNMp', 'n3RFF8MvsQhjUTw', 'eTkhyQOKPX0:APA91bHW1CZxplCLkPiFNO54hHiWvpmvMHpijtZSnvifPQig4L0ReI128MC0QQLakniXSlT8n4OBiaEovbNv3-koL_hB1zlVYdjgNnUVV1FlWx2lFG0c7C_9B_sgnx1uTTHf0PzM2QvJ', 'android', '2019-04-12 11:09:40', '2019-04-12 11:09:40'),
(188, 72, 'GHlOPvRdTWaYD5abn68wNilT2uHeW8Rn', 'Ivp8q1Pbm1jadO6', NULL, 'android', '2019-04-12 21:23:03', '2019-04-12 21:23:03'),
(189, 73, 'NW9HpCBQbMxXGkArwzmTsYca9Q5DX6E8', 'HqCLZLYpoLik5fh', 'egMtdqipw4U:APA91bEro3I2p-817MtMoL_IYwFM-9QwP2AMrgP-ZF9WSoLNC99cYUjXuAdozCEnNRxiagwNoMDXVHxJY3uAFmH-xS1mZCOkNQsBtrBBddqsOIinirViNKTzB0-DHrYT4L3VibHwnW_D', 'android', '2019-04-12 23:07:13', '2019-04-12 23:07:13'),
(191, 75, '7WVA9OC8GQbl7Lug4CN6CgMGef7TwiKd', 'Azm5X93owJ20nOj', 'clgPcQmXEis:APA91bGswyZRAqibvdz3zQNtofknrxRSCHrTAZd-a9H3vg8W0AaH1V2M31_Xk_ELdpSYM5zW-IEgzlt1j8lxRonBvdNNWK2v4GniQQ-LaJmo_M99hYPYUiYj5YhxKlyyIrpcb862i7Df', 'android', '2019-04-14 04:03:05', '2019-06-29 17:56:01'),
(269, 53, '4f8XUapqaRH7r0szcGc0tIoANEABEaBj', 'deviceId 111', 'ct7prEiMJfA:APA91bHx94XkBz336j075AOU0eIglJeNZBhAHIBCzD4ZEInu11q2owO5mUHmMdIARBmIuDktdHnVdS_rtaKBMqDOL_LNdsdQR7X633_3mjDkEo9r8CF_mVEQvPAlX-N9KftFwCPXKSeE', 'iphone', '2019-04-20 15:20:39', '2019-04-20 15:20:39'),
(275, 76, 'ywzmpuh08EOZw2t7zjGhegMNpQgB1aXN', 'ui37CPLEo2pP0S7', NULL, 'android', '2019-04-22 02:18:05', '2019-04-22 02:18:05'),
(276, 58, 'vytL3aG9x2d8IkhdwA1yAcvtyqstFa3g', '0AA6ABCF-FFF2-486E-BC70-90E461004832', 'f-clkN9yggs:APA91bFEZNjF_30L-PL5iR8GtIh3KrliSC4QYNRmQR_BqYpjQw0ZD7OgvGEFOm9xNZ5uDuHt5dqMXs7EaZkDmN4KFrNvkcofkK5mhhmqLI5-Vv2fYYrN6VvLLK6TOjqRlfLLZef0hhlz', 'iphone', '2019-04-22 02:27:38', '2019-04-22 02:27:38'),
(277, 88, 'SnXyayog0faIYYStEGyjgGVr6tScnguS', '9B462DD8-2F8F-47FD-A736-87BE6B0B6F5A', 'fG1kp44FSZA:APA91bEzEIRlTnxGSU0wNYNNNW4iWK6ks8A9phMUjPnFaeUEODUEp0bv33ZODSE3EZQo36MExC9fKTJSjD53HM7GdNlO26aEGcj6JMAmODJbgA50gL1NPU2qBGos0ry9kf_CT6EG0W9F', 'iphone', '2019-04-22 17:31:34', '2019-04-22 17:31:34'),
(280, 52, 'alBQxBOlmnYsy0S7XSAUp2NWz4ZvXgAt', '624BB8C6-95B0-4EB9-94CF-33D898B142C9', 'cX_2s5PiUxA:APA91bH1SEpjyow7ZOSkRnfcWeavXL66sQoPWuJt450qYanJ_0BK5nVPfm1kgAq1By_pkbuUYuKwrbrX77jcFj1F1OvmUMBamD30y9WCSNBnpd9bEsemOZKyOd1JrTwYRsyBTmFotjNf', 'iphone', '2019-04-23 20:18:40', '2019-04-23 20:18:40'),
(283, 97, 'i0v6l0BlcxdQB5xfRu5kfjXMgbZSuFzy', 'akwqsr2EN5HiXJ5', 'ewdT0EHGe24:APA91bHfCMHinwddEd5QVSfhkuMI8ulKGPvhvnW-3rchqMnpHjDG1cuaQ-WhXas4q0VMmnLK33GCGvOyechU45wb1Jid9MoiXWsJvWM2BAjJiqD3YjLs2PwmNuYNm2A1wfRUzjudQm36', 'android', '2019-04-29 07:40:09', '2019-04-29 07:40:09'),
(300, 108, 'Qw3dmQ6i0kfVfUzHrh5fdEtRFLblvWlm', 'EA3D4DB2-6C2F-4AB7-8A02-AAB68A1F64BA', 'd1HSg2Jf_Zw:APA91bHHKiJjKi9VNcqRpAGA7eYk4B0uoeGeJE8XD2blS1716OofiGxliXP7Qk-Z_2xy2YWk5B0u1Os-MZaL8U-Ukdf5pihQL5n9nGJu8yYfHbO4TZnXliWNARJlk9KCZJHfqmlBMrz_', 'iphone', '2019-05-02 19:01:22', '2019-05-02 19:01:22'),
(302, 109, '6neJFtq3pkiglOlL5VOyTWixod5vta3q', '9D267E1E-F126-4D4A-93AB-C577C75EE737', 'dXcrsRCdee4:APA91bEg4wOG7VctzF1j8jZxob-eorMoI0wEdPbuR47JbzEaOAwNu1EQMsG_V25kWQX-5YP7RjA6zOmtvYtqPACfqhp8XEVNli5doMK44rkuS2uCX5rypmmGCcNzcKQ63CG1PU-5Lu1P', 'iphone', '2019-05-04 20:35:28', '2019-05-04 20:35:28'),
(303, 85, '0VsMd09jjCRwdb1TPfrE9M0FOAr4QVG2', 'JNotcaioJRc3ZZa', 'e9R7SgaWQz8:APA91bEycsc9rdvSb70BDku0FcHcgbmNUwNnoEpo55v6P0_DK9xY3rtu2sKD8indwz0kw-2aKZlOEi6JEtmGr9WE1xM_ag4aqPMKv0DjfNYhJF-UQ-xK4H67VtLeBM66Bf17Isyai46M', 'android', '2019-05-05 17:51:36', '2019-07-11 15:27:04'),
(304, 110, 'lDRCzs3g9ceCSQJJG3JQHyY1QqksYmw6', '770FFCEA-F938-4517-B2BC-35B55ED6B1B4', 'ei9x6QzXUmo:APA91bHNsVrLfs0FWRSyiiUpHCCN4ALU0fXO0Qmvgffou1Q4G6x-wK4r1bRX6bl1q9qneZxwGeL1gAVvswCrPdkOjJkNdXu1C9xxmxOHytRkcFWJvoRHZ-DzzyB3f-44SnzMHxwMzanp', 'iphone', '2019-05-06 02:12:22', '2019-05-06 02:12:22'),
(306, 112, '8oq6KnYyTou0COJX8xVOoAnPm74WcV1G', 'cGNxSm2cMnS9B96', NULL, 'android', '2019-05-06 20:20:05', '2019-05-06 20:20:05'),
(307, 113, 'oxEyIBDK7pgaPivmSHM08cGLJ1MQ7Efp', 'C92F04BB-C9B5-4BA8-8F72-EEE1F2F73863', 'cUxhD-QmRek:APA91bEt4-QlIWDvpLZDPTmRIhZTcOEEbEUimsxkeBrw8W3T6TUAGKBLj4yS5VchL1o3yVjc8Xlm8lcsZbKBmr-LZ9hmA4ZhCzZXQYQSEr0PVtTp4XlHvCL6sLO5HRHHYozvuXh5heY4', 'iphone', '2019-05-06 22:06:58', '2019-05-06 22:06:58'),
(308, 114, '40Q5waNtj8JHs0g9wG0Lo2GUdnPaC4UU', '695F8AA1-42D8-4C4B-85E5-509FF7F4FC59', 'eDu1AuDgTM4:APA91bH-rGju5ZK3OWTSGTRrDAdtPOBdBHEx7f15dfHYgSdCoC-3a74_TwYkaZTYmu01m3dldxvQp6akvvgpEhR6_xbjxZlIh0itSozQ2JSEkO7JiqZ5CyYHXBrpzW6MyWOJc-Nj6Xba', 'iphone', '2019-05-07 00:19:53', '2019-05-07 00:19:53'),
(309, 116, '7u2mccxukG3e1LISMnY5OlQmw7mu1K40', '96561959-3CBF-4721-8F34-39C08A981974', 'dwffQ8UVUeo:APA91bHFvMIFqC7byTBqSr1vzQfmpMREMkWdwzkHoqt6b9zDOw1P5cfiiJUXFWoqc20pd7fZfsjHJyE2WGxlFVW8XlMfLATI8sDxgEAA-iY9yFwXyo-MdI7PdAP3vl-0iV5hc6H3eR58', 'iphone', '2019-05-10 16:11:13', '2019-05-10 16:11:13'),
(310, 94, 'SlzMFWcSr9l5swt0uafzw9XlvcHdcFyD', '1566A7EE-9AE1-4DE6-B3E8-A621318505D6', 'colDWH3UO1k:APA91bEUADdw4HMeCxYb6B0ZIZfn0XpLyBgUltinbUcv6oCCfaRxEj_7I6-rpqjMYjkcDikp4KPms5-8S_BWVV8GLIZXC5CYEqfA9aL3iTjhGVM2MWI9_25mahyhf7IVuCoGlfT6vsZK', 'iphone', '2019-05-11 19:03:54', '2019-05-11 19:03:54'),
(314, 24, 'mfDJsmyX3lD1P2dHnTt4iP0YdhsTcd4L', '5B98D700-C7BD-4286-AF19-AEC6970BAE2C', 'fRb6rK14HqA:APA91bE_tXywPOF70deOcFGZhXJL_tzpvDtCCBRXndsmQPQFD90X8JUxYhNT6b6AqJFjTS_yA7OiurBXtH4JKKLHvfQqXkfwOY_NyiC5y5qOolQRjqbTcWLYaaXmZMm4Jzt0effG7_n8', 'iphone', '2019-05-20 15:43:53', '2019-07-02 19:24:03'),
(319, 31, '6xYP23A91f72DEz39LoHjARNejAFFb1g', '0A87A4E4-2FB7-4C20-83C9-43FCB6606038', 'cPqoh48BIIE:APA91bEWGx1l6btqDlh0jVYDimFaMxtVyUuA_yCk4n4am0uQqKz92gc6rhExGT5qcM9k9mmMWZpjxsV_7nVKb61RVxmj9kqkhDEsuaN680CCu9Ij06xllk3RgS1MAI-pr6YziiMWRwaS', 'iphone', '2019-05-22 12:59:34', '2019-06-29 18:53:00'),
(321, 28, 'pIPk2kzqeI7Bz8sUC6KnZaa5ja6fMkyC', 'BB7C641A-0F95-4B7C-ABE3-767D9A211F04', 'dTBPK_4Pxtw:APA91bG92v-A0O0-gWDFTrIJqmBlmCVyK-0F9kWHcXFzJ5oXuhNEoTfLTNsjuaHmgDmkB-M0d-j2LJ-IsKW8BqFXRKe7gihlHcDcITIAwRvPY4mdbm83lKLQhzJvHSXoqCI3Sj9vtUNM', 'iphone', '2019-05-22 14:26:30', '2019-05-22 14:26:30'),
(322, 93, 'FzEAICgInNajKAPNdkT8vneph1vZCL4j', '6C6A4DF8-2CCD-4A3D-85DA-23AFCC7F064A', 'cwz4uOv2EyA:APA91bE4irtRc4sGPJ5C7BRFoJ_UMj4tIPZazrPtN2MCjoCax_VwIC3895P9PvU59KLnhJtPYj5frKj0rgCdUhsJXXlPsIa1ilqVefhnuW6miwQGQibpRODBwn0eL7yCYo8aE8n3_K5b', 'iphone', '2019-05-22 17:47:28', '2019-05-22 17:47:28'),
(328, 122, 't7T9rHvAGgt0lhZiVgLiejunudh7zAnb', 'AB955F68-8169-436A-8563-13B5A0558D50', 'dSDBF_UrRlU:APA91bGtG1VGs6HLJypKIi3kxyIDjZeipWbsz1U9l_fBX5jKoAqwibsLgsRErndk4EOMnh00u1hNIjB24U8AqT2PuMjqCp48e8F-4VsmkdC66VsRzohEWPeZNbN8zLBaK8uNCno2ahNj', 'iphone', '2019-06-06 21:11:15', '2019-06-06 21:11:15'),
(330, 56, '4tFdX1z9ESPJr9yjDHY3b1cIb56QV1tT', 'C4F69DF7-2344-4539-86D5-205AD45E34BE', 'e8S14yLA4sQ:APA91bFcFkphMLaOGKQ2ydjrNQj-5uqcpCymFlCY_7RhigUk85--psMTyVfh6qkFP5L58C1KA23cLcDp6BIsFbQD64HrYtNz-1NiwAscwjLZiHZec_pbf8DA41e6tN1n7WEDf6rn8zGy', 'iphone', '2019-06-11 20:23:11', '2019-06-11 20:23:11'),
(331, 123, 'BRO3pGr0mv1slibUX7DmxQVG28fPQD6n', '1E599BDB-2B6E-4269-BF46-5686BC4445C9', 'efdP62jIVu4:APA91bE60RoZmbP_IotwDDxYJJSsVbbIyBzRCPL6Oq85ja7lVrzw_MFB3iSuJ6fo5vZ0JD2NvmGaLq90kAfgJSWc9_YGt8MHIZ06Mml-b-Q0zJLNRvZITYNfeexJ8E35gedQ6NBIcebI', 'iphone', '2019-06-17 20:10:20', '2019-06-17 20:10:20'),
(332, 124, 'GHq7miFsgBS1b3Nvj8E8XYu4YacX1MIP', '9B44D9CD-F032-4295-AA32-10F3ADC38D58', 'eku48SMo_-E:APA91bHbTYeKQlvMpWY7nT52XyANZHpc-2UwI8KU_ogF6oxSQAd9Nr6qUUG21iXgeytrqjjzPDLq4nde1gAf30M8D1Hqfts2lVAiWJzk1GG3VIkMt7hrXsWOW7pGwNTQEde3hyQuIaXI', 'iphone', '2019-06-19 18:01:33', '2019-06-19 18:01:33'),
(333, 125, 'AIP2s3jLJkWMvhulhfYqhPrTQM8l4ntb', '39F2C190-E9B7-4162-BF37-765760F20ACB', 'du5SGT_ZOM4:APA91bHDtKdeSg2tNK_LdAOtCrOV96-ct9WUu5JXicVD2eAlzPkK7fPxDzrkE50sDifUE0lYfMfxOCYrF8rhMmczVphJGS249GD4S2ym2mbeTKj1kCvjOZ4KDW0YVpBFf7_8A4HeQgTq', 'iphone', '2019-06-20 18:51:06', '2019-06-20 18:51:06'),
(334, 126, 'V3i0POYiit7hmg86TuTrAhpD3Kk6kCym', '7D3713D6-93CD-473A-B54C-11282C25DCD0', 'dIzRM7i71eU:APA91bH511pAgbJEZ_1hkHL7pEdk5ZcalLhxL_Dbxf0ir2h1IswAL8eu8EPpeLeaaW0DsMFomQmPltNlm8ZgVFgFzT9IX1dTm5u7VydajLLTAYAWLA5U7cz14_D5BMh9X4fo0kwQfawp', 'iphone', '2019-06-20 19:05:36', '2019-06-20 19:05:36'),
(335, 127, '6t4mHO9LJnALdRwQhDz62VcsGu9itEBx', '7EC11AD2-B95A-449B-AEE2-85BC0EBE25C3', 'fgrKuMEs71s:APA91bGWJCvXf5w_UP2B4R37F8l5cy2wd1WOeEva2K3TNEI_eKwvEDIMmh1nVYbPcp5QuzCZuHJAkkQvHqrvyO6t2ZZuB6qk64hbiXekbzchfy1wBRefI38npyaXnNHVl9tGf8Tgo4Nv', 'iphone', '2019-06-20 19:06:58', '2019-06-20 19:06:58'),
(336, 128, 'PV50vgIAiHAmMnmfQKP6vz7o3xvaUm6R', '5kxwcYsl4EaagRI', NULL, 'android', '2019-06-20 19:23:45', '2019-06-20 19:23:45'),
(338, 130, 'LyBtVL4ye5uHv31haoofkesCpR66LE3y', '063B35BE-E059-45A7-BBBA-054425DB0093', 'dESDf9oQiTI:APA91bF6aK6iapdDB3B6E6Br_qTa9KXLeXDd0VaNXqrw29GdgNYsxTX9rkLw7BiDD8_DLcELaI8076zUfqKnpmjPcKqfEZpPyBWYW3r4UzloXFNHj-TKztL_mUo_E9Fdfl_UyVh9FOqH', 'iphone', '2019-06-20 20:22:58', '2019-06-20 20:22:58'),
(339, 131, 'JWV75ajJxJrJ4e3bu9eRgR6SVsJzPesr', 'w9VJaG2mA2xv3gK', NULL, 'android', '2019-06-20 21:14:52', '2019-06-25 19:12:46'),
(340, 132, 'GKs0kcm2XtRjHihzAp1vnWL0VVZFwZIA', '9A087E38-808D-4713-932A-71E0827B9ED1', 'c6fM4o774NM:APA91bGrVzTSCF_0uvrhRhcFZ0YeZQEgoHNCituqMOINS70iBv3IQoEqnmo8ZkvT7J-hCe1U_klp9Ys2vZ_CupJbPbmMTa10TQNFpUrjlgWiVkUGkIBZfSlwghcBlFJu8K6-wJDwmT9O', 'iphone', '2019-06-21 01:51:57', '2019-06-21 01:51:57'),
(341, 133, 'nFzG52QlT2gDibbQNA1VydU7vMAAcZ42', '30F37C8C-BB02-4D83-B1D8-86640293E76E', 'dQD0HETzpO0:APA91bHydE3sE8-s5UTm2CF1nnh0HWr9s7oJ-OBTFWToIn1H5O1RyppV_IW88Kl9ZdMw-qweRiCkfcNoPrpxH--UzdJHnQKZdb1980kawGS_12lC_rd3DZJ2bGy80Cwg4x63Swg8UaJi', 'iphone', '2019-06-21 04:21:20', '2019-06-21 04:21:20'),
(345, 134, 'dN6HDaeZu8zUNSNoozdf7qBawiaMLarp', 'ggiZH0rTfYCPiJ0', 'crYj3pz-51g:APA91bEjKzCmc_qn1LuTdTMv0lP2yO_wDuAdnY6ncw0m13xpS2H2XnGC2QP1dzYApfoThLqfG3vbBDgRnb5QqKbqWF4BoVuD570UZDHFt2lgPjDXWK4xQ452Cw-CLYSfb34O842XV6Qk', 'android', '2019-06-21 20:41:55', '2019-06-21 20:41:55'),
(349, 137, 'ZmGcZSmeErhGmzgoT8FlJxKjMDm5oKMt', 'cWAyRKMS8Uo6JRG', NULL, 'android', '2019-06-25 20:14:05', '2019-06-25 20:14:05'),
(350, 138, 'AE8FSI3SqloEIKEMYSBub1NEfFZ8RPeD', '247A4DE7-B1A2-4D2A-AA9B-317B0F72EF2E', 'fkYnUqzSWVo:APA91bEUSydk6_EpOC1H2jnmKTcgn6e5JPrsvpB-APxzkBsmQGGJxR1lPxVhAeOiNbm4Qxe9xcYni99k1uCLsYoCxj-rFxRQMPTpQOhQjsDLI0wsgXtcOwhZlSBRSWu6ktyqcuqCG3tj', 'iphone', '2019-06-26 02:59:18', '2019-06-26 02:59:18'),
(361, 144, 'eQ2o9nnhSPUCZfkA4BDFaQ2gB0jKvo5R', '6BFE5BDB-B24E-4C4A-9288-EE1A34CD57E1', 'fGctok0i3d4:APA91bFYvEO7t1SHN5CbOruHWckMkOlPDf0E-Vi4sjZ7k_YuvLsCD5-b1-w2BHTPMCww32j-s7h3duMIc5XujjU_kP9-Pcws9jvV_Z3ViubUV79pNNeQgHIYAp4i9GKj9WUVUiSgfx6z', 'iphone', '2019-06-27 12:11:38', '2019-06-28 13:36:06'),
(364, 145, 'vr0FOBa5SntKLdhm9ZLvJCJbtk0GkWUs', '7B3C73E7-D54F-41F3-BE73-9BCEF6DD73B6', 'e6zke2Up96w:APA91bER-vfWBe_cU1NtXxRebzL4XO1QDzwmMIhH6MWxitJeTBScsuALBUZwR8xA2Qlg8PrjL24Fd0Z4QHaSsio8TeDihugHotMxg9zuHUWsqa-rqUuZzl0_H-NgilkwxofAPOredfpv', 'iphone', '2019-06-27 20:41:25', '2019-06-27 20:41:25'),
(365, 146, 'mUblvnts4EZuwOtszXvyjEjkWZrDNPYL', '88536597-A9FB-4347-AF9E-D7DA0EFAF7A6', 'de3xkBzs_S4:APA91bElD07tFxiNzCoDbp00XP-8AJvTGfWpWpYJIfd25oDbqGWNNk4P54FkaL8nt3bDN234-6wtL-9NKSN7gnHA7MPIOGHBHB1CKUSBCfIWpQZpEjN-KNOOyGBR90EGmqbu7NbgZvEC', 'iphone', '2019-06-28 06:52:05', '2019-06-28 06:52:05'),
(373, 141, 'yuhKvON2BP0vaxa1OKYJ0TNAGyiexbOB', '88C113E8-4A5B-4EE4-8AC9-8D78194579C4', 'deCBCZAB1v4:APA91bF_J_OxZwE-SEo4Q97hHMUXEUQ5RHiPziyrHnKHE8Z5kjBouaTKnaH_EUCt1eUMEQAJh75t31oEINg4PJ6r5ysiIokSk07xrtQdnuTBdPNqbBB4iPf2vL8U17hbC7JUbFunmHHD', 'iphone', '2019-06-28 18:39:45', '2019-06-28 18:39:45'),
(374, 51, 'ZM7JVYjKVpqS3Dryefn1YY4Ie3xK2WXM', 'D427A7B3-0AC8-4594-8E69-5E60B06D713D', 'daniZYEignQ:APA91bHJWXhAjPc3EwqtlbDuHhqYT7yR9PsjRwvz7M01zSHu9U1-XxxBtMbOKk4MDsS1jcSZMv8qU9VC0w2vMfXPIGwmmljk_lDJ_a8DK_FHFIj80_v-ZuKq2qMASnSbHp9kcWPFhSOR', 'iphone', '2019-06-28 19:39:29', '2019-06-28 19:39:29'),
(375, 154, 'CxgOXzZJGvIq57CLybYY9R0QPi90jcVe', '8A11D6E1-4A5B-4923-B286-5B4CFE6CA32D', 'fhRnSja3R3Y:APA91bH5BFWYUjCvrdBWYbyZSFa5RydAL5CAYGZC6SDU2iybJq58Tqr047cgqt2pSX9KTM5Q_Rik9vm8icyaFeuDAt0JAdwG0d8Dn-n4AnUVYDYMx8DRYLywhhiDaU1QsvNYPX2RFKms', 'iphone', '2019-06-28 20:30:09', '2019-06-28 20:30:09'),
(376, 50, 'rNlioHDw2mcv0KuKyIV8kEoUhKkvTAGY', '8CEC4E9D-B982-485E-AB60-595E7737C8D0', 'd4x6Z5-5I9k:APA91bG92RA64J-jh8pWw3ptskRJGJl7jfbMxAn0hZUgdDHrWwC-2u9NfwoRbJRg7Qp7YD6_B6PNJsLyVTPw9OIKJYIxxji9IBAjX-DSLHs7ZtjLecVndxGpieeV8hj9FwKy0PYC-b5E', 'iphone', '2019-06-28 22:09:59', '2019-06-28 22:09:59'),
(377, 136, 'VTX8lyTJ4uHcNAY9KexSRW47DI6Rl9BW', 'sVbi6uNxA0SH66x', NULL, 'android', '2019-06-28 22:21:55', '2019-06-28 22:21:55'),
(378, 155, '5Eifbs4CShKDoxitBWPcDFXEY2B05s5O', '5D1FF719-8CC3-48DA-92EA-6E7A0F6B4F8D', 'e3eij-acnYo:APA91bHlV_PGFM3UDW1d3njRftWMbpOS20bPGeByfOjT_oyC5E6xYPRpxl-mro7aa7QTkxR5SI7e5I_lngoDkqRkE6mrkp16CDicQ8uIEhpSv5e_yJdMeU5YxiP115mDIEMM2MVGWZGx', 'iphone', '2019-06-28 23:28:12', '2019-06-28 23:28:12'),
(380, 158, '9XDwmVVXjKLcHZ7rGiSVGjqTkjc2729j', '3AFC067B-C39F-4271-A67F-A23D6F50930E', 'f46ciH-OlrU:APA91bGQ0uq8YrKzR6QVh_ei18d35ljfKSF5oUsm5pYeC5ZK8qhvsE7cRUp2P-KThhOYN4yY4Ra-ObsC_Ug5AqfKWXxUD7cPwQpH2KhE2-D1lD4ftuYRrqM4azfAOFZ4L_gxUQwpfkAt', 'iphone', '2019-06-29 15:51:33', '2019-06-29 15:51:33'),
(382, 160, 'nb9aj9Ghk23xTheMuuhGgFOtG9Z8K2kr', '32FFB849-E29A-43A3-B784-42934D538445', 'c01fxmB4M94:APA91bEL2KjQf_tlvkIeLoa9ee5uLRpUkd-bcgsmZl1kH4Ybcy7UUP1tBX8B-Z9BFd9OEA3XKDKh1WnwGd-u4o17Gw5J0qB0DTlmv7GC1Nui181SNS85s4yT3sg8toQh2BC5VzLBNVQY', 'iphone', '2019-06-30 00:08:19', '2019-06-30 00:08:19'),
(383, 89, '7BqMF4TNwZwE2DDoJ83v8jmN0BD4ZlLi', 'KcYCxAcNgXBc7ya', NULL, 'android', '2019-06-30 00:19:44', '2019-06-30 00:19:44'),
(384, 161, 'xHgG2VhMMIXn8lVaEh1nRNa9jFZ1pqqK', 'E4C4E49B-E3F1-4D36-A237-740A2E1F225D', 'd0gi5fRSoGY:APA91bHEnSb3a7fKGElOhl5FT4SdMrwCgZEV32Jl_b5XRAccwMJRy1niYhf_UKDAxckxw4g2MyLZUDAiEixEnZ_DSz0WcbGm4V1QLGhQD67nlJfjr6BnoeTsIw8NQKpgGdnsBYatUnL3', 'iphone', '2019-06-30 04:53:33', '2019-06-30 04:53:33'),
(385, 162, 'AgsYRgbLE4JniQBqHT1BeCvncJaIeU3E', '07405C1D-42CE-4ECD-9FA0-571796350FC1', 'cIFomJ4eXWI:APA91bGOo8rZw2nOxCIi0aEzPICa__cHQtn6vh3_gN7CTb4rFa7g6iqPk2JkQ1dxn_zm_k_ildzIbzBEOI49xuuTreopoD_l63QKFQF8bfF6Cbz2ypFUhablbPWF7ZEoyfbee7zGKEYY', 'iphone', '2019-06-30 06:11:02', '2019-06-30 06:11:02'),
(386, 163, '1i285Z6CdpcyNgbQLdnO4wuUL77enXbd', '98E483A0-DD54-4245-B59C-31B415F9CB3D', 'ewoQXOdvB2M:APA91bGeR1N3PjndrCckO-enK4PX33la_niWwlNJ3uhLINtNkMrRBgEuuL9NLpeJi5K6GHVdXWyq-1z722mpXAEG6X-A6E8t4vwbzJz4D8gRi8-y4zLJLx7g8aqD_j3-XsSQbNnXiFNv', 'iphone', '2019-06-30 21:38:05', '2019-06-30 21:38:05'),
(387, 164, 'r4lXpcJ0QwiCM9Ba4q7VR6ysdnGK7VVN', 'ABAA3CF9-C9AF-456C-96B6-3AA324553A59', 'dJ9Os3MD9S0:APA91bE9IPdPLk_6lNv8H8XOjkD9Uadi4Hy6kyLYz1ZWNeh0f1239NHcE8AdDkB0Egjq0z79zSa9oEey2W26FfvIOMucHiDeoCDsnN5bHLYYyTukPenQzdBaz-7xa14RmwxIFoCpBvhN', 'iphone', '2019-07-01 00:54:01', '2019-07-01 00:54:01'),
(388, 165, 'qt9hTNXTchnEFku0w0TnoPXZQzYMJFjh', 'FCDD0404-6B1A-4F43-9A77-820E2681CC22', 'eBI_2FTuI28:APA91bGulUFGMbfPkeaky6SutYHEHa938wd-s2AJjMcg4Dj7hkEWioENydDmMbREz40tILBLvxZMLOq4GljQFzoGOGA4qAQVbjp4tvG9TDy4stwhpGrgZvfqfU7qxZKZy_iZ2xDmDldu', 'iphone', '2019-07-01 20:42:13', '2019-07-01 20:42:13'),
(389, 70, 'TCkf5aWnzLJEcE5I5sS6ASaBbwXGX65z', 'WLAIa1iW33Fc9pM', NULL, 'android', '2019-07-02 03:42:42', '2019-07-02 03:49:19'),
(390, 30, 'KrXijy0tgyyJpNbD6BbSiKNDMrLL8uYb', '996AB4F5-CE3E-4C00-95A1-10D7210B162C', 'c_PWNLHF0UA:APA91bE7Z4bovkcNAV46HJW3WUg9C0X2wXP6SDjrB_aVoZhmPyNFHRXVMcBp4SKDqup0uj7nuhhtT3OPtYQaYfua7xo9DPkyDUZTo12ekOqJ2esAKH5pN6AG_QNsYmGVP5ac0NVzYkTT', 'iphone', '2019-07-02 14:31:24', '2019-07-02 14:31:24'),
(391, 167, 'SPDIKvvMv4sqRaUQhF8LTkTkEPEzPwDh', 'E3D4D406-AB5D-41A8-A301-001137B8A22F', 'e9ATWvP_6Og:APA91bEMVY6k1BiFzyJoxM5l0_PufMqslEjAixPAS8GH8gUcsUag9msHZAoVonkZP_PK9KhbFyU78qElwaqiXR7i2WFrhv2PahZAxIJlym1n5S9mmgcW2iiTb2fkIQT_Jnap0edZew8m', 'iphone', '2019-07-02 23:47:41', '2019-07-02 23:47:41'),
(392, 168, 'rHhzI0LLZx5ImarBmdSDk9OQN5KBBQtY', '174844C8-8DE4-4F53-902E-D5917F04753A', 'csMYS7dX5Nc:APA91bG6Vmkibyz8AXbDKvXMHYV9DSTjUBPj1l-H4ojzeGnqj5XoCYo_n07dP4N0pyWJc7muNuvCr8KjcB0K4g0vJOg05QexgUKCxCkw5XkRj1ybpp_LsE1W9CkzHzIDxi2Le8L1Xzxu', 'iphone', '2019-07-02 23:57:22', '2019-07-02 23:57:22'),
(394, 1, 'ZpFkI2odhOGLUHpgzKavSQAt1nW7c4as', '778718C7-F656-4942-A8D6-7FBA8241A097', 'fn2QrQmqHcw:APA91bEAGHOPXjJ9q_bZcctVWDSyO0aiCtJtiKB_J5wfGmDzmHcEYPqyXuyEtAudmQjadMVUFlIv6QtFfyHPDIC6CY4X6DXSRsITaxzGTEkRMNlkNBcQdEvU_i6zBgzh7IWoiZO3QxIe', 'iphone', '2019-07-03 14:47:45', '2019-07-16 18:52:52'),
(395, 170, 'h5XCXow5HxVJVtUyj2w1fVjb8PxCmOIO', '2326A448-1B86-40E1-BBBC-C2F3939892A9', 'dcik5bmw5PQ:APA91bHGyBh4IxOP3Z86b7rEQ60ga3yE9gZh9dko6mscfXaIQQsEmjfYi00Negb8I3ueK9mFwaRvHyaHqVDUIpaS0Jwco8hKnkxNEp90n-pjXHc90sbtdUkNv9zldI3xSQs6WytzFsmZ', 'iphone', '2019-07-03 15:14:33', '2019-07-03 15:14:33'),
(396, 169, '6C2SUWwpEzH1qxtRMmybREVeBUWkLzbM', '94AD6363-01BF-49FA-9F41-E6203C95C40A', 'f8iIWH76BNA:APA91bFr1373raCDKJq8UHMs_hbE-eLXZtuXBV3qBVpAzS4fZqyzObSapHmgmk3nQGLi-WSogPXh20JyUDuU-EMwxBdgcxvchSICmQNiNgA7fG2J-Rd-H4v-5cTXZwv7gsn7keSBxzLh', 'iphone', '2019-07-03 16:11:00', '2019-07-03 16:11:00'),
(398, 86, 'bWJbRJZam2CmXEYgtFDNKxcAJFPfkuzI', '9A717C8E-2D50-43E6-9646-0471B22B8409', 'fL-06DV7Wto:APA91bHZaMTNze8DlVf_NSXHqJCALKTer6gKEq_O8T0MqcN6dM1FZbx7W3d6s7alDKu36ystOco8KNOXzIUI5WEbd_fm9GdX7N06NNJnpvEQ2e-FT8SWzWEMMx6ylCAmbEdZ6BtLiL9A', 'iphone', '2019-07-05 20:58:06', '2019-07-05 20:58:06'),
(399, 175, '7dP1FTDNqRWlx7C5yZEoDdigvrzC1YmC', 'F3AEB52A-252E-4705-8C14-E20C117CFEAF', 'cBBIO0amun0:APA91bF1sVkkzgKZWs59GuA4-r9zaKLfCfsJpvylfB5UXMFjeOozmAyjNeq99IV6YEi2_tDY9n8xgXKXZx-PAeMw8odTYGeH7K6rRaiIPigXFdNcyvum6pkQMbuS6SnAhbkFysqWp9Nd', 'iphone', '2019-07-07 01:59:03', '2019-07-07 01:59:03'),
(400, 176, '0OsPUPEp2jPy3KPC3chJfRsPa9wJByRm', '9971B96E-A320-4796-8AE3-858826756A97', 'fXaF-w4XVEE:APA91bEUPYx4GB993eV5c-72T7mF-GDhWgpMndnFS2Tg0_6n0LSR5eAOit2B3qrkAengZKLHmkSc_EC2rqVKSZ6aXWAmvghi3xM-Cwg9pRicejTyDwvK8lWlfekFj_yL9m2oTy_RXSvs', 'iphone', '2019-07-08 17:51:46', '2019-07-08 17:51:46'),
(401, 172, 'kkkb9aDSoFjmdWn6tJpClYlAZ8To8AxU', '707DAE9D-26BB-4820-9CD2-91BB61097BEA', 'dpll6ZYMTs4:APA91bGTD9q93UypdyMPYGDDV2sJgOqXzTZvudjbjYYdei73Nm-oqP3WyY-l4M1bqHkuUr4zXu-1tEKPyAnwgZ9Orwt3STjAdskAmEOCWWjfDUthaTl92Yh4ZhMafXwsj8GWID0mNl-8', 'iphone', '2019-07-08 23:58:41', '2019-07-08 23:58:41'),
(407, 180, 'L8E1ZJNsVox7IHcGo0H2wd004pLxfkI8', 'A7B73DFD-46B5-4722-9F89-10078C02DFEC', 'fsj5cA3DJ4Y:APA91bFrDIGUFy_jNi2i4qChYzUpx-I-qZtyOHGZPvd_3D9-D5EpGEfcbW8lUmdWUSAPWYZ-3jbADrhlergohHKGAkWe3qTQeZYFpnIYPp9O357WKGiSJB5yTYciNtv7zflk_QiPmXK-', 'iphone', '2019-07-09 11:47:11', '2019-07-09 11:47:11'),
(408, 181, 'DlXT0oJUPCXXJibeQ1b6qC2zKYWIHz9Z', 'SuDwAtHQwdiV1yP', 'd3EgTjM79pM:APA91bHfvm5n_9q_DFmm0aJ3r7SH3ALpnGwzKm2n1mMK6Q0JdH7LslJ8H94pXNX1a2AarM8JeCqKY3St2dolghanNg8Z_Ko2Nxnd5KBRG4zS7nWhJcOzKiW-iEtyjtcS70x8ogKIrzhr', 'android', '2019-07-09 11:52:41', '2019-07-09 11:52:41'),
(409, 182, 'lccWkfcLnY3Akzg98rJlIOCac1QpmimF', 'D97F23A7-3145-4579-AA00-AA42CC29B73D', 'emEF2MU59Qo:APA91bESpfpIiGbFjQZwlAKXCSqrF2wbeTtZYHTghpdknssCsfPKYBmdOVimpscttlK5jYGa_VDtCho5naWRJ6bL4E4kCzTQfVcxbANRpquPuL_66H9UCpu3JWjizqVqQXMRV5mWVwq9', 'iphone', '2019-07-09 16:51:50', '2019-07-09 16:51:50'),
(410, 183, 'iRrkbmfqug1e17CNMwadmWLlZyoUe3TM', '8vzSiVZJRwKn2Hk', NULL, 'android', '2019-07-09 19:21:10', '2019-07-09 23:44:25'),
(411, 16, 'Y7jl66C6DgjOSRGUtRBTN4i1ERQ5JNX4', '8ESYV5rZs1S4nLw', 'cYaZ9F1SM9g:APA91bHkXMi0ht7HlddDaEuuQ49YWVN6i_CSB6SdLTcQluMfEAl1CFmhqDtupfNFaEryJ_RF6-u_oa5X3s9uwuc8djA-oUDiY07_jcia505htYzxesizZWlpd7FeyeIumTEsqmvv2cj0', 'android', '2019-07-09 20:17:34', '2019-07-09 20:17:34'),
(413, 177, '9mVpTkpeE2o4ax7THnYHS06I1ylvrkwn', 'jcqcc3bXUuGbWPz', NULL, 'android', '2019-07-10 07:15:03', '2019-07-10 07:35:08'),
(414, 186, '2sj3uXMVtCuIS1EfNwvPEdUNem7ubst8', 'ohHwVr7pCc4gmkA', NULL, 'android', '2019-07-10 23:06:34', '2019-07-10 23:06:34'),
(415, 187, 's605LaYy50RS8U0N1Cwvc6Xwfe1ZaweI', 'CD30B569-B0E5-4111-80AE-D0EF74CB93F5', 'fNC3hOkrnWw:APA91bEBdNozYValjl0aMP6yiSoIpLXXZ1WXhVBaAl5w8Dh3v674gLpYCH1pDDbNL8CiP1x1WCUHCrEOVm-jqmTynlUoPzkbbUZkTnq1E2rWGCBqKLsBAkDM06_oVOsGJkqH5IUXgMmg', 'iphone', '2019-07-10 23:06:44', '2019-07-10 23:06:44'),
(416, 188, 'WWmlcaHrBZVHGzjph1slhN0zYa5l8Iug', 'WXX5i6tBYUmmz6k', NULL, 'android', '2019-07-11 00:32:47', '2019-07-11 00:33:17'),
(417, 189, 'CMT14OTvNYMGg4c4KDGTfxlrnThD5Xnb', 'BDA06261-6255-428E-8ED2-E66A90824BCB', 'dm4xVK4xrXo:APA91bEPBV_pdG_o110ZQ6vvOh52ffirTGJ7zEpoYKVB4JQHb5iaqkVSM9Z8CIn-QWngTz8Xat60eNt6xhHB3negfSBQNiWylVB9N33oTAztNXBZyZeIcwMWfDlFQIehFIpQLVXRWLQj', 'iphone', '2019-07-11 04:14:33', '2019-07-11 04:14:33'),
(418, 3, 'Tqbo5Q3J5I5FrgmPHlqNYsb5rbQ3lR1c', 'E6E940F5-C174-443B-B645-B0D569413ABD', 'dIV6KwBzE34:APA91bFPJ8fRPg8AgSudK8AucUVtnI2WezMPu3-sTRNpIaIKZfCutrlU5I5XQYhh5-fIV_Uyf7gDQe9arOZU8lIlsxW8w6m_3oR2SsLb50tfuigy5_PYDcZjAvedkuwdEVNZhbUUMhQ5', 'iphone', '2019-07-11 12:26:54', '2019-07-11 12:26:54'),
(419, 22, 'tNt4Czn50uoIqadAm0IdToNOtKiOzAyh', 'aAJkcq3X2wNEGgj', 'dc4CaYN1SOo:APA91bEz_mkBT8PCGzc-wHH5f-RCHPUMpmcndZEsRIl81r-hiVzESmntHauU-W3U6jAHqBAXG14FqUlQjckAObNcAIJUl3_lIas5v15Ls3v7tOI1f53zg3zGiYyrMdt4EjQrH7rLn7Bs', 'android', '2019-07-11 12:50:51', '2019-07-16 07:06:50'),
(420, 190, 'fUlFdHYj11pk5me2EtucX894mrRnraxm', 'E8CF0D95-5ECC-4C98-9735-8643269ADB61', 'dxGd8xLlKo0:APA91bGtY0yWG8btUhw5tu_UlaViLH8qLbXECMfuAzOPJdvEersBv_0cuuqB1rO2Yv2u57_lVct8cILGooQU1iI6uSg4nyh3POMCDFerPEBpuOoGdbxkehOFOY8dS4wlMk5K9qyqQ8Cf', 'iphone', '2019-07-11 17:56:02', '2019-07-11 17:56:02'),
(421, 191, 'ImenYY8sdoWSIh8Yo9uxg9lJrmyWFhTi', '9FF14904-5393-460B-A4FC-78DE6C2C48EB', 'e9f9jumEMic:APA91bGtPgVboB9ODQfgP3KWZBtZVxg44mO5q4X6qY7F757ft9K3h9D9t345W-A9W0_sAc2Bt0mVQO5zAFwVtYqqyvz2zcAqYgS-XuL65ldpdUM0Wso6lPYwK5ozt7Tc0QOOsD3rxxkV', 'iphone', '2019-07-11 17:58:05', '2019-07-11 17:58:05'),
(422, 192, 'CuKvomNJTI85oArVmWo1isnH3aFZ6toU', 'QKn3C4UT2ah40JF', NULL, 'android', '2019-07-11 20:06:00', '2019-07-11 20:06:00'),
(423, 193, 'kPWB9NYLMmE7yhSXJgQ9YRzBw5Yj5mA1', '1E3F053C-02E8-4E96-9CCC-52026CA9BB35', 'cg31p0hJI24:APA91bETRor8swOyPbvUkMS5NyUCK1Nm-JUu0nZMp9eA2AqbXS_yhAjqMfiSE2_UiDgmwpDZ5VvEzq4cvjpUJ70gB7OnHgdOv8alnrlO80nn_Y3CkWbHd_G9zwldFEMfulXJVeFYDcAP', 'iphone', '2019-07-11 20:06:46', '2019-07-11 20:06:46'),
(424, 194, '6yfJ2j2Pd27WpcIMgNMgocbmnuQvNVZS', 'PMaI4W2N8C1GtRi', NULL, 'android', '2019-07-12 15:46:16', '2019-07-12 15:46:16'),
(425, 195, 'HRwrrLErwovCCgfdfOPwJP59w6qczuta', '6C8A9659-AAAD-49F8-A6EE-6B78779EC65B', 'ffr03V_w2nc:APA91bGwq5CXiy8SJ_ZVQYvvhcRfC0WnsG5F9XbWnkJrmw4pGnxbdUeV_kaqfSfIRazIzfnwBvlKQoZPXvERyuHKum7kKk1ojsuGa4FNx1Wqhx7tBGKFFjsiY8P52HvE8kqxjk7u4Kt-', 'iphone', '2019-07-12 20:45:09', '2019-07-12 20:45:09'),
(426, 197, 'CfjdYrUNcQQucaWF5PJenNhPLXK2WmOC', 'C417E0CA-A664-43F5-BBD8-A10AB544E798', 'ckB-F2XtBNc:APA91bFNZPtLDP0X-gzIOfg7Slaz5lAOU8VazO4Ycp9UwqBvFzKgABbsAS3I9RWQ8bOlbDifFd7OX7KR7e0c_ILmZnu8z92D5m4IU9P54m3PCw3mYvT6SDtBdgi00ataI8_-Nu-klXJJ', 'iphone', '2019-07-15 19:53:28', '2019-07-15 19:53:28'),
(427, 198, 'Rm3Xf1mXpKVm1jtSDFOMkhoArY78WWpe', 'C724669E-4926-48A8-A69B-B0CB007CB0D6', 'fN8fpfmMDi8:APA91bF9D3vC2bmdUqXhTWVpbAycFQX3pyXEjYfjolDfre0nXTyaUXGtAERJrH5Ln1Ph6qCxeqFkkNEz5rLUfiUH_IXt9pI1SbtqQuDQuVIlBiA-_LEV0aylWjffPN3WRDxrLCPqYl5U', 'iphone', '2019-07-17 15:33:07', '2019-07-17 15:33:07'),
(428, 159, 'vlSG23FbTZYtDVgZLr80ajZDb6bGxomB', 'BA2BE275-DE13-4C47-8165-55D665555A65', 'eAzJLauvDEQ:APA91bFkGdm5zDUnK6_9dT8EiW6JGI0TDz7lAgXh4az-tgodefyPRcXHDIXhmfDksN5ozjqhPMlkwvUmTjM7decSM-CTWfDAgXak6LoLQs0wjCmaZsjkw_7rEYQBmrPc88t9NYXAPF05', 'iphone', '2019-07-18 02:21:21', '2019-07-18 02:21:21'),
(429, 199, 'QHWyXSKs8GUeaT5QFkrKtITjiGpa6ONR', 'mIh70a8E4klFLYU', NULL, 'android', '2019-07-18 14:32:35', '2019-07-18 14:32:35');

-- --------------------------------------------------------

--
-- Table structure for table `bill_amount`
--

CREATE TABLE `bill_amount` (
  `id` int(11) NOT NULL,
  `receipt_num` varchar(255) NOT NULL,
  `bill_amount` double NOT NULL,
  `created_at` timestamp NOT NULL DEFAULT CURRENT_TIMESTAMP,
  `updated_at` datetime DEFAULT NULL
) ENGINE=InnoDB DEFAULT CHARSET=latin1;

--
-- Dumping data for table `bill_amount`
--

INSERT INTO `bill_amount` (`id`, `receipt_num`, `bill_amount`, `created_at`, `updated_at`) VALUES
(1, '0275', 4.32, '2019-06-19 19:58:35', '2019-06-19 19:58:35'),
(2, '8888', 0.36, '2019-06-25 11:59:04', '2019-06-25 11:59:04'),
(3, '8523', 946.46, '2019-06-25 12:19:12', '2019-06-25 12:19:49'),
(4, '4564', 5, '2019-06-25 14:20:11', '2019-06-25 14:20:11'),
(5, '1234', 30.25, '2019-06-25 16:56:28', '2019-06-25 17:02:34'),
(6, '2525', 10, '2019-06-26 12:19:41', '2019-06-26 12:33:37'),
(13, '2525', 11, '2019-06-26 12:34:48', '2019-06-26 12:34:48'),
(14, '1082', 18.38, '2019-06-27 19:18:58', '2019-06-27 19:18:58'),
(15, '1599', 8.65, '2019-07-01 20:15:47', '2019-07-01 20:15:47'),
(16, '1670', 25.93, '2019-07-02 21:17:09', '2019-07-02 21:17:09'),
(17, '1669', 10.81, '2019-07-02 21:23:42', '2019-07-02 21:23:42'),
(18, '1746', 20.53, '2019-07-03 22:15:27', '2019-07-03 22:15:27'),
(19, '1776', 17.3, '2019-07-04 03:07:20', '2019-07-04 03:07:20'),
(20, '2080', 43.73, '2019-07-10 02:53:28', '2019-07-10 02:53:28'),
(21, '2080', 43.73, '2019-07-10 02:54:13', '2019-07-10 02:54:13'),
(22, '2186', 37.81, '2019-07-11 20:40:28', '2019-07-11 20:40:28'),
(23, '8190', 34.85, '2019-07-11 21:22:31', '2019-07-11 21:22:31'),
(24, '2190', 34.85, '2019-07-11 21:22:57', '2019-07-11 21:22:57'),
(25, '2632', 24, '2019-07-15 03:09:37', '2019-07-15 03:09:37'),
(26, '2632', 24, '2019-07-15 03:11:57', '2019-07-15 03:11:57'),
(27, '2866', 59.46, '2019-07-18 19:25:40', '2019-07-18 19:25:40'),
(28, '2866', 59.46, '2019-07-18 19:26:16', '2019-07-18 19:26:16'),
(29, '2900', 5, '2019-07-19 04:16:29', '2019-07-19 04:16:29');

-- --------------------------------------------------------

--
-- Table structure for table `cards_amount`
--

CREATE TABLE `cards_amount` (
  `id` int(11) NOT NULL,
  `amount` int(11) NOT NULL,
  `created_at` timestamp NOT NULL DEFAULT CURRENT_TIMESTAMP,
  `updated_at` datetime DEFAULT NULL
) ENGINE=MyISAM DEFAULT CHARSET=utf8 COLLATE=utf8_unicode_ci;

--
-- Dumping data for table `cards_amount`
--

INSERT INTO `cards_amount` (`id`, `amount`, `created_at`, `updated_at`) VALUES
(1, 5, '2019-04-01 10:41:35', NULL),
(2, 10, '2019-04-04 06:13:15', NULL),
(3, 15, '2019-04-04 06:13:15', NULL),
(4, 25, '2019-04-04 06:15:11', NULL),
(5, 35, '2019-04-04 06:15:11', NULL),
(6, 45, '2019-04-04 06:15:11', NULL),
(7, 50, '2019-04-04 06:15:11', NULL);

-- --------------------------------------------------------

--
-- Table structure for table `cards_redeemed`
--

CREATE TABLE `cards_redeemed` (
  `id` int(11) NOT NULL,
  `receipt_num` varchar(255) NOT NULL,
  `card_id` int(11) NOT NULL,
  `amount_redeem` int(11) DEFAULT NULL,
  `created_at` timestamp NOT NULL DEFAULT CURRENT_TIMESTAMP,
  `updated_at` datetime DEFAULT NULL
) ENGINE=InnoDB DEFAULT CHARSET=latin1;

-- --------------------------------------------------------

--
-- Table structure for table `categories`
--

CREATE TABLE `categories` (
  `id` int(11) NOT NULL,
  `category_name` varchar(255) NOT NULL,
  `created_at` datetime NOT NULL,
  `updated_at` timestamp NOT NULL DEFAULT CURRENT_TIMESTAMP
) ENGINE=InnoDB DEFAULT CHARSET=latin1;

-- --------------------------------------------------------

--
-- Table structure for table `favourite_store`
--

CREATE TABLE `favourite_store` (
  `id` int(11) NOT NULL,
  `user_id` int(11) NOT NULL,
  `store_id` int(11) NOT NULL,
  `created_at` datetime NOT NULL,
  `updated_at` timestamp NOT NULL DEFAULT CURRENT_TIMESTAMP,
  `status` int(11) NOT NULL
) ENGINE=InnoDB DEFAULT CHARSET=latin1;

--
-- Dumping data for table `favourite_store`
--

INSERT INTO `favourite_store` (`id`, `user_id`, `store_id`, `created_at`, `updated_at`, `status`) VALUES
(1, 1, 3, '2019-06-06 20:09:42', '2019-07-18 22:17:41', 1),
(2, 1, 5, '2019-06-06 20:31:34', '2019-07-13 23:54:46', 1),
(3, 1, 8, '2019-06-06 20:32:14', '2019-07-10 17:56:24', 0),
(4, 1, 10, '2019-06-06 22:32:44', '2019-07-11 01:08:26', 0),
(5, 30, 3, '2019-06-07 03:55:37', '2019-07-10 04:32:27', 1),
(6, 30, 10, '2019-06-07 03:57:16', '2019-07-08 16:03:49', 0),
(7, 30, 5, '2019-06-07 03:57:25', '2019-07-08 16:03:47', 0),
(8, 52, 3, '2019-06-07 18:02:27', '2019-07-09 19:19:41', 0),
(9, 52, 5, '2019-06-07 18:02:34', '2019-07-09 19:19:32', 0),
(10, 52, 8, '2019-06-07 19:17:16', '2019-07-09 19:19:52', 0),
(11, 1, 20, '2019-06-07 19:24:56', '2019-07-13 17:32:37', 0),
(12, 22, 3, '2019-06-10 11:58:34', '2019-07-09 09:23:44', 0),
(13, 22, 5, '2019-06-10 11:59:22', '2019-07-09 08:20:51', 0),
(14, 3, 21, '2019-06-10 12:06:48', '2019-07-03 14:35:43', 0),
(15, 3, 3, '2019-06-10 12:07:11', '2019-07-09 07:10:16', 1),
(16, 3, 20, '2019-06-10 12:08:00', '2019-07-03 14:35:47', 0),
(17, 3, 24, '2019-06-10 12:08:20', '2019-07-09 07:10:09', 0),
(18, 3, 5, '2019-06-10 12:09:44', '2019-07-09 07:10:21', 1),
(19, 3, 8, '2019-06-10 12:10:53', '2019-07-09 07:10:25', 1),
(20, 3, 10, '2019-06-10 12:18:25', '2019-07-09 07:10:30', 1),
(21, 1, 22, '2019-06-10 13:34:05', '2019-07-13 17:32:27', 0),
(22, 1, 24, '2019-06-10 13:34:08', '2019-07-13 17:32:34', 0),
(23, 56, 3, '2019-06-11 20:24:23', '2019-06-11 20:24:34', 0),
(24, 123, 3, '2019-06-17 20:55:41', '2019-06-17 20:55:41', 0),
(25, 125, 3, '2019-06-20 18:53:44', '2019-06-20 18:53:56', 1),
(26, 131, 3, '2019-06-20 21:18:51', '2019-06-20 21:19:14', 1),
(27, 132, 3, '2019-06-21 01:54:01', '2019-06-21 01:54:06', 1),
(28, 132, 5, '2019-06-21 01:55:43', '2019-06-21 01:57:12', 0),
(29, 132, 8, '2019-06-21 01:56:04', '2019-07-09 16:55:17', 0),
(30, 132, 10, '2019-06-21 01:56:08', '2019-06-21 01:56:08', 0),
(31, 132, 20, '2019-06-21 01:56:13', '2019-06-21 01:56:13', 0),
(32, 132, 21, '2019-06-21 01:56:17', '2019-06-21 01:56:17', 0),
(33, 3, 22, '2019-06-21 11:01:47', '2019-06-21 11:01:47', 0),
(34, 134, 5, '2019-06-21 19:20:08', '2019-06-21 20:39:42', 1),
(35, 134, 3, '2019-06-21 19:22:18', '2019-07-15 03:06:00', 1),
(36, 93, 3, '2019-06-24 17:18:24', '2019-06-24 17:19:37', 1),
(37, 53, 3, '2019-06-24 18:35:28', '2019-06-24 18:35:42', 1),
(38, 22, 8, '2019-06-25 05:22:00', '2019-07-09 09:22:45', 0),
(39, 22, 10, '2019-06-25 05:22:32', '2019-07-09 09:23:05', 1),
(40, 137, 3, '2019-06-25 20:14:42', '2019-06-25 20:17:15', 1),
(41, 138, 5, '2019-06-26 03:01:07', '2019-06-26 03:11:37', 0),
(42, 138, 10, '2019-06-26 03:01:22', '2019-06-28 07:10:26', 1),
(43, 138, 20, '2019-06-26 03:01:46', '2019-06-26 03:05:48', 0),
(44, 138, 21, '2019-06-26 03:02:10', '2019-06-26 03:05:53', 0),
(45, 138, 24, '2019-06-26 03:02:19', '2019-06-26 03:05:51', 0),
(46, 138, 8, '2019-06-26 03:02:36', '2019-06-26 03:04:47', 0),
(47, 138, 3, '2019-06-26 03:03:19', '2019-07-04 02:58:49', 0),
(48, 5, 3, '2019-06-26 18:15:26', '2019-06-26 18:15:26', 0),
(49, 68, 3, '2019-06-26 18:28:16', '2019-06-28 18:37:10', 1),
(50, 145, 3, '2019-06-27 20:41:37', '2019-06-27 20:41:46', 1),
(51, 51, 20, '2019-06-28 19:49:11', '2019-06-28 19:49:31', 1),
(52, 51, 3, '2019-06-28 19:49:39', '2019-06-28 19:49:39', 0),
(53, 51, 5, '2019-06-28 19:50:07', '2019-06-28 19:50:16', 1),
(54, 154, 3, '2019-06-28 21:24:33', '2019-06-28 21:24:46', 1),
(55, 50, 3, '2019-06-28 22:10:25', '2019-06-28 22:10:35', 1),
(56, 136, 3, '2019-06-28 22:25:40', '2019-06-28 22:28:41', 1),
(57, 155, 3, '2019-06-28 23:30:01', '2019-06-28 23:30:17', 1),
(58, 155, 5, '2019-06-28 23:38:55', '2019-06-28 23:38:55', 0),
(59, 155, 10, '2019-06-28 23:40:37', '2019-06-28 23:40:45', 1),
(60, 22, 20, '2019-06-29 04:25:48', '2019-07-09 08:18:04', 0),
(61, 22, 22, '2019-06-29 04:29:47', '2019-07-09 08:18:09', 0),
(62, 22, 24, '2019-06-29 04:49:03', '2019-07-02 10:21:04', 0),
(63, 28, 3, '2019-06-29 19:23:58', '2019-06-29 19:24:06', 1),
(64, 1, 25, '2019-06-29 20:25:56', '2019-07-13 17:32:41', 0),
(65, 75, 3, '2019-06-29 21:12:36', '2019-06-29 21:18:01', 1),
(66, 75, 25, '2019-06-29 21:19:50', '2019-06-29 21:19:56', 1),
(67, 6, 3, '2019-06-29 22:03:01', '2019-06-29 22:03:09', 1),
(68, 89, 5, '2019-06-30 00:21:48', '2019-06-30 00:21:51', 1),
(69, 53, 5, '2019-06-30 04:32:58', '2019-06-30 04:32:58', 0),
(70, 53, 8, '2019-06-30 04:33:08', '2019-06-30 04:33:08', 0),
(71, 53, 20, '2019-06-30 04:33:12', '2019-06-30 04:33:12', 0),
(72, 53, 21, '2019-06-30 04:33:20', '2019-06-30 04:33:20', 0),
(73, 53, 24, '2019-06-30 04:33:24', '2019-06-30 04:33:24', 0),
(74, 161, 3, '2019-06-30 04:54:06', '2019-06-30 04:54:14', 1),
(75, 162, 3, '2019-06-30 06:11:12', '2019-06-30 06:12:17', 1),
(76, 163, 3, '2019-06-30 21:38:58', '2019-06-30 21:39:05', 1),
(77, 3, 25, '2019-07-01 06:27:20', '2019-07-04 07:10:03', 0),
(78, 22, 25, '2019-07-01 09:20:36', '2019-07-09 08:17:48', 0),
(79, 165, 3, '2019-07-01 20:43:22', '2019-07-01 20:43:28', 1),
(80, 70, 5, '2019-07-02 03:54:37', '2019-07-02 03:54:43', 1),
(81, 70, 8, '2019-07-02 03:54:57', '2019-07-02 03:54:57', 0),
(82, 22, 21, '2019-07-02 10:20:26', '2019-07-02 10:21:00', 0),
(83, 24, 3, '2019-07-02 19:26:12', '2019-07-02 19:26:17', 1),
(84, 24, 10, '2019-07-02 19:26:20', '2019-07-02 19:26:32', 1),
(85, 24, 8, '2019-07-02 19:26:43', '2019-07-02 19:26:46', 1),
(86, 31, 3, '2019-07-02 23:29:49', '2019-07-02 23:29:55', 1),
(87, 31, 10, '2019-07-02 23:30:08', '2019-07-02 23:30:20', 1),
(88, 31, 8, '2019-07-02 23:30:10', '2019-07-02 23:30:22', 1),
(89, 146, 3, '2019-07-03 07:32:37', '2019-07-03 07:32:39', 1),
(90, 1, 21, '2019-07-03 14:39:27', '2019-07-03 14:39:27', 0),
(91, 170, 22, '2019-07-05 01:31:26', '2019-07-05 01:32:00', 1),
(92, 86, 3, '2019-07-07 02:07:39', '2019-07-07 02:08:30', 1),
(93, 30, 24, '2019-07-08 16:04:42', '2019-07-08 16:04:42', 0),
(94, 30, 25, '2019-07-08 16:05:48', '2019-07-10 04:32:36', 1),
(95, 176, 3, '2019-07-08 17:52:18', '2019-07-08 17:52:34', 1),
(96, 164, 3, '2019-07-08 20:45:07', '2019-07-08 20:45:13', 1),
(97, 177, 5, '2019-07-09 09:34:43', '2019-07-09 09:44:02', 1),
(98, 177, 10, '2019-07-09 09:42:48', '2019-07-09 09:46:53', 1),
(99, 178, 3, '2019-07-09 09:44:47', '2019-07-09 10:56:01', 0),
(100, 178, 5, '2019-07-09 09:45:47', '2019-07-09 11:08:13', 1),
(101, 177, 3, '2019-07-09 09:46:32', '2019-07-09 09:46:32', 0),
(102, 178, 8, '2019-07-09 09:47:33', '2019-07-09 10:55:16', 0),
(103, 177, 20, '2019-07-09 09:47:37', '2019-07-09 09:48:00', 1),
(104, 178, 10, '2019-07-09 09:48:05', '2019-07-09 10:07:51', 0),
(105, 177, 21, '2019-07-09 09:48:44', '2019-07-09 09:48:44', 0),
(106, 178, 20, '2019-07-09 09:56:47', '2019-07-09 10:28:40', 0),
(107, 178, 24, '2019-07-09 10:09:06', '2019-07-09 10:55:10', 0),
(108, 178, 25, '2019-07-09 10:09:37', '2019-07-09 10:27:52', 0),
(109, 178, 22, '2019-07-09 10:26:12', '2019-07-09 11:08:56', 1),
(110, 178, 21, '2019-07-09 10:34:54', '2019-07-09 10:55:19', 0),
(111, 179, 3, '2019-07-09 11:15:17', '2019-07-09 11:16:01', 1),
(112, 179, 5, '2019-07-09 11:16:15', '2019-07-09 11:21:58', 1),
(113, 179, 8, '2019-07-09 11:21:49', '2019-07-09 11:22:22', 1),
(116, 179, 20, '2019-07-09 11:27:44', '2019-07-09 11:27:44', 1),
(117, 179, 24, '2019-07-09 11:28:06', '2019-07-09 11:28:06', 1),
(118, 179, 25, '2019-07-09 11:28:15', '2019-07-09 11:28:15', 1),
(119, 180, 8, '2019-07-09 11:47:28', '2019-07-09 11:47:28', 1),
(120, 180, 10, '2019-07-09 11:47:45', '2019-07-09 11:47:45', 1),
(121, 181, 5, '2019-07-09 11:52:49', '2019-07-09 11:52:49', 1),
(122, 182, 3, '2019-07-09 16:52:04', '2019-07-09 16:52:04', 1),
(123, 52, 10, '2019-07-09 19:18:06', '2019-07-09 19:19:27', 0),
(124, 52, 20, '2019-07-09 19:18:28', '2019-07-09 19:19:48', 0),
(125, 16, 3, '2019-07-09 20:17:42', '2019-07-09 20:17:42', 1),
(126, 16, 10, '2019-07-09 20:17:52', '2019-07-09 20:17:52', 1),
(127, 185, 3, '2019-07-10 00:41:34', '2019-07-10 00:41:34', 1),
(128, 30, 20, '2019-07-10 04:32:20', '2019-07-10 04:32:20', 1),
(129, 30, 21, '2019-07-10 04:32:30', '2019-07-10 04:32:30', 1),
(130, 187, 3, '2019-07-10 23:17:32', '2019-07-10 23:17:32', 1),
(131, 188, 3, '2019-07-11 04:22:49', '2019-07-11 04:23:02', 1),
(132, 134, 10, '2019-07-11 11:44:51', '2019-07-11 11:44:51', 1),
(133, 134, 8, '2019-07-11 11:45:03', '2019-07-11 11:45:03', 1),
(134, 181, 10, '2019-07-11 12:56:35', '2019-07-11 12:56:38', 0),
(135, 194, 3, '2019-07-12 15:48:15', '2019-07-12 15:48:15', 1),
(136, 195, 3, '2019-07-12 20:45:33', '2019-07-12 20:45:33', 1),
(137, 58, 10, '2019-07-15 08:03:20', '2019-07-15 08:03:50', 0),
(138, 58, 3, '2019-07-16 08:57:48', '2019-07-16 08:57:52', 1);

-- --------------------------------------------------------

--
-- Table structure for table `gift_cards`
--

CREATE TABLE `gift_cards` (
  `id` int(11) NOT NULL,
  `name` varchar(255) NOT NULL,
  `store_id` int(11) NOT NULL,
  `price` double NOT NULL,
  `status` tinyint(4) NOT NULL DEFAULT '-1' COMMENT '{-1:redeemed,1:available}',
  `deleted_at` tinyint(4) DEFAULT NULL,
  `created_at` datetime NOT NULL,
  `updated_at` timestamp NOT NULL DEFAULT CURRENT_TIMESTAMP
) ENGINE=InnoDB DEFAULT CHARSET=latin1;

--
-- Dumping data for table `gift_cards`
--

INSERT INTO `gift_cards` (`id`, `name`, `store_id`, `price`, `status`, `deleted_at`, `created_at`, `updated_at`) VALUES
(1, 'Share an eGift with a friend Instantly', 3, 5, -1, NULL, '2019-06-06 17:55:56', '2019-06-06 17:55:56'),
(2, 'Coming Soon', 21, 5, -1, NULL, '2019-06-06 17:57:51', '2019-06-06 17:57:51'),
(3, 'Coming Soon', 20, 5, -1, NULL, '2019-06-06 17:59:04', '2019-06-06 17:59:04'),
(4, 'Coming Soon', 8, 5, -1, NULL, '2019-06-06 18:00:41', '2019-06-06 18:00:41'),
(5, 'Coming Soon', 10, 5, -1, NULL, '2019-06-06 18:02:05', '2019-06-06 18:02:05'),
(6, 'Coming Soon', 24, 5, -1, NULL, '2019-06-06 18:03:55', '2019-06-06 18:03:55'),
(7, 'Coming Soon', 5, 5, -1, NULL, '2019-06-06 18:04:29', '2019-06-06 18:04:29'),
(8, 'Coming Soon', 22, 5, -1, NULL, '2019-06-06 18:05:24', '2019-06-06 18:05:24'),
(9, '$10 Gift Card', 3, 10, -1, NULL, '2019-06-07 17:58:53', '2019-06-07 17:58:53'),
(10, '$15 Gift Card', 3, 15, -1, NULL, '2019-06-07 18:00:35', '2019-06-07 18:00:35'),
(11, '$25 Gift Card', 3, 25, -1, NULL, '2019-06-07 18:01:30', '2019-06-07 18:01:30'),
(12, '$35 Gift Card', 3, 35, -1, NULL, '2019-06-07 18:01:50', '2019-06-07 18:01:50'),
(13, '$50 Gift Card', 3, 50, -1, NULL, '2019-06-07 18:02:06', '2019-06-07 18:02:06'),
(14, '$5 Gift Card', 3, 5, -1, NULL, '2019-06-25 19:51:42', '2019-06-25 19:51:42'),
(15, 'Treat a Friend to an Experience at Lipogenex', 25, 25, -1, NULL, '2019-06-29 20:05:21', '2019-06-29 20:05:21'),
(16, '$50 eGift Card', 25, 50, -1, NULL, '2019-06-29 20:57:20', '2019-06-29 20:57:20'),
(17, '$10 eGift Card', 20, 10, -1, NULL, '2019-07-18 20:43:46', '2019-07-18 20:43:46'),
(18, '$15 eGift Card', 20, 15, -1, NULL, '2019-07-18 20:44:01', '2019-07-18 20:44:01');

-- --------------------------------------------------------

--
-- Table structure for table `mypurchased_cards`
--

CREATE TABLE `mypurchased_cards` (
  `id` int(11) NOT NULL,
  `payment_id` int(11) DEFAULT NULL,
  `sender_id` int(11) NOT NULL,
  `receiver_id` int(11) DEFAULT NULL,
  `amount` varchar(225) NOT NULL,
  `card_id` varchar(255) NOT NULL,
  `usercard` varchar(255) NOT NULL,
  `created_at` varchar(225) NOT NULL,
  `updated_at` datetime NOT NULL DEFAULT CURRENT_TIMESTAMP,
  `message` varchar(255) DEFAULT NULL
) ENGINE=MyISAM DEFAULT CHARSET=latin1;

--
-- Dumping data for table `mypurchased_cards`
--

INSERT INTO `mypurchased_cards` (`id`, `payment_id`, `sender_id`, `receiver_id`, `amount`, `card_id`, `usercard`, `created_at`, `updated_at`, `message`) VALUES
(1, 4, 1, NULL, '5', '1', '1115608724498', '2019-06-18 15:40:49', '2019-06-18 15:40:49', NULL),
(2, 5, 1, NULL, '10', '9', '911560962441218', '2019-06-19 16:40:41', '2019-06-19 16:40:41', NULL),
(3, 6, 1, NULL, '15', '10', '1011561055794255', '2019-06-20 18:36:34', '2019-06-20 18:36:34', NULL),
(4, 8, 3, NULL, '0.1', '1', '131561123097869', '2019-06-21 13:18:17', '2019-06-21 13:18:17', NULL),
(5, 13, 3, NULL, '0.01', '1', '131561378721341', '2019-06-24 12:18:41', '2019-06-24 12:18:41', NULL),
(6, 14, 3, NULL, '0.01', '1', '131561379401889', '2019-06-24 12:30:01', '2019-06-24 12:30:01', NULL),
(7, 15, 3, 135, '0.01', '1', '13156137978960', '2019-06-24 12:36:29', '2019-06-24 12:36:29', 'hello'),
(8, 16, 3, 119, '0.01', '1', '13156137998720', '2019-06-24 12:39:47', '2019-06-24 12:39:47', 'hxxhcu'),
(9, 17, 3, NULL, '0.01', '1', '131561381323708', '2019-06-24 13:02:03', '2019-06-24 13:02:03', NULL),
(10, 18, 1, NULL, '5', '1', '111561392123711', '2019-06-24 16:02:03', '2019-06-24 16:02:03', NULL),
(11, 19, 1, NULL, '5', '1', '111561396262165', '2019-06-24 17:11:02', '2019-06-24 17:11:02', NULL),
(12, 20, 93, NULL, '5', '1', '1931561397153562', '2019-06-24 17:25:53', '2019-06-24 17:25:53', NULL),
(13, 0, 3, NULL, '5', '4', '431561459761175', '2019-06-25 10:49:21', '2019-06-25 10:49:21', NULL),
(14, 24, 3, NULL, '0.01', '1', '131561460385553', '2019-06-25 10:59:45', '2019-06-25 10:59:45', NULL),
(15, 25, 22, NULL, '0.01', '1', '1221561463533524', '2019-06-25 11:52:13', '2019-06-25 11:52:13', NULL),
(16, 26, 22, NULL, '0.01', '1', '1221561470652815', '2019-06-25 13:50:52', '2019-06-25 13:50:52', NULL),
(17, 27, 16, NULL, '15', '10', '10161561482602213', '2019-06-25 17:10:02', '2019-06-25 17:10:02', NULL),
(18, 28, 16, NULL, '15', '10', '10161561488537614', '2019-06-25 18:48:57', '2019-06-25 18:48:57', NULL),
(19, 29, 16, NULL, '15', '10', '10161561490491193', '2019-06-25 19:21:31', '2019-06-25 19:21:31', NULL),
(20, 30, 16, NULL, '15', '10', '10161561491426887', '2019-06-25 19:37:06', '2019-06-25 19:37:06', NULL),
(21, 31, 16, NULL, '5', '14', '14161561492383838', '2019-06-25 19:53:03', '2019-06-25 19:53:03', NULL),
(22, 32, 16, NULL, '5', '14', '14161561492430373', '2019-06-25 19:53:50', '2019-06-25 19:53:50', NULL),
(23, 33, 16, NULL, '5', '14', '14161561492474255', '2019-06-25 19:54:34', '2019-06-25 19:54:34', NULL),
(24, 34, 16, NULL, '5', '14', '14161561492517503', '2019-06-25 19:55:17', '2019-06-25 19:55:17', NULL),
(25, 35, 16, NULL, '5', '14', '14161561492547240', '2019-06-25 19:55:47', '2019-06-25 19:55:47', NULL),
(26, 36, 16, NULL, '5', '14', '14161561492580536', '2019-06-25 19:56:20', '2019-06-25 19:56:20', NULL),
(27, 37, 16, NULL, '5', '14', '14161561492623923', '2019-06-25 19:57:03', '2019-06-25 19:57:03', NULL),
(28, 38, 16, NULL, '5', '14', '14161561493122594', '2019-06-25 20:05:22', '2019-06-25 20:05:22', NULL),
(29, 39, 16, NULL, '5', '14', '14161561493155486', '2019-06-25 20:05:55', '2019-06-25 20:05:55', NULL),
(30, 40, 16, NULL, '5', '14', '14161561493193701', '2019-06-25 20:06:33', '2019-06-25 20:06:33', NULL),
(31, 42, 3, 22, '0.01', '1', '131561544479135', '2019-06-26 10:21:19', '2019-06-26 10:21:19', 'Bccghxgjcgjchj'),
(32, 44, 3, 139, '0.01', '1', '131561545150921', '2019-06-26 10:32:30', '2019-06-26 10:32:30', 'Xfhdhgxhgxgjx'),
(33, 45, 3, 139, '0.01', '1', '131561547799306', '2019-06-26 11:16:39', '2019-06-26 11:16:39', 'Vbcggcjgcjgc'),
(34, 46, 22, NULL, '0.01', '1', '1221561548089818', '2019-06-26 11:21:29', '2019-06-26 11:21:29', NULL),
(35, 47, 3, 140, '0.01', '1', '131561549390781', '2019-06-26 11:43:10', '2019-06-26 11:43:10', 'hello'),
(36, 48, 3, 140, '0.01', '1', '131561549524433', '2019-06-26 11:45:24', '2019-06-26 11:45:24', 'ghh'),
(37, 49, 1, NULL, '5', '14', '1411561554256181', '2019-06-26 13:04:16', '2019-06-26 13:04:16', NULL),
(38, 50, 3, NULL, '0.01', '1', '131561554435405', '2019-06-26 13:07:15', '2019-06-26 13:07:15', NULL),
(39, 51, 3, 140, '0.01', '1', '131561554520233', '2019-06-26 13:08:40', '2019-06-26 13:08:40', 'l'),
(40, 52, 1, NULL, '15', '10', '1011561561596575', '2019-06-26 15:06:36', '2019-06-26 15:06:36', NULL),
(41, 53, 22, NULL, '0.01', '1', '1221561628219936', '2019-06-27 09:36:59', '2019-06-27 09:36:59', NULL),
(42, 54, 142, 144, '0.01', '1', '11421561637353166', '2019-06-27 12:09:13', '2019-06-27 12:09:13', 'testooooooo'),
(43, 55, 22, NULL, '0.01', '1', '1221561639253606', '2019-06-27 12:40:53', '2019-06-27 12:40:53', NULL),
(44, 56, 22, 3, '0.01', '1', '1221561639459706', '2019-06-27 12:44:19', '2019-06-27 12:44:19', 'Test'),
(45, 57, 22, NULL, '0.01', '1', '1221561641189151', '2019-06-27 13:13:09', '2019-06-27 13:13:09', NULL),
(46, 58, 22, 142, '0.01', '1', '1221561641288967', '2019-06-27 13:14:48', '2019-06-27 13:14:48', 'Tesoro'),
(47, 59, 22, 3, '0.01', '1', '1221561641453359', '2019-06-27 13:17:33', '2019-06-27 13:17:33', 'Lol'),
(48, 60, 22, NULL, '0.01', '1', '1221561732447187', '2019-06-28 14:34:07', '2019-06-28 14:34:07', NULL),
(49, 61, 3, NULL, '0.01', '1', '131561732644548', '2019-06-28 14:37:24', '2019-06-28 14:37:24', NULL),
(50, 62, 31, NULL, '0.01', '1', '1311561733567284', '2019-06-28 14:52:47', '2019-06-28 14:52:47', NULL),
(51, 69, 3, NULL, '0.01', '1', '131561735571380', '2019-06-28 15:26:11', '2019-06-28 15:26:11', NULL),
(52, 70, 22, NULL, '0.01', '1', '1221561735593397', '2019-06-28 15:26:33', '2019-06-28 15:26:33', NULL),
(53, 71, 22, 151, '0.01', '1', '1221561736000624', '2019-06-28 15:33:20', '2019-06-28 15:33:20', 'Test please'),
(54, 72, 3, 152, '0.01', '1', '131561736076489', '2019-06-28 15:34:36', '2019-06-28 15:34:36', 'hello'),
(55, 73, 31, NULL, '0.01', '1', '1311561736283555', '2019-06-28 15:38:03', '2019-06-28 15:38:03', NULL),
(56, 74, 1, NULL, '5', '14', '1411561736341546', '2019-06-28 15:39:01', '2019-06-28 15:39:01', NULL),
(57, 75, 1, NULL, '5', '14', '1411561743998177', '2019-06-28 17:46:38', '2019-06-28 17:46:38', NULL),
(58, 76, 68, 1, '5', '14', '14681561745995667', '2019-06-28 18:19:55', '2019-06-28 18:19:55', 'Trayton'),
(59, 77, 1, NULL, '15', '10', '1011561752477696', '2019-06-28 20:07:57', '2019-06-28 20:07:57', NULL),
(60, 78, 22, NULL, '0.01', '1', '1221561782273950', '2019-06-29 04:24:33', '2019-06-29 04:24:33', NULL),
(61, 79, 1, NULL, '15', '10', '1011561830501614', '2019-06-29 17:48:21', '2019-06-29 17:48:21', NULL),
(62, 80, 1, NULL, '5', '14', '141156186619053', '2019-06-30 03:43:10', '2019-06-30 03:43:10', NULL),
(63, 81, 1, NULL, '25', '11', '1111561875362177', '2019-06-30 06:16:02', '2019-06-30 06:16:02', NULL),
(64, 82, 1, NULL, '5', '14', '1411561875424845', '2019-06-30 06:17:04', '2019-06-30 06:17:04', NULL),
(65, 83, 1, NULL, '10', '9', '911561917503242', '2019-06-30 17:58:23', '2019-06-30 17:58:23', NULL),
(66, 84, 56, 28, '5', '14', '14561561923557531', '2019-06-30 19:39:17', '2019-06-30 19:39:17', 'Happy birthday!'),
(67, 85, 1, NULL, '5', '14', '141156193039435', '2019-06-30 21:33:14', '2019-06-30 21:33:14', NULL),
(68, 86, 1, NULL, '10', '9', '911561946415957', '2019-07-01 02:00:15', '2019-07-01 02:00:15', NULL),
(69, 87, 1, NULL, '5', '14', '1411561946449462', '2019-07-01 02:00:49', '2019-07-01 02:00:49', NULL),
(70, 88, 1, NULL, '15', '10', '1011561999445439', '2019-07-01 16:44:05', '2019-07-01 16:44:05', NULL),
(71, 89, 1, NULL, '5', '1', '111562027318962', '2019-07-02 00:28:38', '2019-07-02 00:28:38', NULL),
(72, 90, 1, NULL, '5', '1', '111562037470802', '2019-07-02 03:17:50', '2019-07-02 03:17:50', NULL),
(73, 91, 1, NULL, '10', '9', '911562090234653', '2019-07-02 17:57:14', '2019-07-02 17:57:14', NULL),
(74, 92, 1, NULL, '10', '9', '911562159572791', '2019-07-03 13:12:52', '2019-07-03 13:12:52', NULL),
(75, 93, 1, NULL, '5', '1', '111562160692625', '2019-07-03 13:31:32', '2019-07-03 13:31:32', NULL),
(76, 94, 1, NULL, '15', '10', '1011562167430979', '2019-07-03 15:23:50', '2019-07-03 15:23:50', NULL),
(77, 95, 1, NULL, '5', '1', '111562167493809', '2019-07-03 15:24:53', '2019-07-03 15:24:53', NULL),
(78, 96, 1, NULL, '15', '10', '1011562352254187', '2019-07-05 18:44:14', '2019-07-05 18:44:14', NULL),
(79, 97, 3, 173, '0.1', '1', '131562406709791', '2019-07-06 09:51:49', '2019-07-06 09:51:49', 'Test Ios link'),
(80, 98, 3, 173, '0.1', '1', '131562406774632', '2019-07-06 09:52:54', '2019-07-06 09:52:54', 'Test Ios link'),
(81, 99, 1, NULL, '15', '10', '1011562591031349', '2019-07-08 13:03:52', '2019-07-08 13:03:52', NULL),
(82, 100, 1, 176, '15', '10', '1011562610879138', '2019-07-08 18:34:39', '2019-07-08 18:34:39', 'Keith man here is a gift card'),
(83, 101, 1, NULL, '25', '11', '1111562628502738', '2019-07-08 23:28:22', '2019-07-08 23:28:22', NULL),
(84, 102, 1, NULL, '10', '9', '911562630553513', '2019-07-09 00:02:33', '2019-07-09 00:02:33', NULL),
(85, 103, 1, NULL, '5', '1', '111562687931561', '2019-07-09 15:58:51', '2019-07-09 15:58:51', NULL),
(86, 104, 1, NULL, '10', '9', '911562691202901', '2019-07-09 16:53:22', '2019-07-09 16:53:22', NULL),
(87, 105, 1, NULL, '5', '1', '111562694673545', '2019-07-09 17:51:13', '2019-07-09 17:51:13', NULL),
(88, 106, 1, NULL, '10', '9', '911562704419806', '2019-07-09 20:33:39', '2019-07-09 20:33:39', NULL),
(89, 107, 1, NULL, '10', '9', '911562704455825', '2019-07-09 20:34:15', '2019-07-09 20:34:15', NULL),
(90, 108, 1, NULL, '10', '9', '911562717055324', '2019-07-10 00:04:15', '2019-07-10 00:04:15', NULL),
(91, 109, 1, NULL, '25', '11', '1111562717120694', '2019-07-10 00:05:20', '2019-07-10 00:05:20', NULL),
(92, 110, 1, NULL, '15', '10', '1011562721231631', '2019-07-10 01:13:51', '2019-07-10 01:13:51', NULL),
(93, 111, 1, NULL, '15', '10', '1011562798666115', '2019-07-10 22:44:26', '2019-07-10 22:44:26', NULL),
(94, 112, 1, NULL, '10', '9', '911562798710938', '2019-07-10 22:45:10', '2019-07-10 22:45:10', NULL),
(95, 113, 1, NULL, '10', '9', '911562819680245', '2019-07-11 04:34:40', '2019-07-11 04:34:40', NULL),
(96, 114, 1, NULL, '15', '10', '1011562819722836', '2019-07-11 04:35:22', '2019-07-11 04:35:22', NULL),
(97, 115, 22, NULL, '0.01', '1', '1221562852691869', '2019-07-11 13:44:51', '2019-07-11 13:44:51', NULL),
(98, 116, 1, NULL, '10', '9', '911562862393717', '2019-07-11 16:26:33', '2019-07-11 16:26:33', NULL),
(99, 117, 1, NULL, '10', '9', '911562862418339', '2019-07-11 16:26:58', '2019-07-11 16:26:58', NULL),
(100, 118, 1, NULL, '10', '9', '911562862454736', '2019-07-11 16:27:34', '2019-07-11 16:27:34', NULL),
(101, 119, 1, NULL, '10', '9', '911562957510822', '2019-07-12 18:51:50', '2019-07-12 18:51:50', NULL),
(102, 120, 1, NULL, '10', '9', '911562957540577', '2019-07-12 18:52:20', '2019-07-12 18:52:20', NULL),
(103, 121, 1, 194, '15', '10', '1011562958018734', '2019-07-12 19:00:18', '2019-07-12 19:00:18', 'Hi Stephanie thank you so much for downloading the app ?. I hope you enjoy some lunch and looking forward to hear your feedback.'),
(104, 122, 1, NULL, '10', '9', '911563322752359', '2019-07-17 00:19:12', '2019-07-17 00:19:12', NULL),
(105, 123, 28, 30, '10', '9', '9281563470891637', '2019-07-18 17:28:11', '2019-07-18 17:28:11', 'Happy Birthday Elizabeth from Pete'),
(106, 124, 1, NULL, '15', '10', '1011563482274959', '2019-07-18 20:37:54', '2019-07-18 20:37:54', NULL);

-- --------------------------------------------------------

--
-- Table structure for table `otp`
--

CREATE TABLE `otp` (
  `id` int(11) NOT NULL,
  `country_code` varchar(255) NOT NULL,
  `phone` varchar(255) NOT NULL,
  `otp` varchar(255) NOT NULL,
  `created_at` datetime NOT NULL,
  `updated_at` timestamp NOT NULL DEFAULT CURRENT_TIMESTAMP
) ENGINE=InnoDB DEFAULT CHARSET=latin1;

--
-- Dumping data for table `otp`
--

INSERT INTO `otp` (`id`, `country_code`, `phone`, `otp`, `created_at`, `updated_at`) VALUES
(1, '+1', '4802681881', '7046', '2019-06-06 21:11:07', '2019-06-06 21:11:07'),
(2, '+1', '4153499224', '5902', '2019-06-17 20:10:06', '2019-06-17 20:10:06'),
(3, '+1', '6027433316', '9282', '2019-06-19 18:01:21', '2019-06-19 18:01:21'),
(4, '+1', '9495250654', '7235', '2019-06-20 18:50:56', '2019-06-20 18:50:56'),
(5, '+1', '6233080441', '9243', '2019-06-20 19:05:28', '2019-06-20 19:05:28'),
(6, '+1', '9283240180', '4456', '2019-06-20 19:05:56', '2019-06-20 19:05:56'),
(7, '+1', '9253240180', '2865', '2019-06-20 19:06:49', '2019-06-20 19:06:49'),
(8, '+1', '4803264542', '1812', '2019-06-20 19:22:47', '2019-06-20 19:22:47'),
(9, '+1', '+14807071984', '7420', '2019-06-20 19:42:15', '2019-06-20 19:42:15'),
(10, '+1', '6027415729', '5881', '2019-06-20 20:22:19', '2019-06-20 20:22:19'),
(11, '+1', '6025414133', '1553', '2019-06-20 21:14:45', '2019-06-20 21:14:45'),
(12, '+1', '3344708802', '7327', '2019-06-21 01:51:47', '2019-06-21 01:51:47'),
(13, '+1', '4802422878', '7646', '2019-06-21 04:21:13', '2019-06-21 04:21:13'),
(14, '+1', '4805443609', '9507', '2019-06-21 19:17:03', '2019-06-21 19:17:03'),
(15, '+1', '6023156907', '2583', '2019-06-25 20:13:56', '2019-06-25 20:13:56'),
(16, '+1', '6209514042', '4582', '2019-06-26 02:59:05', '2019-06-26 02:59:05'),
(17, '+1', '2108804844', '1512', '2019-06-27 11:51:09', '2019-07-09 09:32:36'),
(18, '+1', '3152104488', '8671', '2019-06-27 11:59:56', '2019-07-09 11:52:24'),
(19, '+1', '9728775174', '2719', '2019-06-27 20:41:14', '2019-06-27 20:41:14'),
(20, '+1', '8657763594', '4183', '2019-06-28 06:51:57', '2019-06-28 06:51:57'),
(21, '+1', '8968502868', '4037', '2019-06-28 14:04:07', '2019-06-28 14:04:21'),
(22, '+1', '4804936424', '5972', '2019-06-28 18:39:37', '2019-06-28 18:39:37'),
(23, '+1', '6309405459', '2854', '2019-06-28 20:29:22', '2019-06-28 20:29:22'),
(24, '+1', '4804107007', '1058', '2019-06-28 22:21:44', '2019-06-28 22:21:44'),
(25, '+1', '6084458154', '3829', '2019-06-28 23:28:05', '2019-06-28 23:28:05'),
(26, '+1', '9366974592', '6032', '2019-06-29 15:51:27', '2019-06-29 15:51:27'),
(27, '+1', '6053707347', '2241', '2019-06-30 00:08:11', '2019-06-30 00:08:11'),
(28, '+1', '4803297541', '8507', '2019-06-30 04:53:15', '2019-06-30 04:53:15'),
(29, '+1', '4806771080', '6079', '2019-06-30 06:10:48', '2019-06-30 06:10:48'),
(30, '+1', '4802233966', '1973', '2019-06-30 21:37:55', '2019-06-30 21:37:55'),
(31, '+1', '9088928318', '5727', '2019-07-01 00:53:51', '2019-07-01 00:53:51'),
(32, '+1', '5093851192', '4936', '2019-07-01 20:42:02', '2019-07-01 20:42:02'),
(33, '+1', '1234567890', '7381', '2019-07-02 11:21:46', '2019-07-11 06:25:28'),
(34, '+1', '2622031282', '7383', '2019-07-02 23:47:25', '2019-07-02 23:47:25'),
(35, '+1', '5416333667', '8904', '2019-07-02 23:57:13', '2019-07-02 23:57:13'),
(36, '+1', '4803538132', '4730', '2019-07-03 15:14:20', '2019-07-03 15:14:20'),
(37, '+1', '3174461422', '6332', '2019-07-03 16:10:49', '2019-07-03 16:10:49'),
(38, '+1', '7854777171', '1942', '2019-07-05 20:57:54', '2019-07-05 20:57:54'),
(39, '+1', '4178303674', '6130', '2019-07-07 01:58:51', '2019-07-07 01:58:51'),
(40, '+1', '9733037858', '3625', '2019-07-08 17:51:39', '2019-07-08 17:51:39'),
(41, '+1', '8188572511', '9705', '2019-07-08 23:58:34', '2019-07-08 23:58:34'),
(42, '+1', '8968222860', '1881', '2019-07-09 09:29:51', '2019-07-09 09:31:42'),
(43, '+1', '+918968502868', '5051', '2019-07-09 09:40:04', '2019-07-09 09:40:17'),
(44, '+1', '9646874312', '8270', '2019-07-09 10:29:38', '2019-07-09 10:57:14'),
(45, '+1', '5867448935', '5814', '2019-07-09 16:51:36', '2019-07-09 16:51:36'),
(46, '+1', '4803436522', '4312', '2019-07-09 19:20:46', '2019-07-09 19:20:46'),
(47, '+1', '4807816140', '6632', '2019-07-10 00:11:07', '2019-07-10 00:11:07'),
(48, '+1', '4803638534', '5325', '2019-07-10 23:06:17', '2019-07-10 23:06:17'),
(49, '+1', '4807201396', '9121', '2019-07-10 23:06:39', '2019-07-10 23:06:39'),
(50, '+1', '+14805168729', '9465', '2019-07-11 00:32:34', '2019-07-11 00:32:34'),
(51, '+1', '5207055382', '1806', '2019-07-11 04:14:22', '2019-07-11 04:14:22'),
(52, '+1', '99433018', '8024', '2019-07-11 05:10:28', '2019-07-11 05:13:19'),
(53, '+1', '1234567891', '5570', '2019-07-11 06:27:23', '2019-07-11 06:27:23'),
(54, '+1', '1234567666', '7409', '2019-07-11 06:34:25', '2019-07-11 06:34:25'),
(55, '+1', '123456789', '9468', '2019-07-11 06:48:15', '2019-07-11 06:48:15'),
(56, '+1', '9874563215', '2628', '2019-07-11 06:48:35', '2019-07-11 09:59:11'),
(57, '+91', '9874563215', '6268', '2019-07-11 06:48:49', '2019-07-11 06:48:49'),
(58, '+1', '3152104485', '2339', '2019-07-11 07:03:26', '2019-07-11 07:03:26'),
(59, '+1', '8936525636', '8917', '2019-07-11 07:03:53', '2019-07-11 07:03:53'),
(60, '+1', '6082158506', '5178', '2019-07-11 17:55:52', '2019-07-11 17:55:52'),
(61, '+1', '6025796986', '9871', '2019-07-11 17:57:56', '2019-07-11 17:57:56'),
(62, '+1', '+17035689307', '8630', '2019-07-11 20:05:35', '2019-07-11 20:05:35'),
(63, '+1', '6023676618', '6657', '2019-07-11 20:06:39', '2019-07-11 20:06:39'),
(64, '+1', '6026284297', '6343', '2019-07-12 15:46:07', '2019-07-12 15:46:07'),
(65, '+1', '4803896061', '4954', '2019-07-12 20:44:42', '2019-07-12 20:44:42'),
(66, '+1', '6102830243', '9951', '2019-07-15 19:53:22', '2019-07-15 19:53:22'),
(67, '+1', '99455018', '7852', '2019-07-16 03:36:21', '2019-07-16 03:36:21'),
(68, '+1', '4806280830', '1069', '2019-07-17 15:32:34', '2019-07-17 15:32:34'),
(69, '+1', '4802725702', '1067', '2019-07-18 02:21:09', '2019-07-18 02:21:09'),
(70, '+1', '3235905766', '1927', '2019-07-18 14:32:25', '2019-07-18 14:32:25');

-- --------------------------------------------------------

--
-- Table structure for table `payments`
--

CREATE TABLE `payments` (
  `id` int(11) NOT NULL,
  `user_id` int(11) NOT NULL,
  `card_number` varchar(200) NOT NULL,
  `card_type` varchar(200) NOT NULL,
  `cvv` varchar(200) NOT NULL,
  `expiry_date` varchar(200) NOT NULL,
  `amount` varchar(200) NOT NULL,
  `zipcode` varchar(255) DEFAULT NULL,
  `order_id` varchar(200) NOT NULL,
  `card_id` int(11) NOT NULL,
  `unique_ref` varchar(200) NOT NULL,
  `hash_key` varchar(200) NOT NULL,
  `created_at` datetime NOT NULL,
  `updated_at` timestamp NOT NULL DEFAULT CURRENT_TIMESTAMP ON UPDATE CURRENT_TIMESTAMP
) ENGINE=InnoDB DEFAULT CHARSET=latin1;

--
-- Dumping data for table `payments`
--

INSERT INTO `payments` (`id`, `user_id`, `card_number`, `card_type`, `cvv`, `expiry_date`, `amount`, `zipcode`, `order_id`, `card_id`, `unique_ref`, `hash_key`, `created_at`, `updated_at`) VALUES
(4, 1, '4750556096563346', 'Visa', '480', '1020', '5', NULL, '1681956443', 1, 'EKD5312H0P', '47b899058817387f74c4331e3fef9661', '2019-06-18 15:40:46', '2019-06-24 07:44:49'),
(5, 1, '4750556096563346', 'Visa', '480', '1020', '10', NULL, '1691960036', 9, 'KBSJEEB40K', '92c9b4786dfa97a9b74e849cd82e0a7f', '2019-06-19 16:40:38', '2019-06-24 07:44:53'),
(6, 1, '4750556096563346', 'Visa', '480', '1020', '15', NULL, '1701966988', 10, 'M1DMG2NIM3', '26d5a17f36b51cfa06e586f3a56d825f', '2019-06-20 18:36:31', '2019-06-24 07:44:57'),
(8, 3, '4572621600547130', 'Visa', '675', '0521', '0.1', NULL, '1711947891', 1, 'LI8UQE6DCV', '3cc1814453901035265b5e0ffa91aa89', '2019-06-21 13:18:13', '2019-06-24 07:45:00'),
(9, 1, '4572621600547130', 'Visa', '675', '0521', '0.01', NULL, '1741943372', 1, 'EZGS03EDKI', '36fc7d69b125de36e2a5764b335b042e', '2019-06-24 12:02:54', '2019-06-24 13:03:23'),
(10, 1, '4572621600547130', 'Visa', '675', '0521', '0.01', NULL, '1741943606', 1, 'DHADY95SDW', 'd08ed5ce7291c73a4a3bfff2d11accf4', '2019-06-24 12:06:49', '2019-06-24 13:03:18'),
(11, 1, '4572621600547130', 'Visa', '675', '0521', '0.01', NULL, '1741943854', 1, 'HNQ9WBBSCC', '302db51aedea61d003aa3e22fe1a2043', '2019-06-24 12:10:57', '2019-06-24 13:03:15'),
(12, 1, '4572621600547130', 'Visa', '675', '0521', '0.01', NULL, '1741943970', 1, 'EFL3IILW0J', '424868aaa9ada938caafb07236a2a28b', '2019-06-24 12:12:52', '2019-06-24 13:03:12'),
(13, 3, '4572621600547130', 'Visa', '675', '0521', '0.01', NULL, '1741944317', 1, 'EAIN4MN8BE', '254819be5a20ed75a99acd837870a16e', '2019-06-24 12:18:39', '2019-06-24 13:03:09'),
(14, 3, '4572621600547130', 'Visa', '675', '0521', '0.01', NULL, '1741944996', 1, 'IHCG8JF5ZD', '4af1de961d121286501c8e7b45ba7444', '2019-06-24 12:29:58', '2019-06-24 13:03:04'),
(15, 3, '4572621600547130', 'Visa', '675', '0521', '0.01', NULL, '1741945384', 1, 'G5XT0BP4TB', 'fdcb01bf331a41352fc9451c9f19b793', '2019-06-24 12:36:26', '2019-06-24 13:02:55'),
(16, 3, '4572621600547130', 'Visa', '675', '0521', '0.01', NULL, '1741945582', 1, 'KMWIW0EE78', '74bf890372f7f15d1daaaf3e01da52f2', '2019-06-24 12:39:44', '2019-06-24 13:02:51'),
(17, 3, '4572621600547130', 'Visa', '675', '0521', '0.01', NULL, '1741946918', 1, 'GALWG45F28', '591ccd1a4195f1326c5787b7ac5dbd46', '2019-06-24 13:02:00', '2019-06-24 13:02:00'),
(18, 1, '4750556096563346', 'Visa', '480', '1020', '5', NULL, '1741957718', 1, 'LNDI04P9BF', '8614372dc5791c0304fe24b5ab5d8e2d', '2019-06-24 16:02:00', '2019-06-24 16:02:00'),
(19, 1, '4750556096563346', 'Visa', '480', '1020', '5', NULL, '1741961856', 1, 'FOZ2YNM4MW', '8def2df08f45178cc9a2125cbf974a3f', '2019-06-24 17:10:57', '2019-06-24 17:10:57'),
(20, 93, '5466160437833187', 'Visa', '393', '0620', '5', NULL, '1741962749', 1, 'JOE726B2GJ', '9142316406b21f2f9a1c2b087ee7ca29', '2019-06-24 17:25:51', '2019-06-24 17:25:51'),
(21, 113, '4572621600547130', 'visa', '675', '0521', '0.1', NULL, '1751934822', 2, 'C5X1J1JBTH', '4c49e6b96bbd0bd0d9731444e2d11361', '2019-06-25 09:40:24', '2019-06-25 09:40:24'),
(22, 3, '4572621600547130', 'Visa', '675', '0521', '0.01', NULL, '1751938406', 1, 'ICFUYEJ6TZ', '304cc58fc0a6b017f349d936767909ea', '2019-06-25 10:40:08', '2019-06-25 10:40:08'),
(23, 3, '4572621600547130', 'Visa', '675', '0521', '0.01', NULL, '1751938934', 4, 'H40CKFDVFA', 'dc207ef926bb7e735cfdc396956dca6e', '2019-06-25 10:48:57', '2019-06-25 10:48:57'),
(24, 3, '4572621600547130', 'Visa', '675', '0521', '0.01', NULL, '1751939458', 1, 'FRAG0DXZLE', '8b8fc8b1b5309b3be1f70e8d0fdb0064', '2019-06-25 10:57:40', '2019-06-25 10:57:40'),
(25, 22, '4572621600547130', 'Visa', '675', '0521', '0.01', NULL, '1751942727', 1, 'EOB3A0X1UA', 'ab8a1de161748008d9170b91adf16a45', '2019-06-25 11:52:09', '2019-06-25 11:52:09'),
(26, 22, '4572621600547130', 'Visa', '675', '0521', '0.01', '151205', '1751949847', 1, 'HCWX476T4D', 'cd2e398c49ea18f93bd1e4e42f3afde3', '2019-06-25 13:50:49', '2019-06-25 13:50:49'),
(27, 16, '4750556096563346', 'Visa', '480', '1020', '15.0', '85251', '1751961797', 10, 'L3KC9F43RP', 'e54bf2b6419f862bcb0e11dd14afde48', '2019-06-25 17:09:59', '2019-06-25 17:09:59'),
(28, 16, '4750556096563346', 'Visa', '480', '1020', '15.0', '85251', '1751967733', 10, 'ECAPMXCL5Z', 'a393a08da193515ff8338d2c89c2aeac', '2019-06-25 18:48:55', '2019-06-25 18:48:55'),
(29, 16, '4750556096563346', 'Visa', '480', '1020', '15.0', '85251', '1751969685', 10, 'FSIAGU2AEO', 'a9ee65bbc4e9198f45f4760da3b55868', '2019-06-25 19:21:28', '2019-06-25 19:21:28'),
(30, 16, '4750556096563346', 'Visa', '480', '1020', '15.0', '85251', '1751970616', 10, 'GPMOT8K182', '630654acca96e1de83e39ef668272130', '2019-06-25 19:36:58', '2019-06-25 19:36:58'),
(31, 16, '4750556096563346', 'Visa', '480', '1020', '5.0', '85251', '1751971579', 14, 'FM9AYYP1WT', '213c347bc28860d81fab6aee42fc3dfa', '2019-06-25 19:53:01', '2019-06-25 19:53:01'),
(32, 16, '4750556096563346', 'Visa', '480', '1020', '5.0', '85251', '1751971625', 14, 'C73KMQYB7J', 'bef193265532dd031472bbbe9bb1981a', '2019-06-25 19:53:47', '2019-06-25 19:53:47'),
(33, 16, '4750556096563346', 'Visa', '480', '1020', '5.0', '85251', '1751971670', 14, 'H5LOEH7O9Z', 'd575a27a4d0d6afdab316d8d93eee28d', '2019-06-25 19:54:32', '2019-06-25 19:54:32'),
(34, 16, '4750556096563346', 'Visa', '480', '1020', '5.0', '85251', '1751971713', 14, 'M3PP39IXJN', 'dc35251c8e1e5941fe70c7295756ec1d', '2019-06-25 19:55:15', '2019-06-25 19:55:15'),
(35, 16, '4750556096563346', 'Visa', '480', '1020', '5.0', '85251', '1751971743', 14, 'G7AWV6NIFJ', '9bf27c15b2d746a4548ae484a9bf05bc', '2019-06-25 19:55:45', '2019-06-25 19:55:45'),
(36, 16, '4750556096563346', 'Visa', '480', '1020', '5.0', '85254', '1751971776', 14, 'FRPOIP9NFO', '57ba02a396e8b2f1baa384b657b703c1', '2019-06-25 19:56:18', '2019-06-25 19:56:18'),
(37, 16, '4750556096563346', 'Visa', '480', '1020', '5.0', '85254', '1751971819', 14, 'HYFWGXV2IH', '480984c6d4c0e22f77e5931fa614281a', '2019-06-25 19:57:00', '2019-06-25 19:57:00'),
(38, 16, '4750556096563346', 'Visa', '480', '1020', '5.0', '85251', '1751972318', 14, 'H5ZJLAPK2C', 'c57418efb69677aca118bcca1a787f88', '2019-06-25 20:05:20', '2019-06-25 20:05:20'),
(39, 16, '4750556096563346', 'Visa', '480', '1020', '5.0', '85251', '1751972351', 14, 'JH03QKHHPG', '69d41303ed40df575531ba13f5134e2c', '2019-06-25 20:05:53', '2019-06-25 20:05:53'),
(40, 16, '4750556096563346', 'Visa', '480', '1020', '5.0', '85251', '1751972389', 14, 'LNQ9PRYUSF', '2357e282ca76c7e4744aaae486d9de9d', '2019-06-25 20:06:31', '2019-06-25 20:06:31'),
(41, 22, '4572621600547130', 'Visa', '675', '0521', '0.01', '151203', '1761937096', 1, 'DT7N37D5F0', '139ff3b1439fcfb6d69f37124b366c6e', '2019-06-26 10:18:18', '2019-06-26 10:18:18'),
(42, 3, '4572621600547130', 'Visa', '675', '0521', '0.01', '151203', '1761937274', 1, 'INTFRTA1K7', '219981c0477f771a1da3784e6dc2d051', '2019-06-26 10:21:16', '2019-06-26 10:21:16'),
(43, 3, '4572621600547130', 'Visa', '675', '0521', '0.01', '151203', '1761937389', 1, 'L34C448HMT', '43972110b4b10d82b043aac9b79c5910', '2019-06-26 10:23:12', '2019-06-26 10:23:12'),
(44, 3, '4572621600547130', 'Visa', '675', '0521', '0.01', '151203', '1761937945', 1, 'IQ5KG969RC', '4f1eaaa30b1c4a5f2c563cfe48bfc42a', '2019-06-26 10:32:28', '2019-06-26 10:32:28'),
(45, 3, '4572621600547130', 'Visa', '675', '0521', '0.01', '151203', '1761940594', 1, 'KE659MDADJ', '4d922469a70856b6405b9b6bccf51666', '2019-06-26 11:16:36', '2019-06-26 11:16:36'),
(46, 22, '4572621600547130', 'Visa', '675', '0521', '0.01', '10006', '1761940884', 1, 'GPNOBILFDB', 'fe37657bbaeb9deaa1185e96ae95135f', '2019-06-26 11:21:26', '2019-06-26 11:21:26'),
(47, 3, '4572621600547130', 'Visa', '675', '0521', '0.01', '10001', '1761942185', 1, 'DTZBHT8UV9', '163e2d61ab6f218d2ac5cde6ace170cc', '2019-06-26 11:43:08', '2019-06-26 11:43:08'),
(48, 3, '4572621600547130', 'Visa', '675', '0521', '0.01', '10001', '1761942319', 1, 'FYDCSKU013', '380043e7c9fdfea4ff80c6cbf039f33a', '2019-06-26 11:45:21', '2019-06-26 11:45:21'),
(49, 1, '4750556096563346', 'Visa', '480', '1020', '5', '85251', '1761947051', 14, 'JEO10VPQ46', 'b0c42a275f770705f7c7bd2726c9b74e', '2019-06-26 13:04:13', '2019-06-26 13:04:13'),
(50, 3, '4572621600547130', 'Visa', '675', '0521', '0.01', '12345', '1761947230', 1, 'HYTVLJLGW7', 'dd9721c7761da8f3c97998fd1edf1b9f', '2019-06-26 13:07:12', '2019-06-26 13:07:12'),
(51, 3, '4572621600547130', 'Visa', '675', '0521', '0.01', '12345', '1761947315', 1, 'BRW9FU6SCM', 'fc528064587d2b07ce1f562217e21f8a', '2019-06-26 13:08:37', '2019-06-26 13:08:37'),
(52, 1, '4750556096563346', 'Visa', '480', '1020', '15', '85251', '1761954391', 10, 'ISCTIY1LVS', '35ab2d65f8be53958d4ae16e62218c09', '2019-06-26 15:06:33', '2019-06-26 15:06:33'),
(53, 22, '4572621600547130', 'Visa', '675', '0521', '0.01', '12345', '1771934612', 1, 'EA1HIAGHQG', '3b5400089421665f2be8d67e3fab21fb', '2019-06-27 09:36:54', '2019-06-27 09:36:54'),
(54, 142, '4572621600547130', 'Visa', '675', '0521', '0.01', '12345', '1771943748', 1, 'KDTBJU19AE', '7d6cc0127ab19ab115891564ae0cb803', '2019-06-27 12:09:10', '2019-06-27 12:09:10'),
(55, 22, '4572621600547130', 'Visa', '675', '0521', '0.01', '12345', '1771945647', 1, 'ICIZE1ZXWV', '1896096ae825ef0b147ed71bef530f06', '2019-06-27 12:40:49', '2019-06-27 12:40:49'),
(56, 22, '4572621600547130', 'Visa', '675', '0521', '0.01', '12345', '1771945855', 1, 'EV10FC4VBM', 'e49fe6a6e34a7f3b1ed0e6a5ca2411d1', '2019-06-27 12:44:17', '2019-06-27 12:44:17'),
(57, 22, '4572621600547130', 'Visa', '675', '0521', '0.01', '12345', '1771947583', 1, 'L3VONZGOHW', 'a03d29ebd2c4a5dc8cf4389409b9da60', '2019-06-27 13:13:05', '2019-06-27 13:13:05'),
(58, 22, '4572621600547130', 'Visa', '675', '0521', '0.01', '12345', '1771947683', 1, 'K5KZ3Q0KWR', '71e4c60057862eb86b02eed55e546ac8', '2019-06-27 13:14:46', '2019-06-27 13:14:46'),
(59, 22, '4572621600547130', 'Visa', '675', '0521', '0.01', '12345', '1771947847', 1, 'FQ6BONJG27', 'e403a5a1f0edbd8d40d2da7656486852', '2019-06-27 13:17:29', '2019-06-27 13:17:29'),
(60, 22, '4750556096563346', 'Visa', '480', '1020', '0.01', '85251', '1781952441', 1, 'E53UQKFGUF', '8e4edca18122307b8c96dc71f40db0d9', '2019-06-28 14:34:03', '2019-06-28 14:34:03'),
(61, 3, '4750556096563346', 'Visa', '480', '1020', '0.01', '85251', '1781952639', 1, 'B3744BY9EH', '246514cebf71f536fc44ce6be8f2ea6e', '2019-06-28 14:37:21', '2019-06-28 14:37:21'),
(62, 31, '4750556096563346', 'Visa', '480', '1020', '0.01', '85251', '1781953563', 1, 'FKXEGKB4JZ', '47d0ea0c8c0ed5bb7fbf657566e15442', '2019-06-28 14:52:45', '2019-06-28 14:52:45'),
(63, 1, '4750556096563346', 'visa', '480', '1020', '0.1', '85251', '1781955132', 2, 'B4OXOOK55K', '2127b291f65df464ab444f7c7499a551', '2019-06-28 15:18:54', '2019-06-28 15:18:54'),
(64, 3, '4750556096563346', 'Visa', '480', '1020', '0.01', '85251', '1781955166', 1, 'DE5BF9VU9I', 'ed2ec25555942758e4fc93bc8ef88223', '2019-06-28 15:19:27', '2019-06-28 15:19:27'),
(65, 22, '4750556096563346', 'Visa', '480', '1020', '0.01', '85251', '1781955288', 1, 'EE05F6O4PL', '9c4d07a59a033dc841b5e902224b595d', '2019-06-28 15:21:30', '2019-06-28 15:21:30'),
(66, 1, '4750556096563346', 'visa', '480', '1020', '0.1', '85251', '1781955360', 2, 'LLKLTLF4SW', '4a48380590aed6b5ae3172a62e600bb4', '2019-06-28 15:22:42', '2019-06-28 15:22:42'),
(67, 1, '4750556096563346', 'visa', '480', '1020', '0.1', '85259', '1781955388', 2, 'L395PQ6XY7', 'd07f1fd6337579c434d41fcead1a1fe4', '2019-06-28 15:23:10', '2019-06-28 15:23:10'),
(68, 22, '4750556096563346', 'Visa', '480', '1020', '0.01', '85251', '1781955410', 1, 'F5A91ZZC4M', 'becaac5a95c7955a916165b058d61b9c', '2019-06-28 15:23:32', '2019-06-28 15:23:32'),
(69, 3, '4750556096563346', 'Visa', '480', '1020', '0.01', '85251', '1781955567', 1, 'KY6PBU8A5F', 'ddc6785d586edc79bca2b08248fc4c06', '2019-06-28 15:26:08', '2019-06-28 15:26:08'),
(70, 22, '4750556096563346', 'Visa', '480', '1020', '0.01', '85251', '1781955589', 1, 'C7NUMSONAO', 'd56af4aa7e988f08f6b6e8d287b49f4b', '2019-06-28 15:26:30', '2019-06-28 15:26:30'),
(71, 22, '4750556096563346', 'Visa', '480', '1020', '0.01', '480', '1781955994', 1, 'KASOW0TBG3', 'bb340bca5943f8c526bff6848d886099', '2019-06-28 15:33:16', '2019-06-28 15:33:16'),
(72, 3, '4750556096563346', 'Visa', '480', '1020', '0.01', '85251', '1781956072', 1, 'DH98GDVVRG', '934bd4c44e6f61d40df37d8256f70476', '2019-06-28 15:34:34', '2019-06-28 15:34:34'),
(73, 31, '4750556096563346', 'Visa', '480', '1020', '0.01', '85251', '1781956279', 1, 'I9WTMEIHLM', 'ec4021213f1b1d86fd6ff628eaf43ebd', '2019-06-28 15:38:01', '2019-06-28 15:38:01'),
(74, 1, '4750556096563346', 'Visa', '480', '1020', '5', '85251', '1781956337', 14, 'HAG0QEK8VF', 'aaf1396a2ea91a7b9dd065d163076d95', '2019-06-28 15:38:59', '2019-06-28 15:38:59'),
(75, 1, '4750556096563346', 'Visa', '480', '1020', '5', '85251', '1781963992', 14, 'C53085W3OL', 'bb4aed0b7470751224a466eede464ad7', '2019-06-28 17:46:34', '2019-06-28 17:46:34'),
(76, 68, '4750556096563346', 'Visa', '480', '1020', '5', '85251', '1781965990', 14, 'HRQ55Y3H7J', '52daa0d66ff01eacba53fac7115a21bc', '2019-06-28 18:19:51', '2019-06-28 18:19:51'),
(77, 1, '4750556096563346', 'Visa', '480', '1020', '15', '85251', '1781972472', 10, 'GZ815BC7HK', '83155db9b6d79d05d2f1ee12f7328122', '2019-06-28 20:07:54', '2019-06-28 20:07:54'),
(78, 22, '4750556096563346', 'Visa', '480', '1020', '0.01', '85251', '1791915867', 1, 'CKRSTDLXU2', 'c0768748ef5bf6b85d7413e130cc8cd4', '2019-06-29 04:24:29', '2019-06-29 04:24:29'),
(79, 1, '4750556096563346', 'Visa', '480', '1020', '15', '85251', '1791964096', 10, 'C1NMT1DEH8', 'fd86a2f495c15a42395036a5f2bcdcde', '2019-06-29 17:48:18', '2019-06-29 17:48:18'),
(80, 1, '4750556096563346', 'Visa', '480', '1020', '5', '85251', '1801913386', 14, 'JX6RHX024T', 'c64bc41c35583e77981fc830992a1a53', '2019-06-30 03:43:08', '2019-06-30 03:43:08'),
(81, 1, '4750556096563346', 'Visa', '480', '1020', '25', '85251', '1801922557', 11, 'BAI8UVQWUY', 'd6accac9daaff70d434918ecb714b6a2', '2019-06-30 06:15:59', '2019-06-30 06:15:59'),
(82, 1, '4750556096563346', 'Visa', '480', '1020', '5', '85251', '1801922620', 14, 'J2QC0MQE0E', 'ac1d4868082165009492bef7841c6f8c', '2019-06-30 06:17:02', '2019-06-30 06:17:02'),
(83, 1, '4750556096563346', 'Visa', '480', '1020', '10', '85251', '1801964697', 9, 'FB76FOMJG1', '523bd4001b40843b40636fa86610723e', '2019-06-30 17:58:19', '2019-06-30 17:58:19'),
(84, 56, '4347697048827627', 'Visa', '614', '0322', '5', '85226', '1801970751', 14, 'EOJMZSM2SN', '185b2043644ba72874b40f8bd3e6a22f', '2019-06-30 19:39:14', '2019-06-30 19:39:14'),
(85, 1, '4750556096563346', 'Visa', '480', '1020', '5', '85251', '1801977589', 14, 'KJPP6DL4MA', '84be872c57c79c349c4438b5afb6ebf2', '2019-06-30 21:33:11', '2019-06-30 21:33:11'),
(86, 1, '4750556096563346', 'Visa', '480', '1020', '10', '85251', '181197209', 9, 'E397FBJ6P9', 'c974be55bb2a19d2609856c89c012997', '2019-07-01 02:00:11', '2019-07-01 02:00:11'),
(87, 1, '4750556096563346', 'Visa', '480', '1020', '5', '85251', '181197245', 14, 'D7ONNETCM7', '357e4386f342186b5dce8b9da873fb33', '2019-07-01 02:00:47', '2019-07-01 02:00:47'),
(88, 1, '4750556096563346', 'Visa', '480', '1020', '15', '85251', '1811960239', 10, 'CMBPB8KCCV', 'ca55f0940d6700167312f90862cb66bb', '2019-07-01 16:44:02', '2019-07-01 16:44:02'),
(89, 1, '4750556096563346', 'Visa', '480', '1020', '5', '85251', '182191713', 1, 'DQGRJUBG0Y', 'fe6e19f3f92eff4ef6fd41c0349d0be8', '2019-07-02 00:28:35', '2019-07-02 00:28:35'),
(90, 1, '4750556096563346', 'Visa', '480', '1020', '5', '85251', '1821911865', 1, 'LMWG92UOXQ', 'f79dae76254d679bd756e667ed0831f7', '2019-07-02 03:17:47', '2019-07-02 03:17:47'),
(91, 1, '4750556096563346', 'Visa', '480', '1020', '10', '85251', '1821964629', 9, 'DKV4KUXZH6', '2e0fc824f9a352795f8477436c68f146', '2019-07-02 17:57:11', '2019-07-02 17:57:11'),
(92, 1, '4750556096563346', 'Visa', '480', '1020', '10', '85251', '1831947565', 9, 'CJ91MQ76NK', 'e99c36d722081afee7f2583fc4779cc3', '2019-07-03 13:12:47', '2019-07-03 13:12:47'),
(93, 1, '4750556096563346', 'Visa', '480', '1020', '5', '85251', '1831948688', 1, 'KHBFI2D75R', '9c9a179845d7105f4df229fa3067043f', '2019-07-03 13:31:30', '2019-07-03 13:31:30'),
(94, 1, '4750556096563346', 'Visa', '480', '1020', '15', '85251', '1831955425', 10, 'DZBQUVW06C', '64459b97d44e2cbfa4514e40cf300031', '2019-07-03 15:23:47', '2019-07-03 15:23:47'),
(95, 1, '4750556096563346', 'Visa', '480', '1020', '5', '85251', '1831955488', 1, 'G07G7EUO0D', 'c414aef2f7ba801a36f3a661a620ead5', '2019-07-03 15:24:50', '2019-07-03 15:24:50'),
(96, 1, '4750556096563346', 'Visa', '480', '1020', '15', '85251', '1851967448', 10, 'EWWF6CVO2S', '71739350318ae0a0981736e660e457f4', '2019-07-05 18:44:11', '2019-07-05 18:44:11'),
(97, 3, '4572621600547130', 'Visa', '675', '0521', '0.1', '12345', '1861935503', 1, 'H44EEBZ9RE', '89dcd307a3a8adb913a944c54b446163', '2019-07-06 09:51:45', '2019-07-06 09:51:45'),
(98, 3, '4572621600547130', 'Visa', '675', '0521', '0.1', '12345', '1861935569', 1, 'H0M4F4GUPO', '5ab9ad619e4fb44f580478420c0ff440', '2019-07-06 09:52:51', '2019-07-06 09:52:51'),
(99, 1, '4750556096563346', 'Visa', '480', '1020', '15', '85251', '1881947025', 10, 'I3W5VOHPM0', 'e53cdce91e7045fb983c182c73352911', '2019-07-08 13:03:48', '2019-07-08 13:03:48'),
(100, 1, '4750556096563346', 'Visa', '480', '1020', '15', '85251', '1881966874', 10, 'BMJFY67WR3', '15ddc55af69f55c8448b2bc238f83371', '2019-07-08 18:34:36', '2019-07-08 18:34:36'),
(101, 1, '4750556096563346', 'Visa', '480', '1020', '25', '85254', '1881984496', 11, 'KIDKP2V1FN', 'bf1559ecd6d30eec80791b711a307be2', '2019-07-08 23:28:19', '2019-07-08 23:28:19'),
(102, 1, '4750556096563346', 'Visa', '480', '1020', '10', '85251', '18919148', 9, 'CE1VHONGH7', '049af33785f5c3ef6ac9ca1be7d2f176', '2019-07-09 00:02:30', '2019-07-09 00:02:30'),
(103, 1, '4750556096563346', 'Visa', '480', '1020', '5', '85251', '1891957526', 1, 'JN510NTMPM', '6e9cb248c9c9b27f4707144d1d706cd6', '2019-07-09 15:58:48', '2019-07-09 15:58:48'),
(104, 1, '4750556096563346', 'Visa', '480', '1020', '10', '85251', '1891960798', 9, 'FBZCGUPN3G', '54f8ad7a4ea7b4132ecd9a295f2a707a', '2019-07-09 16:53:20', '2019-07-09 16:53:20'),
(105, 1, '4750556096563346', 'Visa', '480', '1020', '5', '85251', '1891964267', 1, 'J89G2N5G3I', 'e8015b93f01b09b9a23bc86441def2d7', '2019-07-09 17:51:10', '2019-07-09 17:51:10'),
(106, 1, '4750556096563346', 'Visa', '480', '1020', '10', '85251', '1891974014', 9, 'H8TT577BA0', '98506199701b223eb0be46536b836d65', '2019-07-09 20:33:36', '2019-07-09 20:33:36'),
(107, 1, '4750556096563346', 'Visa', '480', '1020', '10', '85251', '1891974051', 9, 'G4OKZ84GBG', '14da6479b52740e01af58dd0092e5699', '2019-07-09 20:34:13', '2019-07-09 20:34:13'),
(108, 1, '4750556096563346', 'Visa', '480', '1020', '10', '85251', '19019250', 9, 'GAQE01QI7Q', '610e2ca58cf0e3f2af93252ae0597c2a', '2019-07-10 00:04:12', '2019-07-10 00:04:12'),
(109, 1, '4750556096563346', 'Visa', '480', '1020', '25', '85254', '19019316', 11, 'C0S82S22WD', 'd0e4ef2b6b8a8897517150ae385252b9', '2019-07-10 00:05:18', '2019-07-10 00:05:18'),
(110, 1, '4750556096563346', 'Visa', '480', '1020', '15', '85251', '190194426', 10, 'ICQFJBLK30', '50c5d1805cf78b04f4beae33a751974b', '2019-07-10 01:13:48', '2019-07-10 01:13:48'),
(111, 1, '4750556096563346', 'Visa', '480', '1020', '15', '85251', '1901981860', 10, 'CJW283NI9K', 'f1be44d78dad3dc4844663ad9bed2193', '2019-07-10 22:44:22', '2019-07-10 22:44:22'),
(112, 1, '4750556096563346', 'Visa', '480', '1020', '10', '85251', '1901981906', 9, 'GWKFWR699Z', 'a17f77fc1ecb4f2370018c0f2f5f2cd9', '2019-07-10 22:45:08', '2019-07-10 22:45:08'),
(113, 1, '4750556096563346', 'Visa', '480', '1020', '10', '85251', '1911916475', 9, 'H1U6PH4MGB', '67fcc6960046c8b34e0f3e6b39a05abe', '2019-07-11 04:34:37', '2019-07-11 04:34:37'),
(114, 1, '4750556096563346', 'Visa', '480', '1020', '15', '85251', '1911916517', 10, 'GRPDVRFETV', 'b7d2b9345a4c778af34c21bcdbbad7ea', '2019-07-11 04:35:19', '2019-07-11 04:35:19'),
(115, 22, '4572621600547130', 'Visa', '675', '0521', '0.01', '151203', '1911949486', 1, 'LZ9ZALNMMS', '3ee2658cc1f45a60bcdf42e6a5e4f38a', '2019-07-11 13:44:48', '2019-07-11 13:44:48'),
(116, 1, '4750556096563346', 'Visa', '480', '1020', '10', '85251', '1911959188', 9, 'DXIYK6X8KP', '39fc6530a27f241179d6b84b5390fb04', '2019-07-11 16:26:29', '2019-07-11 16:26:29'),
(117, 1, '4750556096563346', 'Visa', '480', '1020', '10', '85254', '1911959214', 9, 'J3TMJ4RH7G', 'fb404609b010f3043ed17b0434fc0418', '2019-07-11 16:26:56', '2019-07-11 16:26:56'),
(118, 1, '4750556096563346', 'Visa', '480', '1020', '10', '85251', '1911959249', 9, 'IOMFAK7NOW', '55a56454208f6588298e20b5e7d97146', '2019-07-11 16:27:31', '2019-07-11 16:27:31'),
(119, 1, '4750556096563346', 'Visa', '480', '1020', '10', '85251', '1921967905', 9, 'HY9R81MQ75', '482d36edb7129cf1dc56c76188696ed2', '2019-07-12 18:51:47', '2019-07-12 18:51:47'),
(120, 1, '4750556096563346', 'Visa', '480', '1020', '10', '85251', '1921967936', 9, 'HES7SFWEAA', '0952e0ed3b462e074294dee006f5eec5', '2019-07-12 18:52:17', '2019-07-12 18:52:17'),
(121, 1, '4750556096563346', 'Visa', '480', '1020', '15', '85251', '1921968413', 10, 'DWW5QS383A', '53c59c5f7eee0f047d233249f5b4295e', '2019-07-12 19:00:15', '2019-07-12 19:00:15'),
(122, 1, '4750556096563346', 'Visa', '480', '1020', '10', '85251', '197191146', 9, 'IOVWK4T7J2', '1285656c5413476ba129306cf00b17b6', '2019-07-17 00:19:08', '2019-07-17 00:19:08'),
(123, 28, '4833160196585712', 'Visa', '665', '0622', '10', '85226', '1981962884', 9, 'L7HKJAW6K9', '56372596655ccc6705eb8dd350ab5348', '2019-07-18 17:28:07', '2019-07-18 17:28:07'),
(124, 1, '4750556096563346', 'Visa', '480', '1020', '15', '85251', '1981974268', 10, 'CMQ9WAWC7O', '67faa8bf7b0b82260266a9307c2d0a2b', '2019-07-18 20:37:51', '2019-07-18 20:37:51');

-- --------------------------------------------------------

--
-- Table structure for table `purchased_cards`
--

CREATE TABLE `purchased_cards` (
  `id` int(11) NOT NULL,
  `user_id` int(11) NOT NULL,
  `card_id` int(11) NOT NULL,
  `transaction_id` varchar(255) NOT NULL,
  `created_at` datetime NOT NULL,
  `updated_at` timestamp NOT NULL DEFAULT CURRENT_TIMESTAMP
) ENGINE=InnoDB DEFAULT CHARSET=latin1;

-- --------------------------------------------------------

--
-- Table structure for table `stores`
--

CREATE TABLE `stores` (
  `id` int(11) NOT NULL,
  `name` varchar(255) NOT NULL,
  `image` varchar(255) NOT NULL,
  `email` varchar(255) NOT NULL,
  `password` varchar(255) NOT NULL,
  `phone_number` varchar(255) NOT NULL,
  `website` varchar(255) NOT NULL,
  `latitude` varchar(255) DEFAULT NULL,
  `longitude` varchar(255) DEFAULT NULL,
  `address` varchar(255) NOT NULL,
  `city` varchar(255) NOT NULL,
  `zipcode` varchar(255) NOT NULL,
  `category_id` int(11) DEFAULT NULL,
  `is_merchant` tinyint(4) NOT NULL DEFAULT '1',
  `status` int(11) NOT NULL DEFAULT '1' COMMENT '{0:blocked_by_admin.1:enabled}',
  `recovery` varchar(255) DEFAULT NULL,
  `deleted_at` tinyint(4) DEFAULT NULL,
  `created_at` datetime NOT NULL,
  `updated_at` timestamp NOT NULL DEFAULT CURRENT_TIMESTAMP
) ENGINE=InnoDB DEFAULT CHARSET=latin1;

--
-- Dumping data for table `stores`
--

INSERT INTO `stores` (`id`, `name`, `image`, `email`, `password`, `phone_number`, `website`, `latitude`, `longitude`, `address`, `city`, `zipcode`, `category_id`, `is_merchant`, `status`, `recovery`, `deleted_at`, `created_at`, `updated_at`) VALUES
(1, 'gurpreet', 'Tkv18q7R_Desert.jpg', 'manpreet.s@richestsoft.in', 'e10adc3949ba59abbe56e057f20f883e', '8209999472', 'https://www.gift3rapp.com/', NULL, NULL, 'Mohali, Punjab, India', 'mohali', '140301', 0, 1, 1, 'wibnSBj4ScAoBawHYo6lQutmlcn6Tezm', 1, '2019-04-01 10:04:54', '2019-04-19 20:59:32'),
(3, 'Salut Kitchen Bar (Now Available - OPEN)', '4bpV32VN_Salut2.png', 'bill@salutkitchenbar.com', 'e10adc3949ba59abbe56e057f20f883e', '4806253600', 'https://salutkitchenbar.com/', NULL, NULL, '1435 E. University Dr.', 'Tempe', '85281', 0, 1, 1, 'YnxQsjSZ11PWbvoMdnW4FxnmPY4FW9I5', NULL, '2019-04-02 20:41:13', '2019-06-24 18:13:30'),
(4, '(Sunny\'s Dinner Tempe -  Coming Soon)', 'X4zK0Qor_SunnysDinner.jpg', 'aatirkas@gmail.com', '1dc0ec79f1ce0e01a7e8651c9ec739e2', '6028285240', 'https://sunnysdinertempe.com/', NULL, NULL, '826 E University Dr', 'Tempe', '85281', NULL, 1, 1, NULL, NULL, '2019-04-29 15:14:43', '2019-05-03 18:00:07'),
(5, '(Paradise Valley - Coming Soon)', 'M0o04ep5_kovomedi2.png', 'kovomedi@gmail.com', 'e10adc3949ba59abbe56e057f20f883e', '6022375872', 'http://www.kovomedi.com/', NULL, NULL, '10625 N. Tatum Blvd', 'Phoenix', '85028', 0, 1, 1, 'null', NULL, '2019-04-30 19:50:03', '2019-05-31 19:22:48'),
(6, 'Johny\'s Burgers (Coming Soong)', 'glgIKdJE_Johny\'sBurgers.png', 'hohnysbrg@gmail.com', 'c4383080fd80478e5d15cec61ef55d86', '4807553833', 'http://johnnysbgr.com/#anchor-u343', NULL, NULL, '3141 S. McClintock Dr. # 13', 'Tempe', '85282', NULL, 1, 1, NULL, 1, '2019-05-01 16:38:36', '2019-05-01 16:52:50'),
(7, '(Johny\'s Burgers - Coming Soon)', 'QpdT36dx_Johny\'sBurgers.png', 'johnysbrg@gmail.com', '2bb9a7eeaf0558aaf88dcd8472434d73', '4807553833', 'http://johnnysbgr.com/', NULL, NULL, '3141 S. McClintock Dr. # 13', 'Tempe', '85282', NULL, 1, 1, NULL, 1, '2019-05-01 16:54:32', '2019-05-01 17:00:50'),
(8, '(Tempe - Coming Soon)', 'Y9lEXe7g_Johny\'sBurgers.png', 'johnnysbrg@gmail.com', 'e10adc3949ba59abbe56e057f20f883e', '4807553833', 'http://johnnysbgr.com/', NULL, NULL, '3141 S. McClintock Dr. # 13', 'Tempe', '85282', 0, 1, 1, 'null', NULL, '2019-05-01 17:02:38', '2019-05-31 19:24:10'),
(9, '(KovoMedi - Coming Soon)', 'U6K3oSYg_KovoMedi.png', 'kovomedi@gmail.com', '294f17837be31cfd1fe6e7890757878e', '(602) 237-5872', 'http://www.kovomedi.com/contact/', NULL, NULL, '10625 N. Tatum Blvd', 'Phoenix', '85028', NULL, 1, 1, NULL, 1, '2019-05-01 21:29:17', '2019-05-03 09:58:14'),
(10, '(WeFixIt Tempe - Coming Soon)', 'MISh0L8b_Wefixitt.jpg', 'info@wefixitautorepair.com', 'e10adc3949ba59abbe56e057f20f883e', '480.990.7729', 'https://wefixitautorepair.com/', NULL, NULL, '2700 N Scottsdale Rd', 'Tempe', '85281', 0, 1, 1, 'null', NULL, '2019-05-02 19:34:40', '2019-06-06 18:03:01'),
(18, 'rahul', 'fiaZ3er6_Lighthouse.jpg', 'manpreet.s@richestsoft.in', 'fdfe54f83891ec791626cf3cbd7fb260', '8209999472', 'demo.richestsoft.in', NULL, NULL, 'Mohali, Punjab, India', 'mohali', '140301', NULL, 1, 1, NULL, 1, '2019-05-03 11:39:55', '2019-05-03 17:21:58'),
(19, 'Test Again', 'V87gOAc8_download.jpg', 'rahul.s@richestsoft.in', 'ef1a4f25a3122156b60102550bd624c5', '9855853536', 'http://demo.richestsoft.in', NULL, NULL, 'dh', 'Chandigarh', '160001', NULL, 1, 1, NULL, 1, '2019-05-03 11:57:47', '2019-05-03 17:21:51'),
(20, '(Campus Flowers Tempe - Coming Soon)', 'OAxvkmbq_campurflowers.jpeg', 'campusflowers@aol.com', '964de9c0a5ad2a21dfc89f8285e96195', '4809680389', 'https://asucampusflowers.net/', NULL, NULL, '1435 E. University Dr. #110', 'Tempe', '85281', 0, 1, 1, 'ZJRITm54DBNQFOkPChSCwmYOFTb5Tw15', NULL, '2019-05-03 17:29:16', '2019-07-18 20:50:22'),
(21, '(Sunny\'s Tempe - Coming Soon)', 'b7hXCMVr_Sunnys-Clean-Logo-mobile.png', 'alex@sunnysdinertempe.com', 'bd5cac1fa13ba8b58f3cc400aed812e0', '(480) 966-2761', 'http://www.sunnysaz.com/', NULL, NULL, '1825 E University Dr.', 'Tempe', '85281', 0, 1, 1, NULL, NULL, '2019-05-05 00:18:23', '2019-05-31 19:26:16'),
(22, '(Sunny\'s Chandler -  Coming Soon)', 'o6P9veRT_Sunnys-Clean-Logo-mobile.png', 'alexastoria@gmail.com', '6887ce72ce2966afbbf5f6c65bfc6bfe', '(480) 508-4301', 'http://www.sunnysaz.com/', NULL, NULL, '1068 W Chandler Blvd.', 'Chandler', '85224', 0, 1, 1, NULL, NULL, '2019-05-05 00:19:52', '2019-05-31 19:24:40'),
(23, '(Detroit Coney Grill - Tempe Coming Soon)', 'P7mTZqpk_ScreenShot2019-05-07at6.40.18PM.png', 'detroitconeygrill@gmail.com', 'ed681e3dd5f234d400a64ce222c32710', '4802197430', 'https://detroitconeygrill.com/', NULL, NULL, '930 W Broadway Rd', 'Tempe', '85282', NULL, 1, 1, NULL, NULL, '2019-05-08 01:42:38', '2019-05-08 01:46:19'),
(24, '(Sam\'s Scottsdale Coming Soon)', '5Mbb0Jkf_sams-liquor-drive-thru-logo-new2.png', 'samsdriveinliquors@gmail.com', '70e31c90362614f820dbeb46058f2bf9', '480-949-8660', 'http://samsliquorscottsdale.com/', NULL, NULL, '8770 E McDowell Rd.', 'Scottsdale', '85257', 0, 1, 1, NULL, NULL, '2019-05-08 01:54:57', '2019-05-31 19:25:36'),
(25, 'Lipogenex (Scottsdale-Coming Soon)', 'BoTylpDc_lipogenex.jpg', 'lipogenex@gmail.com', '366d3ab8cc4dfcb16817813798d5917d', '(480) 664-2288', 'https://lipogenex.com/', NULL, NULL, '14300 N. Northsight Blvd Suite 214', 'Scttsdale', '85260', NULL, 1, 1, NULL, NULL, '2019-06-29 19:57:41', '2019-06-29 19:57:41');

-- --------------------------------------------------------

--
-- Table structure for table `transactions`
--

CREATE TABLE `transactions` (
  `id` int(11) NOT NULL,
  `mypurchasedcard_id` varchar(255) NOT NULL,
  `sender_id` int(11) DEFAULT NULL COMMENT '{user_id}',
  `receiver_id` int(11) DEFAULT NULL,
  `card_id` int(11) NOT NULL,
  `transaction_balance` double NOT NULL,
  `status` tinyint(4) NOT NULL DEFAULT '0' COMMENT '{0:self,1:gift,2:redeem_balance}',
  `bill_amount_id` int(11) DEFAULT NULL,
  `assist_name` varchar(500) DEFAULT NULL,
  `created_at` timestamp NOT NULL DEFAULT CURRENT_TIMESTAMP,
  `updated_at` datetime DEFAULT NULL
) ENGINE=InnoDB DEFAULT CHARSET=latin1;

--
-- Dumping data for table `transactions`
--

INSERT INTO `transactions` (`id`, `mypurchasedcard_id`, `sender_id`, `receiver_id`, `card_id`, `transaction_balance`, `status`, `bill_amount_id`, `assist_name`, `created_at`, `updated_at`) VALUES
(1, '1', 1, NULL, 1, 5, 0, NULL, NULL, '2019-06-18 15:40:49', '2019-06-18 15:40:49'),
(2, '2', 1, NULL, 9, 10, 0, NULL, NULL, '2019-06-19 16:40:41', '2019-06-19 16:40:41'),
(3, '2', 1, 124, 9, 10, 1, NULL, NULL, '2019-06-19 17:59:39', '2019-06-19 17:59:39'),
(4, '1', 1, 52, 1, 5, 1, NULL, NULL, '2019-06-19 19:54:20', '2019-06-19 19:54:20'),
(5, '1', 52, NULL, 1, -4.32, 2, 1, NULL, '2019-06-19 19:58:48', '2019-06-19 19:58:48'),
(6, '1', 52, 1, 1, 0.68, 1, NULL, NULL, '2019-06-19 20:24:11', '2019-06-19 20:24:11'),
(7, '3', 1, NULL, 10, 15, 0, NULL, NULL, '2019-06-20 18:36:34', '2019-06-20 18:36:34'),
(8, '3', 1, 125, 10, 15, 1, NULL, NULL, '2019-06-20 18:45:23', '2019-06-20 18:45:23'),
(9, '1', 1, 75, 1, 0.68, 1, NULL, NULL, '2019-06-21 01:26:00', '2019-06-21 01:26:00'),
(10, '4', 3, NULL, 1, 0.1, 0, NULL, NULL, '2019-06-21 13:18:17', '2019-06-21 13:18:17'),
(11, '5', 3, NULL, 1, 0.01, 0, NULL, NULL, '2019-06-24 12:18:41', '2019-06-24 12:18:41'),
(12, '6', 3, NULL, 1, 0.01, 0, NULL, NULL, '2019-06-24 12:30:01', '2019-06-24 12:30:01'),
(13, '7', 3, 135, 1, 0.01, 5, NULL, NULL, '2019-06-24 12:36:29', '2019-06-24 12:36:29'),
(14, '8', 3, 119, 1, 0.01, 5, NULL, NULL, '2019-06-24 12:39:47', '2019-06-24 12:39:47'),
(15, '9', 3, NULL, 1, 0.01, 0, NULL, NULL, '2019-06-24 13:02:03', '2019-06-24 13:02:03'),
(16, '10', 1, NULL, 1, 5, 0, NULL, NULL, '2019-06-24 16:02:03', '2019-06-24 16:02:03'),
(17, '11', 1, NULL, 1, 5, 0, NULL, NULL, '2019-06-24 17:11:02', '2019-06-24 17:11:02'),
(18, '12', 93, NULL, 1, 5, 0, NULL, NULL, '2019-06-24 17:25:53', '2019-06-24 17:25:53'),
(19, '13', 3, NULL, 4, 5, 0, NULL, NULL, '2019-06-25 10:49:21', '2019-06-25 10:49:21'),
(20, '14', 3, NULL, 1, 0.01, 0, NULL, NULL, '2019-06-25 10:59:45', '2019-06-25 10:59:45'),
(21, '15', 22, NULL, 1, 0.01, 0, NULL, NULL, '2019-06-25 11:52:13', '2019-06-25 11:52:13'),
(22, '14', 3, NULL, 1, -0.01, 2, 2, 'jasvir', '2019-06-25 11:59:04', '2019-06-25 11:59:04'),
(23, '13', 3, NULL, 4, -5, 2, 3, 'iOS test', '2019-06-25 12:19:49', '2019-06-25 12:19:49'),
(24, '16', 22, NULL, 1, 0.01, 0, NULL, NULL, '2019-06-25 13:50:52', '2019-06-25 13:50:52'),
(25, '11', 1, NULL, 1, -0.5, 2, 4, 'katie', '2019-06-25 14:20:11', '2019-06-25 14:20:11'),
(26, '11', 1, NULL, 1, -0.5, 2, 5, '', '2019-06-25 16:56:28', '2019-06-25 16:56:28'),
(27, '11', 1, 16, 1, 4, 1, NULL, NULL, '2019-06-25 17:01:51', '2019-06-25 17:01:51'),
(28, '11', 16, NULL, 1, -0.5, 2, 5, 'Kate', '2019-06-25 17:02:34', '2019-06-25 17:02:34'),
(29, '11', 16, 1, 1, 3.5, 1, NULL, NULL, '2019-06-25 17:08:25', '2019-06-25 17:08:25'),
(30, '17', 16, NULL, 10, 15, 0, NULL, NULL, '2019-06-25 17:10:02', '2019-06-25 17:10:02'),
(31, '17', 16, 1, 10, 15, 1, NULL, NULL, '2019-06-25 18:30:56', '2019-06-25 18:30:56'),
(32, '17', 1, 133, 10, 15, 1, NULL, NULL, '2019-06-25 18:31:23', '2019-06-25 18:31:23'),
(33, '18', 16, NULL, 10, 15, 0, NULL, NULL, '2019-06-25 18:48:57', '2019-06-25 18:48:57'),
(34, '18', 16, 1, 10, 15, 1, NULL, NULL, '2019-06-25 18:49:09', '2019-06-25 18:49:09'),
(35, '10', 1, 136, 1, 5, 1, NULL, NULL, '2019-06-25 19:01:24', '2019-06-25 19:01:24'),
(36, '18', 1, 131, 10, 15, 1, NULL, NULL, '2019-06-25 19:07:07', '2019-06-25 19:07:07'),
(37, '19', 16, NULL, 10, 15, 0, NULL, NULL, '2019-06-25 19:21:31', '2019-06-25 19:21:31'),
(38, '19', 16, 1, 10, 15, 1, NULL, NULL, '2019-06-25 19:21:42', '2019-06-25 19:21:42'),
(39, '19', 1, 132, 10, 15, 1, NULL, NULL, '2019-06-25 19:29:03', '2019-06-25 19:29:03'),
(40, '20', 16, NULL, 10, 15, 0, NULL, NULL, '2019-06-25 19:37:06', '2019-06-25 19:37:06'),
(41, '20', 16, 1, 10, 15, 1, NULL, NULL, '2019-06-25 19:37:19', '2019-06-25 19:37:19'),
(42, '20', 1, 130, 10, 15, 1, NULL, NULL, '2019-06-25 19:38:43', '2019-06-25 19:38:43'),
(43, '21', 16, NULL, 14, 5, 0, NULL, NULL, '2019-06-25 19:53:03', '2019-06-25 19:53:03'),
(44, '22', 16, NULL, 14, 5, 0, NULL, NULL, '2019-06-25 19:53:50', '2019-06-25 19:53:50'),
(45, '23', 16, NULL, 14, 5, 0, NULL, NULL, '2019-06-25 19:54:34', '2019-06-25 19:54:34'),
(46, '24', 16, NULL, 14, 5, 0, NULL, NULL, '2019-06-25 19:55:17', '2019-06-25 19:55:17'),
(47, '25', 16, NULL, 14, 5, 0, NULL, NULL, '2019-06-25 19:55:47', '2019-06-25 19:55:47'),
(48, '26', 16, NULL, 14, 5, 0, NULL, NULL, '2019-06-25 19:56:20', '2019-06-25 19:56:20'),
(49, '27', 16, NULL, 14, 5, 0, NULL, NULL, '2019-06-25 19:57:03', '2019-06-25 19:57:03'),
(50, '27', 16, 1, 14, 5, 1, NULL, NULL, '2019-06-25 19:57:19', '2019-06-25 19:57:19'),
(51, '26', 16, 1, 14, 5, 1, NULL, NULL, '2019-06-25 19:57:28', '2019-06-25 19:57:28'),
(52, '25', 16, 1, 14, 5, 1, NULL, NULL, '2019-06-25 19:57:36', '2019-06-25 19:57:36'),
(53, '24', 16, 1, 14, 5, 1, NULL, NULL, '2019-06-25 19:57:45', '2019-06-25 19:57:45'),
(54, '23', 16, 1, 14, 5, 1, NULL, NULL, '2019-06-25 19:57:56', '2019-06-25 19:57:56'),
(55, '22', 16, 1, 14, 5, 1, NULL, NULL, '2019-06-25 19:58:05', '2019-06-25 19:58:05'),
(56, '21', 16, 1, 14, 5, 1, NULL, NULL, '2019-06-25 19:58:12', '2019-06-25 19:58:12'),
(57, '28', 16, NULL, 14, 5, 0, NULL, NULL, '2019-06-25 20:05:22', '2019-06-25 20:05:22'),
(58, '29', 16, NULL, 14, 5, 0, NULL, NULL, '2019-06-25 20:05:55', '2019-06-25 20:05:55'),
(59, '30', 16, NULL, 14, 5, 0, NULL, NULL, '2019-06-25 20:06:33', '2019-06-25 20:06:33'),
(60, '30', 16, 1, 14, 5, 1, NULL, NULL, '2019-06-25 20:06:42', '2019-06-25 20:06:42'),
(61, '29', 16, 1, 14, 5, 1, NULL, NULL, '2019-06-25 20:06:49', '2019-06-25 20:06:49'),
(62, '28', 16, 1, 14, 5, 1, NULL, NULL, '2019-06-25 20:06:57', '2019-06-25 20:06:57'),
(63, '28', 1, 137, 14, 5, 1, NULL, NULL, '2019-06-25 20:17:58', '2019-06-25 20:17:58'),
(64, '29', 1, 16, 14, 5, 1, NULL, NULL, '2019-06-25 20:30:03', '2019-06-25 20:30:03'),
(65, '30', 1, 5, 14, 5, 1, NULL, NULL, '2019-06-25 20:48:33', '2019-06-25 20:48:33'),
(66, '31', 3, 22, 1, 0.01, 5, NULL, NULL, '2019-06-26 10:21:19', '2019-06-26 10:21:19'),
(67, '32', 3, 139, 1, 0.01, 5, NULL, NULL, '2019-06-26 10:32:30', '2019-06-26 10:32:30'),
(68, '33', 3, 139, 1, 0.01, 5, NULL, NULL, '2019-06-26 11:16:39', '2019-06-26 11:16:39'),
(69, '34', 22, NULL, 1, 0.01, 0, NULL, NULL, '2019-06-26 11:21:29', '2019-06-26 11:21:29'),
(70, '35', 3, 140, 1, 0.01, 5, NULL, NULL, '2019-06-26 11:43:10', '2019-06-26 11:43:10'),
(71, '36', 3, 140, 1, 0.01, 5, NULL, NULL, '2019-06-26 11:45:24', '2019-06-26 11:45:24'),
(72, '9', 3, NULL, 1, -0.01, 2, 6, 'server', '2019-06-26 12:19:41', '2019-06-26 12:19:41'),
(73, '6', 3, NULL, 1, -0.01, 2, 6, 'server1', '2019-06-26 12:33:37', '2019-06-26 12:33:37'),
(74, '5', 3, NULL, 1, -0.01, 2, 13, 'serverab', '2019-06-26 12:34:48', '2019-06-26 12:34:48'),
(75, '37', 1, NULL, 14, 5, 0, NULL, NULL, '2019-06-26 13:04:16', '2019-06-26 13:04:16'),
(76, '38', 3, NULL, 1, 0.01, 0, NULL, NULL, '2019-06-26 13:07:15', '2019-06-26 13:07:15'),
(77, '39', 3, 140, 1, 0.01, 5, NULL, NULL, '2019-06-26 13:08:40', '2019-06-26 13:08:40'),
(78, '40', 1, NULL, 10, 15, 0, NULL, NULL, '2019-06-26 15:06:36', '2019-06-26 15:06:36'),
(79, '37', 1, 141, 14, 5, 1, NULL, NULL, '2019-06-26 18:27:08', '2019-06-26 18:27:08'),
(80, '4', 3, 22, 1, 0.1, 1, NULL, NULL, '2019-06-27 09:26:04', '2019-06-27 09:26:04'),
(81, '41', 22, NULL, 1, 0.01, 0, NULL, NULL, '2019-06-27 09:36:59', '2019-06-27 09:36:59'),
(82, '38', 3, 22, 1, 0.01, 1, NULL, NULL, '2019-06-27 09:38:07', '2019-06-27 09:38:07'),
(83, '4', 22, 48, 1, 0.1, 1, NULL, NULL, '2019-06-27 11:07:38', '2019-06-27 11:07:38'),
(84, '4', 48, 47, 1, 0.1, 1, NULL, NULL, '2019-06-27 11:14:23', '2019-06-27 11:14:23'),
(85, '38', 22, 48, 1, 0.01, 1, NULL, NULL, '2019-06-27 11:23:25', '2019-06-27 11:23:25'),
(86, '38', 48, 47, 1, 0.01, 1, NULL, NULL, '2019-06-27 11:24:04', '2019-06-27 11:24:04'),
(87, '41', 22, 47, 1, 0.01, 1, NULL, NULL, '2019-06-27 11:28:21', '2019-06-27 11:28:21'),
(88, '34', 22, 142, 1, 0.01, 1, NULL, NULL, '2019-06-27 11:43:49', '2019-06-27 11:43:49'),
(89, '34', 22, 48, 1, 5, 1, NULL, NULL, '2019-06-27 11:47:10', '2019-06-27 11:47:10'),
(90, '34', 142, 143, 1, 0.01, 1, NULL, NULL, '2019-06-27 11:56:37', '2019-06-27 11:56:37'),
(91, '42', 142, 144, 1, 0.01, 5, NULL, NULL, '2019-06-27 12:09:13', '2019-06-27 12:09:13'),
(92, '43', 22, NULL, 1, 0.01, 0, NULL, NULL, '2019-06-27 12:40:53', '2019-06-27 12:40:53'),
(93, '44', 22, 3, 1, 0.01, 5, NULL, NULL, '2019-06-27 12:44:19', '2019-06-27 12:44:19'),
(94, '45', 22, NULL, 1, 0.01, 0, NULL, NULL, '2019-06-27 13:13:09', '2019-06-27 13:13:09'),
(95, '46', 22, 142, 1, 0.01, 5, NULL, NULL, '2019-06-27 13:14:48', '2019-06-27 13:14:48'),
(96, '47', 22, 3, 1, 0.01, 5, NULL, NULL, '2019-06-27 13:17:33', '2019-06-27 13:17:33'),
(97, '3', 125, NULL, 10, -15, 2, 14, '', '2019-06-27 19:18:58', '2019-06-27 19:18:58'),
(98, '48', 22, NULL, 1, 0.01, 0, NULL, NULL, '2019-06-28 14:34:07', '2019-06-28 14:34:07'),
(99, '49', 3, NULL, 1, 0.01, 0, NULL, NULL, '2019-06-28 14:37:24', '2019-06-28 14:37:24'),
(100, '49', 3, 140, 1, 0.01, 1, NULL, NULL, '2019-06-28 14:39:44', '2019-06-28 14:39:44'),
(101, '47', 3, 147, 1, 0.01, 1, NULL, NULL, '2019-06-28 14:42:40', '2019-06-28 14:42:40'),
(102, '50', 31, NULL, 1, 0.01, 0, NULL, NULL, '2019-06-28 14:52:47', '2019-06-28 14:52:47'),
(103, '48', 22, 148, 1, 0.01, 1, NULL, NULL, '2019-06-28 14:58:38', '2019-06-28 14:58:38'),
(104, '45', 22, 148, 1, 0.01, 1, NULL, NULL, '2019-06-28 15:16:44', '2019-06-28 15:16:44'),
(105, '45', 22, 149, 1, 0.01, 1, NULL, NULL, '2019-06-28 15:17:47', '2019-06-28 15:17:47'),
(106, '51', 3, NULL, 1, 0.01, 0, NULL, NULL, '2019-06-28 15:26:11', '2019-06-28 15:26:11'),
(107, '52', 22, NULL, 1, 0.01, 0, NULL, NULL, '2019-06-28 15:26:33', '2019-06-28 15:26:33'),
(108, '52', 22, 150, 1, 0.01, 1, NULL, NULL, '2019-06-28 15:27:34', '2019-06-28 15:27:34'),
(109, '53', 22, 151, 1, 0.01, 5, NULL, NULL, '2019-06-28 15:33:20', '2019-06-28 15:33:20'),
(110, '54', 3, 152, 1, 0.01, 5, NULL, NULL, '2019-06-28 15:34:36', '2019-06-28 15:34:36'),
(111, '55', 31, NULL, 1, 0.01, 0, NULL, NULL, '2019-06-28 15:38:03', '2019-06-28 15:38:03'),
(112, '56', 1, NULL, 14, 5, 0, NULL, NULL, '2019-06-28 15:39:01', '2019-06-28 15:39:01'),
(113, '57', 1, NULL, 14, 5, 0, NULL, NULL, '2019-06-28 17:46:38', '2019-06-28 17:46:38'),
(114, '57', 1, 16, 14, 5, 1, NULL, NULL, '2019-06-28 18:17:43', '2019-06-28 18:17:43'),
(115, '58', 68, 1, 14, 5, 5, NULL, NULL, '2019-06-28 18:19:55', '2019-06-28 18:19:55'),
(116, '58', 1, 141, 14, 5, 1, NULL, NULL, '2019-06-28 18:20:29', '2019-06-28 18:20:29'),
(117, '58', 1, 141, 14, 5, 1, NULL, NULL, '2019-06-28 18:21:35', '2019-06-28 18:21:35'),
(118, '57', 16, 1, 14, 5, 1, NULL, NULL, '2019-06-28 18:33:56', '2019-06-28 18:33:56'),
(119, '57', 1, 16, 14, 5, 1, NULL, NULL, '2019-06-28 18:34:37', '2019-06-28 18:34:37'),
(120, '57', 16, 1, 14, 5, 1, NULL, NULL, '2019-06-28 18:36:35', '2019-06-28 18:36:35'),
(121, '58', 141, 1, 14, 10, 1, NULL, NULL, '2019-06-28 18:40:16', '2019-06-28 18:40:16'),
(122, '58', 141, 1, 14, 5, 1, NULL, NULL, '2019-06-28 18:40:28', '2019-06-28 18:40:28'),
(123, '40', 1, 138, 10, 15, 1, NULL, NULL, '2019-06-28 18:45:01', '2019-06-28 18:45:01'),
(124, '58', 1, 51, 14, 10, 1, NULL, NULL, '2019-06-28 19:39:58', '2019-06-28 19:39:58'),
(125, '58', 51, 153, 14, 10, 1, NULL, NULL, '2019-06-28 19:41:18', '2019-06-28 19:41:18'),
(126, '57', 1, 51, 14, 5, 1, NULL, NULL, '2019-06-28 19:43:54', '2019-06-28 19:43:54'),
(127, '57', 1, 51, 14, 5, 1, NULL, NULL, '2019-06-28 19:53:28', '2019-06-28 19:53:28'),
(128, '59', 1, NULL, 10, 15, 0, NULL, NULL, '2019-06-28 20:07:57', '2019-06-28 20:07:57'),
(129, '59', 1, 154, 10, 15, 1, NULL, NULL, '2019-06-28 21:31:11', '2019-06-28 21:31:11'),
(130, '21', 1, 50, 14, 5, 1, NULL, NULL, '2019-06-28 22:13:49', '2019-06-28 22:13:49'),
(131, '11', 1, 75, 1, 3.5, 1, NULL, NULL, '2019-06-28 22:48:29', '2019-06-28 22:48:29'),
(132, '56', 1, 155, 14, 5, 1, NULL, NULL, '2019-06-28 23:32:11', '2019-06-28 23:32:11'),
(133, '22', 1, 156, 14, 5, 1, NULL, NULL, '2019-06-29 00:09:14', '2019-06-29 00:09:14'),
(134, '60', 22, NULL, 1, 0.01, 0, NULL, NULL, '2019-06-29 04:24:33', '2019-06-29 04:24:33'),
(135, '60', 22, 157, 1, 0.01, 1, NULL, NULL, '2019-06-29 04:44:30', '2019-06-29 04:44:30'),
(136, '61', 1, NULL, 10, 15, 0, NULL, NULL, '2019-06-29 17:48:21', '2019-06-29 17:48:21'),
(137, '24', 1, 159, 14, 5, 1, NULL, NULL, '2019-06-29 18:27:45', '2019-06-29 18:27:45'),
(138, '61', 1, 158, 10, 15, 1, NULL, NULL, '2019-06-29 18:31:44', '2019-06-29 18:31:44'),
(139, '23', 1, 28, 14, 5, 1, NULL, NULL, '2019-06-29 19:24:47', '2019-06-29 19:24:47'),
(140, '25', 1, 6, 14, 5, 1, NULL, NULL, '2019-06-29 22:05:47', '2019-06-29 22:05:47'),
(141, '26', 1, 160, 14, 5, 1, NULL, NULL, '2019-06-30 00:08:42', '2019-06-30 00:08:42'),
(142, '27', 1, 89, 14, 5, 1, NULL, NULL, '2019-06-30 00:20:10', '2019-06-30 00:20:10'),
(143, '62', 1, NULL, 14, 5, 0, NULL, NULL, '2019-06-30 03:43:10', '2019-06-30 03:43:10'),
(144, '63', 1, NULL, 11, 25, 0, NULL, NULL, '2019-06-30 06:16:02', '2019-06-30 06:16:02'),
(145, '64', 1, NULL, 14, 5, 0, NULL, NULL, '2019-06-30 06:17:04', '2019-06-30 06:17:04'),
(146, '63', 1, 162, 11, 25, 1, NULL, NULL, '2019-06-30 06:17:47', '2019-06-30 06:17:47'),
(147, '64', 1, 162, 14, 5, 1, NULL, NULL, '2019-06-30 06:18:27', '2019-06-30 06:18:27'),
(148, '65', 1, NULL, 9, 10, 0, NULL, NULL, '2019-06-30 17:58:23', '2019-06-30 17:58:23'),
(149, '65', 1, 134, 9, 10, 1, NULL, NULL, '2019-06-30 17:59:14', '2019-06-30 17:59:14'),
(150, '62', 1, 134, 14, 5, 1, NULL, NULL, '2019-06-30 18:00:05', '2019-06-30 18:00:05'),
(151, '66', 56, 28, 14, 5, 5, NULL, NULL, '2019-06-30 19:39:17', '2019-06-30 19:39:17'),
(152, '67', 1, NULL, 14, 5, 0, NULL, NULL, '2019-06-30 21:33:14', '2019-06-30 21:33:14'),
(153, '67', 1, 163, 14, 5, 1, NULL, NULL, '2019-06-30 21:33:31', '2019-06-30 21:33:31'),
(154, '68', 1, NULL, 9, 10, 0, NULL, NULL, '2019-07-01 02:00:15', '2019-07-01 02:00:15'),
(155, '69', 1, NULL, 14, 5, 0, NULL, NULL, '2019-07-01 02:00:49', '2019-07-01 02:00:49'),
(156, '68', 1, 164, 9, 10, 1, NULL, NULL, '2019-07-01 02:01:51', '2019-07-01 02:01:51'),
(157, '69', 1, 164, 14, 5, 1, NULL, NULL, '2019-07-01 02:03:34', '2019-07-01 02:03:34'),
(158, '70', 1, NULL, 10, 15, 0, NULL, NULL, '2019-07-01 16:44:05', '2019-07-01 16:44:05'),
(159, '57', 51, NULL, 14, -5, 2, 15, 'katie', '2019-07-01 20:15:47', '2019-07-01 20:15:47'),
(160, '70', 1, 165, 10, 15, 1, NULL, NULL, '2019-07-01 20:45:54', '2019-07-01 20:45:54'),
(161, '71', 1, NULL, 1, 5, 0, NULL, NULL, '2019-07-02 00:28:38', '2019-07-02 00:28:38'),
(162, '71', 1, 145, 1, 5, 1, NULL, NULL, '2019-07-02 00:29:03', '2019-07-02 00:29:03'),
(163, '72', 1, NULL, 1, 5, 0, NULL, NULL, '2019-07-02 03:17:50', '2019-07-02 03:17:50'),
(164, '72', 1, 70, 1, 5, 1, NULL, NULL, '2019-07-02 03:39:21', '2019-07-02 03:39:21'),
(165, '72', 70, 166, 1, 5, 1, NULL, NULL, '2019-07-02 03:51:27', '2019-07-02 03:51:27'),
(166, '73', 1, NULL, 9, 10, 0, NULL, NULL, '2019-07-02 17:57:14', '2019-07-02 17:57:14'),
(167, '73', 1, 30, 9, 10, 1, NULL, NULL, '2019-07-02 17:57:33', '2019-07-02 17:57:33'),
(168, '73', 30, 167, 9, 10, 1, NULL, NULL, '2019-07-02 18:01:18', '2019-07-02 18:01:18'),
(169, '63', 162, NULL, 11, -25, 2, 16, 'Katie', '2019-07-02 21:17:09', '2019-07-02 21:17:09'),
(170, '57', 51, NULL, 14, -5, 2, 17, 'katie', '2019-07-02 21:23:42', '2019-07-02 21:23:42'),
(171, '74', 1, NULL, 9, 10, 0, NULL, NULL, '2019-07-03 13:12:52', '2019-07-03 13:12:52'),
(172, '75', 1, NULL, 1, 5, 0, NULL, NULL, '2019-07-03 13:31:32', '2019-07-03 13:31:32'),
(173, '75', 1, 169, 1, 5, 1, NULL, NULL, '2019-07-03 13:32:42', '2019-07-03 13:32:42'),
(174, '74', 1, 168, 9, 10, 1, NULL, NULL, '2019-07-03 14:44:44', '2019-07-03 14:44:44'),
(175, '76', 1, NULL, 10, 15, 0, NULL, NULL, '2019-07-03 15:23:50', '2019-07-03 15:23:50'),
(176, '77', 1, NULL, 1, 5, 0, NULL, NULL, '2019-07-03 15:24:53', '2019-07-03 15:24:53'),
(177, '76', 1, 170, 10, 15, 1, NULL, NULL, '2019-07-03 15:25:24', '2019-07-03 15:25:24'),
(178, '77', 1, 171, 1, 5, 1, NULL, NULL, '2019-07-03 16:06:23', '2019-07-03 16:06:23'),
(179, '75', 169, 1, 1, 5, 1, NULL, NULL, '2019-07-03 16:15:27', '2019-07-03 16:15:27'),
(180, '19', 132, NULL, 10, -15, 2, 18, 'Katie', '2019-07-03 22:15:27', '2019-07-03 22:15:27'),
(181, '40', 138, NULL, 10, -15, 2, 19, 'Dylan', '2019-07-04 03:07:20', '2019-07-04 03:07:20'),
(182, '78', 1, NULL, 10, 15, 0, NULL, NULL, '2019-07-05 18:44:14', '2019-07-05 18:44:14'),
(183, '78', 1, 86, 10, 15, 1, NULL, NULL, '2019-07-05 18:44:48', '2019-07-05 18:44:48'),
(184, '61', 158, 172, 10, 15, 1, NULL, NULL, '2019-07-06 02:24:43', '2019-07-06 02:24:43'),
(185, '79', 3, 173, 1, 0.1, 5, NULL, NULL, '2019-07-06 09:51:49', '2019-07-06 09:51:49'),
(186, '80', 3, 173, 1, 0.1, 5, NULL, NULL, '2019-07-06 09:52:54', '2019-07-06 09:52:54'),
(187, '75', 1, 110, 1, 5, 1, NULL, NULL, '2019-07-06 22:20:33', '2019-07-06 22:20:33'),
(188, '75', 110, 174, 1, 5, 1, NULL, NULL, '2019-07-06 22:23:13', '2019-07-06 22:23:13'),
(189, '81', 1, NULL, 10, 15, 0, NULL, NULL, '2019-07-08 13:03:52', '2019-07-08 13:03:52'),
(190, '81', 1, 128, 10, 15, 1, NULL, NULL, '2019-07-08 13:42:49', '2019-07-08 13:42:49'),
(191, '82', 1, 176, 10, 15, 5, NULL, NULL, '2019-07-08 18:34:39', '2019-07-08 18:34:39'),
(192, '83', 1, NULL, 11, 25, 0, NULL, NULL, '2019-07-08 23:28:22', '2019-07-08 23:28:22'),
(193, '83', 1, 112, 11, 25, 1, NULL, NULL, '2019-07-08 23:30:14', '2019-07-08 23:30:14'),
(194, '84', 1, NULL, 9, 10, 0, NULL, NULL, '2019-07-09 00:02:33', '2019-07-09 00:02:33'),
(195, '84', 1, 172, 9, 10, 1, NULL, NULL, '2019-07-09 00:02:51', '2019-07-09 00:02:51'),
(196, '85', 1, NULL, 1, 5, 0, NULL, NULL, '2019-07-09 15:58:51', '2019-07-09 15:58:51'),
(197, '86', 1, NULL, 9, 10, 0, NULL, NULL, '2019-07-09 16:53:22', '2019-07-09 16:53:22'),
(198, '86', 1, 182, 9, 10, 1, NULL, NULL, '2019-07-09 16:55:05', '2019-07-09 16:55:05'),
(199, '85', 1, 182, 1, 5, 1, NULL, NULL, '2019-07-09 17:01:08', '2019-07-09 17:01:08'),
(200, '85', 1, 182, 1, 5, 1, NULL, NULL, '2019-07-09 17:02:24', '2019-07-09 17:02:24'),
(201, '85', 182, 1, 1, 10, 1, NULL, NULL, '2019-07-09 17:03:58', '2019-07-09 17:03:58'),
(202, '85', 1, 182, 1, 5, 1, NULL, NULL, '2019-07-09 17:05:10', '2019-07-09 17:05:10'),
(203, '86', 182, 1, 9, 10, 1, NULL, NULL, '2019-07-09 17:06:35', '2019-07-09 17:06:35'),
(204, '86', 1, 182, 9, 10, 1, NULL, NULL, '2019-07-09 17:07:10', '2019-07-09 17:07:10'),
(205, '87', 1, NULL, 1, 5, 0, NULL, NULL, '2019-07-09 17:51:13', '2019-07-09 17:51:13'),
(206, '87', 1, 52, 1, 5, 1, NULL, NULL, '2019-07-09 19:15:52', '2019-07-09 19:15:52'),
(207, '87', 52, 1, 1, 5, 1, NULL, NULL, '2019-07-09 19:20:15', '2019-07-09 19:20:15'),
(208, '87', 1, 16, 1, 5, 1, NULL, NULL, '2019-07-09 20:18:17', '2019-07-09 20:18:17'),
(209, '87', 16, 1, 1, 5, 1, NULL, NULL, '2019-07-09 20:19:03', '2019-07-09 20:19:03'),
(210, '88', 1, NULL, 9, 10, 0, NULL, NULL, '2019-07-09 20:33:39', '2019-07-09 20:33:39'),
(211, '89', 1, NULL, 9, 10, 0, NULL, NULL, '2019-07-09 20:34:15', '2019-07-09 20:34:15'),
(212, '88', 1, 126, 9, 10, 1, NULL, NULL, '2019-07-09 20:35:44', '2019-07-09 20:35:44'),
(213, '89', 1, 127, 9, 10, 1, NULL, NULL, '2019-07-09 20:36:40', '2019-07-09 20:36:40'),
(214, '85', 182, 184, 1, 5, 1, NULL, NULL, '2019-07-09 23:22:06', '2019-07-09 23:22:06'),
(215, '90', 1, NULL, 9, 10, 0, NULL, NULL, '2019-07-10 00:04:15', '2019-07-10 00:04:15'),
(216, '91', 1, NULL, 11, 25, 0, NULL, NULL, '2019-07-10 00:05:20', '2019-07-10 00:05:20'),
(217, '91', 1, 146, 11, 25, 1, NULL, NULL, '2019-07-10 00:06:36', '2019-07-10 00:06:36'),
(218, '90', 1, 85, 9, 10, 1, NULL, NULL, '2019-07-10 01:12:35', '2019-07-10 01:12:35'),
(219, '87', 1, 85, 1, 5, 1, NULL, NULL, '2019-07-10 01:12:45', '2019-07-10 01:12:45'),
(220, '92', 1, NULL, 10, 15, 0, NULL, NULL, '2019-07-10 01:13:51', '2019-07-10 01:13:51'),
(221, '92', 1, 85, 10, 15, 1, NULL, NULL, '2019-07-10 01:14:00', '2019-07-10 01:14:00'),
(222, '66', 28, NULL, 14, -5, 2, 20, 'Lindsey', '2019-07-10 02:53:28', '2019-07-10 02:53:28'),
(223, '23', 28, NULL, 14, -5, 2, 21, 'Lindsey', '2019-07-10 02:54:13', '2019-07-10 02:54:13'),
(224, '93', 1, NULL, 10, 15, 0, NULL, NULL, '2019-07-10 22:44:26', '2019-07-10 22:44:26'),
(225, '94', 1, NULL, 9, 10, 0, NULL, NULL, '2019-07-10 22:45:10', '2019-07-10 22:45:10'),
(226, '93', 1, 186, 10, 15, 1, NULL, NULL, '2019-07-10 23:12:45', '2019-07-10 23:12:45'),
(227, '94', 1, 187, 9, 10, 1, NULL, NULL, '2019-07-10 23:13:08', '2019-07-10 23:13:08'),
(228, '95', 1, NULL, 9, 10, 0, NULL, NULL, '2019-07-11 04:34:40', '2019-07-11 04:34:40'),
(229, '96', 1, NULL, 10, 15, 0, NULL, NULL, '2019-07-11 04:35:22', '2019-07-11 04:35:22'),
(230, '96', 1, 189, 10, 15, 1, NULL, NULL, '2019-07-11 04:36:14', '2019-07-11 04:36:14'),
(231, '95', 1, 188, 9, 10, 1, NULL, NULL, '2019-07-11 04:36:31', '2019-07-11 04:36:31'),
(232, '97', 22, NULL, 1, 0.01, 0, NULL, NULL, '2019-07-11 13:44:51', '2019-07-11 13:44:51'),
(233, '98', 1, NULL, 9, 10, 0, NULL, NULL, '2019-07-11 16:26:33', '2019-07-11 16:26:33'),
(234, '99', 1, NULL, 9, 10, 0, NULL, NULL, '2019-07-11 16:26:58', '2019-07-11 16:26:58'),
(235, '100', 1, NULL, 9, 10, 0, NULL, NULL, '2019-07-11 16:27:34', '2019-07-11 16:27:34'),
(236, '100', 1, 190, 9, 10, 1, NULL, NULL, '2019-07-11 17:58:06', '2019-07-11 17:58:06'),
(237, '100', 1, 191, 9, 10, 1, NULL, NULL, '2019-07-11 17:58:27', '2019-07-11 17:58:27'),
(238, '99', 1, 192, 9, 10, 1, NULL, NULL, '2019-07-11 20:06:29', '2019-07-11 20:06:29'),
(239, '98', 1, 193, 9, 10, 1, NULL, NULL, '2019-07-11 20:07:08', '2019-07-11 20:07:08'),
(240, '98', 193, 192, 9, 10, 1, NULL, NULL, '2019-07-11 20:09:47', '2019-07-11 20:09:47'),
(241, '83', 112, NULL, 11, -25, 2, 22, '', '2019-07-11 20:40:28', '2019-07-11 20:40:28'),
(242, '98', 192, NULL, 9, -10, 2, 23, 'katie', '2019-07-11 21:22:31', '2019-07-11 21:22:31'),
(243, '99', 192, NULL, 9, -10, 2, 24, 'katie', '2019-07-11 21:22:57', '2019-07-11 21:22:57'),
(244, '101', 1, NULL, 9, 10, 0, NULL, NULL, '2019-07-12 18:51:50', '2019-07-12 18:51:50'),
(245, '102', 1, NULL, 9, 10, 0, NULL, NULL, '2019-07-12 18:52:20', '2019-07-12 18:52:20'),
(246, '103', 1, 194, 10, 15, 5, NULL, NULL, '2019-07-12 19:00:18', '2019-07-12 19:00:18'),
(247, '102', 1, 196, 9, 10, 1, NULL, NULL, '2019-07-13 23:56:26', '2019-07-13 23:56:26'),
(248, '62', 134, NULL, 14, -5, 2, 25, '', '2019-07-15 03:09:37', '2019-07-15 03:09:37'),
(249, '65', 134, NULL, 9, -10, 2, 26, '', '2019-07-15 03:11:57', '2019-07-15 03:11:57'),
(250, '104', 1, NULL, 9, 10, 0, NULL, NULL, '2019-07-17 00:19:12', '2019-07-17 00:19:12'),
(251, '104', 1, 198, 9, 10, 1, NULL, NULL, '2019-07-17 16:27:40', '2019-07-17 16:27:40'),
(252, '101', 1, 199, 9, 10, 1, NULL, NULL, '2019-07-18 16:53:29', '2019-07-18 16:53:29'),
(253, '105', 28, 30, 9, 10, 5, NULL, NULL, '2019-07-18 17:28:11', '2019-07-18 17:28:11'),
(254, '104', 198, NULL, 9, -10, 2, 27, 'Katie', '2019-07-18 19:25:40', '2019-07-18 19:25:40'),
(255, '101', 199, NULL, 9, -10, 2, 28, 'katie', '2019-07-18 19:26:16', '2019-07-18 19:26:16'),
(256, '106', 1, NULL, 10, 15, 0, NULL, NULL, '2019-07-18 20:37:54', '2019-07-18 20:37:54'),
(257, '106', 1, 159, 10, 15, 1, NULL, NULL, '2019-07-18 20:38:13', '2019-07-18 20:38:13'),
(258, '10', 136, NULL, 1, -5, 2, 29, 'brandon', '2019-07-19 04:16:29', '2019-07-19 04:16:29');

-- --------------------------------------------------------

--
-- Table structure for table `users`
--

CREATE TABLE `users` (
  `id` int(11) NOT NULL,
  `name` varchar(255) NOT NULL,
  `email` varchar(255) NOT NULL,
  `password` varchar(255) NOT NULL,
  `country_code` varchar(20) NOT NULL,
  `phone` varchar(255) NOT NULL,
  `status` int(11) NOT NULL DEFAULT '1' COMMENT '{0:blocked_by_admin,1:enabled}',
  `deleted_at` tinyint(4) DEFAULT NULL,
  `recovery` varchar(255) DEFAULT NULL,
  `created_at` datetime NOT NULL,
  `updated_at` timestamp NOT NULL DEFAULT CURRENT_TIMESTAMP
) ENGINE=InnoDB DEFAULT CHARSET=latin1;

--
-- Dumping data for table `users`
--

INSERT INTO `users` (`id`, `name`, `email`, `password`, `country_code`, `phone`, `status`, `deleted_at`, `recovery`, `created_at`, `updated_at`) VALUES
(1, 'Anastasios Tirkas', 'atirkas@gmail.com', 'c33367701511b4f6020ec61ded352059', '', '6028208941', 1, NULL, 'null', '2019-03-30 16:52:36', '2019-04-19 16:22:52'),
(2, 'panikos', 'panikosaz@hotmail.com', '4efcfb46458762c04f49ded1f880eeb9', '', '5796338092', 1, NULL, NULL, '2019-03-30 17:26:06', '2019-03-30 17:26:06'),
(3, 'devendra Rana', 'sapna@richestsoft.in', '25f9e794323b453885f5181f1b624d0b', '', '8209999472', 1, NULL, 'null', '2019-04-01 10:38:26', '2019-05-02 10:28:33'),
(5, 'Larry Anderson', 'sonnyboii76@gmail.com', 'e10adc3949ba59abbe56e057f20f883e', '', '6235331166', 1, NULL, 'null', '2019-04-01 20:57:43', '2019-04-18 18:19:14'),
(6, 'dylan holycross', 'hylandolycross@gmail.com', 'e10adc3949ba59abbe56e057f20f883e', '', '4807178528', 1, NULL, NULL, '2019-04-01 21:15:20', '2019-04-01 21:15:20'),
(16, 'kate brown', 'ktmiller480@gmail.com', 'e10adc3949ba59abbe56e057f20f883e', '', '4803182751', 1, NULL, NULL, '2019-04-03 17:24:09', '2019-04-03 17:24:09'),
(22, 'manpreet', 'manpreet.s@richestsoft.in', 'e807f1fcf82d132f9bb018ca6738a19f', '', '7009584551', 1, NULL, 'i2cQMVDjpMHVnxRv8dyNm7jefV8zLk1S', '2019-04-04 12:52:32', '2019-04-17 12:13:30'),
(23, 'Jeannine Voss', 'j9marie@hotmail.com', '1e6575970cd424e9dacac9a76c0f99b9', '', '3076317672', 1, NULL, NULL, '2019-04-04 15:59:04', '2019-04-04 15:59:04'),
(24, 'anthoula anastasiou', 'anthitirkas@gmail.com', 'c33367701511b4f6020ec61ded352059', '', '6028285240', 1, NULL, 'yB3eXzcvrpcnopCKc0KSniM3MD5Ldbah', '2019-04-04 22:26:19', '2019-04-09 12:40:44'),
(25, '', '', '', '', '4803182751', 1, NULL, NULL, '2019-04-05 19:19:07', '2019-04-05 19:19:07'),
(27, '', '', '', '', '4064903067', 1, NULL, NULL, '2019-04-06 00:18:47', '2019-04-06 00:18:47'),
(28, 'Pete Tirkas', 'ptirkas@gmail.com', '9c7bef73e4e2e16484255da15b2a980f', '', '9167121997', 1, NULL, NULL, '2019-04-06 05:07:07', '2019-04-06 05:07:07'),
(30, 'Elizabeth Tirkas', 'izzyann86@hotmail.com', 'e10adc3949ba59abbe56e057f20f883e', '', '3076306462', 1, NULL, NULL, '2019-04-06 15:36:10', '2019-04-06 15:36:10'),
(31, 'Andreas Anastasiou', 'aatirkas@gmail.com', 'e10adc3949ba59abbe56e057f20f883e', '', '6029186924', 1, NULL, NULL, '2019-04-06 19:18:41', '2019-04-06 19:18:41'),
(49, '', '', '', '', '4805246089', 1, NULL, NULL, '2019-04-09 12:33:48', '2019-04-09 12:33:48'),
(50, 'John Tully', 'tullythebully31@yahoo.com', 'c204c4d444be37cdd6067c5ebfd97500', '', '4807733194', 1, NULL, 'null', '2019-04-09 20:57:59', '2019-06-28 22:08:33'),
(51, 'Tina Saglimbeni', 'campusflowers@aol.com', 'e10adc3949ba59abbe56e057f20f883e', '', '4802273219', 1, NULL, NULL, '2019-04-09 21:10:47', '2019-04-09 21:10:47'),
(52, 'William Rovnek', 'groves73@hotmail.com', 'e10adc3949ba59abbe56e057f20f883e', '', '8172238707', 1, NULL, 'null', '2019-04-09 21:40:09', '2019-04-23 20:17:58'),
(53, 'Linda Panopoulos', 'lpanop@hotmail.com', '1e6575970cd424e9dacac9a76c0f99b9', '', '3076317673', 1, NULL, NULL, '2019-04-09 21:45:07', '2019-04-09 21:45:07'),
(56, 'Mateja Tirkas', 'mtirkas@hotmail.com', 'dac2735360f5883605a74713762ac04c', '', '4064980269', 1, NULL, NULL, '2019-04-10 01:41:45', '2019-04-10 01:41:45'),
(57, '', '', '', '', '19167121997', 1, NULL, NULL, '2019-04-10 01:55:26', '2019-04-10 01:55:26'),
(58, 'Adam French', 'afrench53198@gmail.com', '0751729bc0b8859c6715afda78e4d75a', '', '8016189718', 1, NULL, NULL, '2019-04-10 03:22:24', '2019-04-10 03:22:24'),
(59, '', '', '', '', '18016189718', 1, NULL, NULL, '2019-04-10 03:36:09', '2019-04-10 03:36:09'),
(60, '', '', '', '', '4803833940', 1, NULL, NULL, '2019-04-10 03:52:07', '2019-04-10 03:52:07'),
(61, '', '', '', '', '18172238707', 1, NULL, NULL, '2019-04-10 17:52:45', '2019-04-10 17:52:45'),
(62, '', '', '', '', '16235331166', 1, NULL, NULL, '2019-04-10 18:15:01', '2019-04-10 18:15:01'),
(63, 'Sanju', 'kasiveter@gmail.com', 'e807f1fcf82d132f9bb018ca6738a19f', '', '9041786008', 1, NULL, NULL, '2019-04-11 14:11:05', '2019-04-12 11:09:40'),
(64, '', '', '', '', '8427741155', 1, NULL, NULL, '2019-04-11 14:12:03', '2019-04-11 14:12:03'),
(65, '', '', '', '', '9646874312', 1, NULL, NULL, '2019-04-11 14:18:07', '2019-04-11 14:18:07'),
(66, '', '', '', '', '8077818498', 1, NULL, NULL, '2019-04-11 14:23:39', '2019-04-11 14:23:39'),
(67, '', '', '', '', '8505062367', 1, NULL, NULL, '2019-04-11 14:24:03', '2019-04-11 14:24:03'),
(68, 'Trayton Hutchison', 'trockehutch@gmail.com', 'ebb580942ed300524da33ac9e0c0b11f', '', '4806947410', 1, NULL, 'null', '2019-04-11 18:19:49', '2019-06-26 18:26:38'),
(69, 'carol Farabee', 'carol@farabeepublishing.com', '647316da5f838b45a23cfc876509dea0', '', '6026169866', 1, NULL, NULL, '2019-04-11 21:02:51', '2019-04-11 21:02:51'),
(70, 'George', 'georgecham12345@gmail.com', 'a276741888cedc942332c9bf5ffcc377', '', '4803887504', 1, NULL, 'null', '2019-04-12 02:55:22', '2019-07-02 03:42:22'),
(71, '', '', '', '', '6023210322', 1, NULL, NULL, '2019-04-12 18:52:00', '2019-04-12 18:52:00'),
(72, 'Andreas Stylianou', 'astylianou1@gmail.com', '58346170eb34e7e6c0cb46af4102cadb', '', '14803439923', 1, NULL, NULL, '2019-04-12 21:23:03', '2019-04-12 21:23:03'),
(73, 'dwan thompson', 'dwan.thompson@gmail.com', '2ecf6e984ff5cd8614e10440b916f2c0', '', '4804303120', 1, NULL, NULL, '2019-04-12 23:07:13', '2019-04-12 23:07:13'),
(74, '', '', '', '', '5154447898', 1, NULL, NULL, '2019-04-12 23:36:46', '2019-04-12 23:36:46'),
(75, 'Emmanouil Karampahtsis', 'manolisnmd@gmail.com', '5ac473a513f5ab85e56d4f4efeb85379', '', '4806504922', 1, NULL, NULL, '2019-04-14 04:03:05', '2019-04-14 04:03:05'),
(76, 'Gerardo Torres', 'blindtimon@yahoo.com', 'e10adc3949ba59abbe56e057f20f883e', '', '6022451772', 1, NULL, NULL, '2019-04-14 20:34:06', '2019-04-22 02:18:05'),
(77, '', '', '', '', '4802082857', 1, NULL, NULL, '2019-04-14 22:48:08', '2019-04-14 22:48:08'),
(78, 'panos linos', 'plinos@gmail.com', 'e10adc3949ba59abbe56e057f20f883e', '', '3174461270', 1, NULL, NULL, '2019-04-15 19:50:22', '2019-04-15 19:50:22'),
(79, 'poonam', 'poonamrolla2@gmail.com', 'c20ad4d76fe97759aa27a0c99bff6710', '', '7837973703', 1, NULL, 'null', '2019-04-17 12:23:32', '2019-04-20 09:04:45'),
(80, '', '', '', '', '9478321010', 1, NULL, NULL, '2019-04-17 12:39:21', '2019-04-17 12:39:21'),
(81, '', '', '', '', '6478236159', 1, NULL, NULL, '2019-04-18 04:14:28', '2019-04-18 04:14:28'),
(82, '', '', '', '', '5828655285', 1, NULL, NULL, '2019-04-18 06:30:44', '2019-04-18 06:30:44'),
(83, '', '', '', '', '2536528658', 1, NULL, NULL, '2019-04-18 06:32:55', '2019-04-18 06:32:55'),
(84, '', '', '', '', '4802461376', 1, NULL, NULL, '2019-04-18 18:16:21', '2019-04-18 18:16:21'),
(85, 'Erik Thunberg', 'ethunberg1+gift3r1@gmail.com', '1aa75d542dfbce7754464ade4ea197f9', '', '14807816140', 1, NULL, 'null', '2019-04-19 14:51:56', '2019-07-11 15:26:38'),
(86, 'Pablo Guimera Coll', 'pablogcoll@gmail.com', 'd00f5dde8bb2970821700ad782fb76f4', '', '7854777171', 1, NULL, NULL, '2019-04-19 22:12:53', '2019-07-05 20:58:06'),
(87, '', '', '', '', '4805796790', 1, NULL, NULL, '2019-04-21 21:54:35', '2019-04-21 21:54:35'),
(88, 'Chito Collins', 'rchito@icloud.com', '6c0f7e647bac726f5b79e69d960dc6f4', '', '4089667010', 1, NULL, NULL, '2019-04-22 17:22:40', '2019-04-22 17:31:34'),
(89, 'caelan raineh', 'crainey00@outlook.com', '3576c26e6dba4483ab851ec119445809', '', '4803385424', 1, NULL, 'null', '2019-04-22 19:12:32', '2019-06-30 00:19:32'),
(90, '', '', '', '', '*86', 1, NULL, NULL, '2019-04-22 19:23:41', '2019-04-22 19:23:41'),
(91, '', '', '', '', '9417019736', 1, NULL, NULL, '2019-04-23 09:49:43', '2019-04-23 09:49:43'),
(92, '', '', '', '', '4807713332', 1, NULL, NULL, '2019-04-23 22:57:07', '2019-04-23 22:57:07'),
(93, 'Oos Arikat', 'oosarikat@yahoo.com', 'e10adc3949ba59abbe56e057f20f883e', '', '4806289328', 1, NULL, NULL, '2019-04-24 23:04:35', '2019-05-22 17:47:28'),
(94, 'Willl Brazil', 'theprofessorgq@gmail.com', 'e10adc3949ba59abbe56e057f20f883e', '', '6024764017', 1, NULL, NULL, '2019-04-27 19:24:55', '2019-05-11 19:03:54'),
(98, 'Rahul', 'prinja.rahul2405@gmail.com', 'e99a18c428cb38d5f260853678922e03', '', '9855853536', 1, NULL, 'null', '2019-05-01 07:33:11', '2019-05-01 08:22:28'),
(99, '', '', '', '', '4142416202', 1, NULL, NULL, '2019-05-01 17:07:16', '2019-05-01 17:07:16'),
(107, '', '', '', '', '6024189331', 1, NULL, NULL, '2019-05-02 17:16:07', '2019-05-02 17:16:07'),
(108, 'Joanna robbins', 'jojorobbins@yahoo.com', '914f3e6cb431057a85e3eafbee0c2afc', '', '6025406893', 1, NULL, NULL, '2019-05-02 19:01:22', '2019-05-02 19:01:22'),
(109, 'Alex Papamatheakis', 'alex@sunnysdinertempe.com', '3624c7250a44ba5066d1aba02177c1f6', '', '6023123534', 1, NULL, NULL, '2019-05-04 20:35:28', '2019-05-04 20:35:28'),
(110, 'Yanni kalogirou', 'srykyiannis@yahoo.com', 'c53e60c7216ba0967dd5043e5b7d1956', '', '4807096626', 1, NULL, NULL, '2019-05-06 02:12:22', '2019-05-06 02:12:22'),
(111, '', '', '', '', '1234567890', 0, 1, NULL, '2019-05-06 10:43:37', '2019-05-22 20:50:03'),
(112, 'Tisha Pelletier', 'tisha@tishamariepelletier.com', '63fea9fdd90607dfcc572e65340f987b', '', '4805702615', 1, NULL, NULL, '2019-05-06 20:20:05', '2019-05-06 20:20:05'),
(113, 'Jeremy Sellars', 'jeremydsellars@gmail.com', 'caff0de17d87f2080e37dea9584d1b57', '', '6026903074', 1, NULL, NULL, '2019-05-06 22:04:14', '2019-05-06 22:06:58'),
(114, 'Constantinos Papantoniou', 'constantinos1982@yahoo.com', '5e255c89e3b2dd838127c51b9a4e830a', '', '3237624563', 1, NULL, NULL, '2019-05-07 00:19:53', '2019-05-07 00:19:53'),
(115, '', '', '', '', '4803208721', 1, NULL, NULL, '2019-05-07 03:31:26', '2019-05-07 03:31:26'),
(116, 'Sean Sarram', 'sean@avontage.com', 'e10adc3949ba59abbe56e057f20f883e', '', '4806005707', 1, NULL, NULL, '2019-05-10 16:09:05', '2019-05-10 16:11:13'),
(117, '', '', '', '', '6025780550', 1, NULL, NULL, '2019-05-16 01:36:39', '2019-05-16 01:36:39'),
(118, '', '', '', '', '6029197720', 1, NULL, NULL, '2019-05-19 18:58:58', '2019-05-19 18:58:58'),
(119, '', '', '', '', '5204142112', 1, NULL, NULL, '2019-05-23 02:06:14', '2019-05-23 02:06:14'),
(120, '', '', '', '', '8968222860', 1, NULL, NULL, '2019-05-23 11:45:13', '2019-05-23 11:45:13'),
(121, '', '', '', '', '7508730053', 1, NULL, NULL, '2019-05-23 11:55:55', '2019-05-23 11:55:55'),
(122, 'Daniel Molina', 'dmolinaclancy5@gmail.com', '263c9b6f2cf57e0ebcdd614a1582ea4a', '', '4802681881', 1, NULL, NULL, '2019-06-06 21:11:15', '2019-06-06 21:11:15'),
(123, 'William Chaplin', 'wchaplin@c.ringling.edu', '66c562e89ead71e84271c0cf03c3efd4', '', '415349922', 1, NULL, NULL, '2019-06-17 20:10:20', '2019-06-25 19:47:04'),
(124, 'David Hawash', 'dh@executive-Digital.com', '3882b445da7dd6bcf8ce8537a7ae1845', '', '6027433316', 1, NULL, NULL, '2019-06-19 17:59:39', '2019-06-19 18:01:33'),
(125, 'Rebecca Fox', 'Rebeccafox88@gmail.com', '21391671470408633087aabfcd3c5dab', '', '9495250654', 1, NULL, NULL, '2019-06-20 18:45:23', '2019-06-20 18:51:06'),
(126, 'Brooke Ferretti', 'Brooke.ferretti@gmail.com', 'a172db120dac1e8952dd00a17fb7d32f', '', '6233080441', 1, NULL, NULL, '2019-06-20 19:05:36', '2019-06-20 19:05:36'),
(127, 'Noelle Winters', 'noellepwinters@gmail.com', '57563c7ea85efa5667c25131d0ea6134', '', '9253240180', 1, NULL, NULL, '2019-06-20 19:06:58', '2019-06-20 19:06:58'),
(128, 'Yancy Vance Paredes', 'yancyvance@gmail.com', 'a7e261ae559332163d9217e8288fb754', '', '4803264542', 1, NULL, NULL, '2019-06-20 19:23:45', '2019-06-20 19:23:45'),
(129, 'James Padgett', 'jamespadgett87@gmail.com', '7c6a180b36896a0a8c02787eeafb0e4c', '', '14807071984', 1, 1, NULL, '2019-06-20 19:42:35', '2019-06-25 23:38:26'),
(130, 'Julie Jakubek', 'JulieJakubek@allstate.com', '4790e98b7f215d6b386153ac43c36829', '', '6027415729', 1, NULL, NULL, '2019-06-20 20:22:58', '2019-06-20 20:22:58'),
(131, 'monique cavalo', 'batonchick3@msn.com', 'd7f0792abf0c3d85f52beb3d368a6e34', '', '6025414133', 1, NULL, NULL, '2019-06-20 21:14:52', '2019-06-20 21:14:52'),
(132, 'Alisha Harris', 'alishaharris96@gmail.com', '5cf8b500fc8c994e522c75b5709d98e1', '', '3344708802', 1, NULL, NULL, '2019-06-21 01:51:57', '2019-06-21 01:51:57'),
(133, 'Katelyn Meyer', 'katelynimeyer@gmail.com', '4686f005c1131e53182fad53916a7ecf', '', '4802422878', 1, NULL, NULL, '2019-06-21 04:21:20', '2019-06-21 04:21:20'),
(134, 'Heather Kirk', 'hjkirk@juno.com', '8305f2b7a641e93c0031f9ef3c449bb2', '', '4805443609', 1, NULL, NULL, '2019-06-21 19:17:39', '2019-06-21 19:17:39'),
(135, '', '', '', '', '112', 1, NULL, NULL, '2019-06-24 12:36:29', '2019-06-24 12:36:29'),
(136, 'Brandon Samuels', 'Brandonsamuels2113@gmail.com', 'facffdc7f01f41fcd3eb9638cb346153', '', '4804107007', 1, NULL, NULL, '2019-06-25 19:01:24', '2019-06-28 22:21:55'),
(137, 'david', 'guereca_david@yahoo.com', 'a94e79fc4e91d27a548c04cd4ad4e163', '', '6023156907', 1, NULL, NULL, '2019-06-25 20:14:05', '2019-06-25 20:14:05'),
(138, 'Justin Keller', 'justin@merugifts.com', 'ca6f3b2b84f7423b7a3493f48a5a6073', '', '6209514042', 1, NULL, NULL, '2019-06-26 02:59:18', '2019-06-26 02:59:18'),
(139, '', '', '', '', '4705351888', 1, NULL, NULL, '2019-06-26 10:32:30', '2019-06-26 10:32:30'),
(140, '', '', '', '', '8054095074', 1, NULL, NULL, '2019-06-26 11:43:10', '2019-06-26 11:43:10'),
(141, 'Trayton Hutchison', 'Trockehutch@aol.com', '9d3e099713324bdd2d8897471ee4b2f5', '', '4804936424', 1, NULL, NULL, '2019-06-26 18:27:08', '2019-06-28 18:39:45'),
(142, 'gurpreet', 'gurpreet.k@richestsoft.in', '25f9e794323b453885f5181f1b624d0b', '', '9874552563', 1, NULL, NULL, '2019-06-27 11:43:49', '2019-06-27 11:51:51'),
(145, 'John Rovnak', 'rovnakjohn@gmail.com', '6999c1eeaf6ff2c2fa89eea1ae2edb3b', '', '9728775174', 1, NULL, NULL, '2019-06-27 20:41:25', '2019-06-27 20:41:25'),
(146, 'Jonathan Bryan', 'jonathanbryan15@gmail.com', '2f8e813bfc8506262c7ff957c19e37db', '', '8657763594', 1, NULL, NULL, '2019-06-28 06:52:05', '2019-06-28 06:52:05'),
(151, '', '', '', '', '2899799062', 1, NULL, NULL, '2019-06-28 15:33:20', '2019-06-28 15:33:20'),
(152, '', '', '', '', '3152104480', 1, NULL, NULL, '2019-06-28 15:34:36', '2019-06-28 15:34:36'),
(153, '', '', '', '', '4802337221', 1, NULL, NULL, '2019-06-28 19:41:17', '2019-06-28 19:41:17'),
(154, 'Amanda Herrmann', 'amandahrrmnn@gmail.com', 'c680768d096b445cc4ead99e113c364d', '', '6309405459', 1, NULL, NULL, '2019-06-28 20:30:09', '2019-06-28 20:30:09'),
(155, 'Lindsey Homa', 'homalindsey97@gmail.com', 'ff469bbb5b17b7014f9c3c52beb7b8a5', '', '6084458154', 1, NULL, NULL, '2019-06-28 23:28:12', '2019-06-28 23:28:12'),
(156, '', '', '', '', '5204148264', 1, NULL, NULL, '2019-06-29 00:09:14', '2019-06-29 00:09:14'),
(157, '', '', '', '', '8146014203', 1, NULL, NULL, '2019-06-29 04:44:30', '2019-06-29 04:44:30'),
(158, 'Nico de Bruyn', 'ndebruyn@asu.edu', '5e9424cd052d7b425f6c0263adea0774', '', '9366974592', 1, NULL, NULL, '2019-06-29 15:51:33', '2019-06-29 15:51:33'),
(159, 'Mark Brennan', 'Mcbrennan77@gmail.com', '53cb7db1568f79bd36c89791dbfd7f97', '', '4802725702', 1, NULL, NULL, '2019-06-29 18:27:45', '2019-07-18 02:21:21'),
(160, 'Carmen Moir', 'Carmen.moir@gmail.com', '9fdc5ff3803b1a9f6b9f9f4d9208c839', '', '6053707347', 1, NULL, NULL, '2019-06-30 00:08:19', '2019-06-30 00:08:19'),
(161, 'Luke Sullivan', 'luksul@gmail.com', '429edbb25a543f5b9d5a569128e007a7', '', '4803297541', 1, NULL, NULL, '2019-06-30 04:53:33', '2019-06-30 04:53:33'),
(162, 'Danielle Ward', 'biggied212@msn.com', '005035e1a5f3589f11ff9d8a2db5827a', '', '4806771080', 1, NULL, NULL, '2019-06-30 06:11:02', '2019-06-30 06:11:02'),
(163, 'chyna kantaphone', 'chynalynn3@gmail.com', 'b739d07999ca5aae6c064ed15cc4dad4', '', '4802233966', 1, NULL, NULL, '2019-06-30 21:33:31', '2019-06-30 21:38:05'),
(164, 'Vincent Bassani', 'vcbassani@gmail.com', '9a887d75fed2ffb7b641dbf85b3bffd9', '', '9088928318', 1, NULL, NULL, '2019-07-01 00:54:01', '2019-07-01 00:54:01'),
(165, 'Jacob Meltzer', 'jacob@keepitcut.com', '232031893299512f723c5eb3ade5816a', '', '5093851192', 1, NULL, NULL, '2019-07-01 20:42:13', '2019-07-01 20:42:13'),
(166, '', '', '', '', '*646#', 1, NULL, NULL, '2019-07-02 03:51:27', '2019-07-02 03:51:27'),
(167, 'Leah Mills', 'harms.leah@gmail.com', 'd375e4a739358356fa7d3452613fb758', '', '2622031282', 1, NULL, NULL, '2019-07-02 18:01:18', '2019-07-02 23:47:41'),
(168, 'Helena Wegner', 'wegnerhelena6@gmail.com', 'e7c699d1467c4778aa9741b6c143494c', '', '5416333667', 1, NULL, NULL, '2019-07-02 23:57:22', '2019-07-02 23:57:22'),
(169, 'Viviane Linos', 'vplinos3@gmail.com', '108f5e5de7036b3da5ced8dd6cc74e6a', '', '3174461422', 1, NULL, NULL, '2019-07-03 13:32:42', '2019-07-03 16:11:00'),
(170, 'Brent Sebold', 'Brent.sebold@asu.edu', '73e9dd5356882bd7cc927e5f3f5ca775', '', '4803538132', 1, NULL, NULL, '2019-07-03 15:14:33', '2019-07-03 15:14:33'),
(171, '', '', '', '', '4802163444', 1, NULL, NULL, '2019-07-03 16:06:23', '2019-07-03 16:06:23'),
(172, 'Max Bartolomea', 'maxfisherb@live.com', 'ae3bbf52f74ebf6123e61e1c959830a1', '', '8188572511', 1, NULL, NULL, '2019-07-06 02:24:43', '2019-07-08 23:58:41'),
(173, '', '', '', '', '8968502868', 1, NULL, NULL, '2019-07-06 09:51:49', '2019-07-06 09:51:49'),
(174, '', '', '', '', '4805991543', 1, NULL, NULL, '2019-07-06 22:23:13', '2019-07-06 22:23:13'),
(175, 'Emily Cline', 'emilycline01@gmail.com', '77723e1a251c0da0be7e4cfb357f9d6e', '', '4178303674', 1, NULL, NULL, '2019-07-07 01:59:03', '2019-07-07 01:59:03'),
(176, 'Keith Flyer', 'keithflyer@gmail.com', '7e9b28a7f781ea1dbe15e74304ec845c', '', '9733037858', 1, NULL, NULL, '2019-07-08 17:51:46', '2019-07-08 17:51:46'),
(177, 'Yodha1', 'yodha1@yopmail.com', '25d55ad283aa400af464c76d713c07ad', '', '2108804844', 1, NULL, NULL, '2019-07-09 09:34:31', '2019-07-09 09:34:31'),
(182, 'Frances craik', 'Francescraik@gmail.com', 'bc829085d8239a7c0c6fb8940dc0c6fc', '', '5867448935', 1, NULL, NULL, '2019-07-09 16:51:50', '2019-07-09 16:51:50'),
(183, 'Suzie Grim', 'limpsuziegrimbizkit@yahoo.com', '71ea01f0213bb883cc31a74208709613', '', '4803436522', 1, NULL, NULL, '2019-07-09 19:21:10', '2019-07-09 19:21:10'),
(184, '', '', '', '', '5867448894', 1, NULL, NULL, '2019-07-09 23:22:06', '2019-07-09 23:22:06'),
(185, 'Erik Thunberg', 'ethunberg1+gift3r@gmail.com', '1aa75d542dfbce7754464ade4ea197f9', '', '4807816140', 1, NULL, NULL, '2019-07-10 00:11:36', '2019-07-10 00:11:36'),
(186, 'Wes Richards', 'wester219@gmail.com', '3d2e323803ed8510057a243ac2d7e818', '', '4803638534', 1, NULL, NULL, '2019-07-10 23:06:34', '2019-07-10 23:06:34'),
(187, 'Kyle Collins', 'pantsandsandlas23@gmail.com', '47f28609b35b36d3e2bf7188fb740c8e', '', '4807201396', 1, NULL, NULL, '2019-07-10 23:06:44', '2019-07-10 23:06:44'),
(188, 'Aashay Arora', 'aashay.arora@asu.edu', '12c4ab46a68beb60b566b57052e70242', '', '14805168729', 1, NULL, NULL, '2019-07-11 00:32:47', '2019-07-11 00:32:47'),
(189, 'Matthew Aguayo', 'mattaguayo@yahoo.com', '6e778e9bedad9fb560943bbc72a41f17', '', '5207055382', 1, NULL, NULL, '2019-07-11 04:14:33', '2019-07-11 04:14:33'),
(190, 'Anna Nelson', 'annanelson2017@gmail.com', '6ab06b9c2f00d42daba650795d77c95c', '', '6082158506', 1, NULL, NULL, '2019-07-11 17:56:02', '2019-07-11 17:56:02'),
(191, 'leah Mislove', 'lmislove1@yahoo.com', '2b8640401138739bc3d6b749d21aa343', '', '6025796986', 1, NULL, NULL, '2019-07-11 17:58:05', '2019-07-11 17:58:05'),
(192, 'Natalie Summers', 'natie2152@gmail.com', '01556c56cc9471dcb6e1caef0536ee5c', '', '17035689307', 1, NULL, NULL, '2019-07-11 20:06:00', '2019-07-11 20:06:00'),
(193, 'Darell', 'Darell.downing3@gmail.com', 'a064ebddba49e1978d11412ef8a24d26', '', '6023676618', 1, NULL, NULL, '2019-07-11 20:06:46', '2019-07-11 20:06:46'),
(194, 'Stephanie Petersen', 'sqpetersen2015@gmail.com', '6e4e6a4678cc264d9719b0c841b65283', '', '6026284297', 1, NULL, NULL, '2019-07-12 15:46:16', '2019-07-12 15:46:16'),
(195, 'Philippos Savvides', 'savvides1@gmail.com', 'c846d80d826291f2a6a0d7a57e540307', '', '4803896061', 1, NULL, NULL, '2019-07-12 20:45:09', '2019-07-12 20:45:09'),
(196, '', '', '', '', '9288561532', 1, NULL, NULL, '2019-07-13 23:56:26', '2019-07-13 23:56:26'),
(197, 'david Freedman', 'davidfreedman81@gmail.com', '0621d9e8f7c406f08fc1a9060bc13ca9', '', '6102830243', 1, NULL, NULL, '2019-07-15 19:53:28', '2019-07-15 19:53:28'),
(198, 'Allison Atkins', 'azoebis@asu.edu', 'f685839e09fcdc445cc19215202b63f3', '', '4806280830', 1, NULL, NULL, '2019-07-17 15:33:07', '2019-07-17 15:33:07'),
(199, 'Emerald Ochonogor', 'emerald.ochonogor@gmail.com', 'e39d537ed115a6daa7ccb71aaf04e642', '', '3235905766', 1, NULL, NULL, '2019-07-18 14:32:35', '2019-07-18 14:32:35');

-- --------------------------------------------------------

--
-- Table structure for table `user_cards`
--

CREATE TABLE `user_cards` (
  `id` int(11) NOT NULL,
  `mypurchasedcard_id` varchar(255) NOT NULL,
  `user_id` int(11) NOT NULL,
  `gift_card_id` int(11) NOT NULL,
  `transaction_id` int(11) NOT NULL,
  `message` varchar(1000) DEFAULT NULL,
  `created_at` timestamp NOT NULL DEFAULT CURRENT_TIMESTAMP,
  `updated_at` datetime DEFAULT NULL
) ENGINE=InnoDB DEFAULT CHARSET=latin1;

--
-- Dumping data for table `user_cards`
--

INSERT INTO `user_cards` (`id`, `mypurchasedcard_id`, `user_id`, `gift_card_id`, `transaction_id`, `message`, `created_at`, `updated_at`) VALUES
(1, '1', 75, 1, 9, 'Ela Giatre mou for later', '2019-06-18 15:40:49', '2019-06-21 01:26:00'),
(2, '2', 124, 9, 3, 'Taso', '2019-06-19 16:40:41', '2019-06-19 17:59:39'),
(3, '3', 125, 10, 97, 'Hello Rebecca. Enjoy some lunch to Salut.', '2019-06-20 18:36:34', '2019-06-27 19:18:58'),
(4, '4', 47, 1, 84, 'Just for testing purpose', '2019-06-21 13:18:17', '2019-06-27 11:14:23'),
(5, '5', 3, 1, 74, '', '2019-06-24 12:18:41', '2019-06-26 12:34:48'),
(6, '6', 3, 1, 73, '', '2019-06-24 12:30:01', '2019-06-26 12:33:37'),
(7, '7', 135, 1, 13, 'hello', '2019-06-24 12:36:29', '2019-06-24 12:36:29'),
(8, '8', 119, 1, 14, 'hxxhcu', '2019-06-24 12:39:47', '2019-06-24 12:39:47'),
(9, '9', 3, 1, 72, '', '2019-06-24 13:02:03', '2019-06-26 12:19:41'),
(10, '10', 136, 1, 258, 'Hey Brandon cheers to a drink', '2019-06-24 16:02:03', '2019-07-19 04:16:29'),
(11, '11', 75, 1, 131, 'Ela did this come through?', '2019-06-24 17:11:02', '2019-06-28 22:48:29'),
(12, '12', 93, 1, 18, '', '2019-06-24 17:25:53', '2019-06-24 17:25:53'),
(13, '13', 3, 4, 23, '', '2019-06-25 10:49:21', '2019-06-25 12:19:49'),
(14, '14', 3, 1, 22, '', '2019-06-25 10:59:45', '2019-06-25 11:59:04'),
(15, '15', 22, 1, 21, '', '2019-06-25 11:52:13', '2019-06-25 11:52:13'),
(16, '16', 22, 1, 24, '', '2019-06-25 13:50:52', '2019-06-25 13:50:52'),
(17, '17', 133, 10, 32, 'Hi Katelyn. Have an awesome day and I am looking forward for your feedback.', '2019-06-25 17:10:02', '2019-06-25 18:31:23'),
(18, '18', 131, 10, 36, 'Hello Monique this is Taso. I hope you enjoy some lunch on us and we can’t wait to hear your feedback. \nTaso', '2019-06-25 18:48:57', '2019-06-25 19:07:07'),
(19, '19', 132, 10, 180, 'Hi Alicia I hope you are well. Here is a gift card to Salut to enjoy and I can’t wait to hear your feedback. I ll send a questionnaire as well for feedback later. \nBest \nTaso', '2019-06-25 19:21:31', '2019-07-03 22:15:27'),
(20, '20', 130, 10, 42, 'Hello Julie. Here is a gift card to test our app. I am looking forward to hearing your feedback. \nBest\nTaso', '2019-06-25 19:37:06', '2019-06-25 19:38:43'),
(21, '21', 50, 14, 130, 'Love u ass', '2019-06-25 19:53:03', '2019-06-28 22:13:49'),
(22, '22', 156, 14, 133, 'Hi Isabel', '2019-06-25 19:53:50', '2019-06-29 00:09:14'),
(23, '23', 28, 14, 223, 'Taso', '2019-06-25 19:54:34', '2019-07-10 02:54:13'),
(24, '24', 159, 14, 137, 'Let me know if this came thought', '2019-06-25 19:55:17', '2019-06-29 18:27:45'),
(25, '25', 6, 14, 140, 'Taos', '2019-06-25 19:55:47', '2019-06-29 22:05:47'),
(26, '26', 160, 14, 141, 'Taso', '2019-06-25 19:56:20', '2019-06-30 00:08:42'),
(27, '27', 89, 14, 142, 'Taso', '2019-06-25 19:57:03', '2019-06-30 00:20:10'),
(28, '28', 137, 14, 63, 'Hi David', '2019-06-25 20:05:22', '2019-06-25 20:17:58'),
(29, '29', 16, 14, 64, 'Here it is please use it', '2019-06-25 20:05:55', '2019-06-25 20:30:03'),
(30, '30', 5, 14, 65, 'Larry', '2019-06-25 20:06:33', '2019-06-25 20:48:33'),
(31, '31', 22, 1, 66, 'Bccghxgjcgjchj', '2019-06-26 10:21:19', '2019-06-26 10:21:19'),
(32, '32', 139, 1, 67, 'Xfhdhgxhgxgjx', '2019-06-26 10:32:30', '2019-06-26 10:32:30'),
(33, '33', 139, 1, 68, 'Vbcggcjgcjgc', '2019-06-26 11:16:39', '2019-06-26 11:16:39'),
(34, '34', 143, 1, 90, 'testing', '2019-06-26 11:21:29', '2019-06-27 11:56:37'),
(35, '35', 140, 1, 70, 'hello', '2019-06-26 11:43:10', '2019-06-26 11:43:10'),
(36, '36', 140, 1, 71, 'ghh', '2019-06-26 11:45:24', '2019-06-26 11:45:24'),
(37, '37', 141, 14, 79, 'Love you T', '2019-06-26 13:04:16', '2019-06-26 18:27:08'),
(38, '38', 47, 1, 86, 'For testing purpose', '2019-06-26 13:07:15', '2019-06-27 11:24:04'),
(39, '39', 140, 1, 77, 'l', '2019-06-26 13:08:40', '2019-06-26 13:08:40'),
(40, '40', 138, 10, 181, 'Justin thank you so much your patience and feedback. Looking forward to meet you.l for coffee.', '2019-06-26 15:06:36', '2019-07-04 03:07:20'),
(41, '41', 47, 1, 87, 'for testing purpose', '2019-06-27 09:36:59', '2019-06-27 11:28:21'),
(42, '34', 48, 1, 89, 'Testo1', '2019-06-27 11:47:10', '2019-06-27 11:47:10'),
(43, '42', 144, 1, 91, 'testooooooo', '2019-06-27 12:09:13', '2019-06-27 12:09:13'),
(44, '43', 22, 1, 92, '', '2019-06-27 12:40:53', '2019-06-27 12:40:53'),
(45, '44', 3, 1, 93, 'Test', '2019-06-27 12:44:19', '2019-06-27 12:44:19'),
(46, '45', 148, 1, 104, 'Ywgwgwgwwg', '2019-06-27 13:13:09', '2019-06-28 15:16:44'),
(47, '46', 142, 1, 95, 'Tesoro', '2019-06-27 13:14:48', '2019-06-27 13:14:48'),
(48, '47', 147, 1, 101, 'Gift', '2019-06-27 13:17:33', '2019-06-28 14:42:40'),
(49, '48', 148, 1, 103, 'Gsggshshsg', '2019-06-28 14:34:07', '2019-06-28 14:58:38'),
(50, '49', 140, 1, 100, 'hell', '2019-06-28 14:37:24', '2019-06-28 14:39:44'),
(51, '50', 31, 1, 102, '', '2019-06-28 14:52:47', '2019-06-28 14:52:47'),
(52, '45', 149, 1, 105, 'Test', '2019-06-28 15:17:47', '2019-06-28 15:17:47'),
(53, '51', 3, 1, 106, '', '2019-06-28 15:26:11', '2019-06-28 15:26:11'),
(54, '52', 150, 1, 108, 'Test please', '2019-06-28 15:26:33', '2019-06-28 15:27:34'),
(55, '53', 151, 1, 109, 'Test please', '2019-06-28 15:33:20', '2019-06-28 15:33:20'),
(56, '54', 152, 1, 110, 'hello', '2019-06-28 15:34:36', '2019-06-28 15:34:36'),
(57, '55', 31, 1, 111, '', '2019-06-28 15:38:03', '2019-06-28 15:38:03'),
(58, '56', 155, 14, 132, 'Taso', '2019-06-28 15:39:01', '2019-06-28 23:32:11'),
(59, '57', 51, 14, 170, 'Yay', '2019-06-28 17:46:38', '2019-07-02 21:23:42'),
(60, '58', 153, 14, 125, 'Tina', '2019-06-28 18:19:55', '2019-06-28 19:41:18'),
(61, '58', 153, 14, 125, 'Tina', '2019-06-28 18:21:35', '2019-06-28 19:41:18'),
(62, '58', 153, 14, 125, 'Tina', '2019-06-28 18:40:28', '2019-06-28 19:41:18'),
(63, '57', 51, 14, 170, 'Taso', '2019-06-28 19:53:28', '2019-07-02 21:23:42'),
(64, '59', 154, 10, 129, 'Amanda you are awesome. Here is the gift card. I will be sharing a questionnaire with you next week to share some of your feedback about the app. ? thank you.', '2019-06-28 20:07:57', '2019-06-28 21:31:11'),
(65, '60', 157, 1, 135, 'Bsbsbsv', '2019-06-29 04:24:33', '2019-06-29 04:44:30'),
(66, '61', 172, 10, 184, '????????', '2019-06-29 17:48:21', '2019-07-06 02:24:43'),
(67, '62', 134, 14, 248, 'Here is one more. I am looking forward for your feedback.', '2019-06-30 03:43:10', '2019-07-15 03:09:37'),
(68, '63', 162, 11, 169, 'It’s been a pleasure and I hope you are able to go and enjoy some vino.', '2019-06-30 06:16:02', '2019-07-02 21:17:09'),
(69, '64', 162, 14, 147, 'Take a friend to share the bottle of vino haha.', '2019-06-30 06:17:04', '2019-06-30 06:18:27'),
(70, '65', 134, 9, 249, 'Hi Heather I hope you are having a great Sunday. Here is you free gift card to Salut.', '2019-06-30 17:58:23', '2019-07-15 03:11:57'),
(71, '66', 28, 14, 222, 'Happy birthday!', '2019-06-30 19:39:17', '2019-07-10 02:53:28'),
(72, '67', 163, 14, 153, 'Love ya sostaa', '2019-06-30 21:33:14', '2019-06-30 21:33:31'),
(73, '68', 164, 9, 156, 'Vince if you can go get some lunch this week and share your feedback will be nice.  Let me know if you do an usually around during the day it will be nine to day hi.', '2019-07-01 02:00:15', '2019-07-01 02:01:51'),
(74, '69', 164, 14, 157, 'Here is another one if you have a good friend that can share a beer with and share some feedback too will be awesome or have a beer as well hah thanks a lot man I appreciate it.', '2019-07-01 02:00:49', '2019-07-01 02:03:34'),
(75, '70', 165, 10, 160, 'Let me know if it arrived if you want a manager of yours to use one let me know I ll send another. Thanks Jacob', '2019-07-01 16:44:05', '2019-07-01 20:45:54'),
(76, '71', 145, 1, 162, 'John', '2019-07-02 00:28:38', '2019-07-02 00:29:03'),
(77, '72', 166, 1, 165, 'can you please check if you received this msg', '2019-07-02 03:17:50', '2019-07-02 03:51:27'),
(78, '73', 167, 9, 168, 'Leah,\n\nThanks for helping out and for everything you do!\n\nElizabeth', '2019-07-02 17:57:14', '2019-07-02 18:01:18'),
(79, '74', 168, 9, 174, 'Helenaaaaaaa', '2019-07-03 13:12:52', '2019-07-03 14:44:44'),
(80, '75', 174, 1, 188, 'Taso’s test', '2019-07-03 13:31:32', '2019-07-06 22:23:13'),
(81, '76', 170, 10, 177, 'Brent enjoy some lunch at Salut ? and share your feedback :))', '2019-07-03 15:23:50', '2019-07-03 15:25:24'),
(82, '77', 171, 1, 178, 'Xaris', '2019-07-03 15:24:53', '2019-07-03 16:06:23'),
(83, '78', 86, 10, 183, 'Pablito here is a gift card to Salut.', '2019-07-05 18:44:14', '2019-07-05 18:44:48'),
(84, '79', 173, 1, 185, 'Test Ios link', '2019-07-06 09:51:49', '2019-07-06 09:51:49'),
(85, '80', 173, 1, 186, 'Test Ios link', '2019-07-06 09:52:54', '2019-07-06 09:52:54'),
(86, '81', 128, 10, 190, 'Hi Yancy', '2019-07-08 13:03:52', '2019-07-08 13:42:49'),
(87, '82', 176, 10, 191, 'Keith man here is a gift card', '2019-07-08 18:34:39', '2019-07-08 18:34:39'),
(88, '83', 112, 11, 241, 'Hi Tisha you are the best thank you so much for having me at you panel ?.', '2019-07-08 23:28:22', '2019-07-11 20:40:28'),
(89, '84', 172, 9, 195, 'Max man', '2019-07-09 00:02:33', '2019-07-09 00:02:51'),
(90, '85', 184, 1, 214, 'Cheers sister ?', '2019-07-09 15:58:51', '2019-07-09 23:22:06'),
(91, '86', 182, 9, 204, 'Taso', '2019-07-09 16:53:22', '2019-07-09 17:07:10'),
(92, '85', 184, 1, 214, 'Cheers sister ?', '2019-07-09 17:02:24', '2019-07-09 23:22:06'),
(93, '87', 85, 1, 219, '', '2019-07-09 17:51:13', '2019-07-10 01:12:45'),
(94, '88', 126, 9, 212, 'Hi Brook I hope you are having an awesome day. Here is a gift card from Salut for some lunch. Thank you for downloading the app.', '2019-07-09 20:33:39', '2019-07-09 20:35:44'),
(95, '89', 127, 9, 213, 'Hi Noel I wanted to share a gift card to Salt with you and Brook. I hope you ladies enjoy some lunch and use the app. Thank you ? Taso', '2019-07-09 20:34:15', '2019-07-09 20:36:40'),
(96, '90', 85, 9, 218, 'Eric man you are the best buddy thank you.', '2019-07-10 00:04:15', '2019-07-10 01:12:35'),
(97, '91', 146, 11, 217, 'Jonathan thanks for keeping the water on. We just sold the home officially today. No more landlord staff lol.', '2019-07-10 00:05:20', '2019-07-10 00:06:36'),
(98, '92', 85, 10, 221, '', '2019-07-10 01:13:51', '2019-07-10 01:14:00'),
(99, '93', 186, 10, 226, 'What’s up buddy', '2019-07-10 22:44:26', '2019-07-10 23:12:45'),
(100, '94', 187, 9, 227, 'Thank you buddy', '2019-07-10 22:45:10', '2019-07-10 23:13:08'),
(101, '95', 188, 9, 231, 'Alooooo thank you Aashey', '2019-07-11 04:34:40', '2019-07-11 04:36:31'),
(102, '96', 189, 10, 230, 'Matt thank you so much', '2019-07-11 04:35:22', '2019-07-11 04:36:14'),
(103, '97', 22, 1, 232, '', '2019-07-11 13:44:51', '2019-07-11 13:44:51'),
(104, '98', 192, 9, 242, 'I love you ????', '2019-07-11 16:26:33', '2019-07-11 21:22:31'),
(105, '99', 192, 9, 243, 'Try', '2019-07-11 16:26:58', '2019-07-11 21:22:57'),
(106, '100', 190, 9, 236, 'Hi', '2019-07-11 16:27:34', '2019-07-11 17:58:06'),
(107, '100', 191, 9, 237, 'Leah', '2019-07-11 17:58:27', '2019-07-11 17:58:27'),
(108, '101', 199, 9, 255, 'He Emerald. Hope you ladies enjoy.', '2019-07-12 18:51:50', '2019-07-18 19:26:16'),
(109, '102', 196, 9, 247, 'Try', '2019-07-12 18:52:20', '2019-07-13 23:56:26'),
(110, '103', 194, 10, 246, 'Hi Stephanie thank you so much for downloading the app ?. I hope you enjoy some lunch and looking forward to hear your feedback.', '2019-07-12 19:00:18', '2019-07-12 19:00:18'),
(111, '104', 198, 9, 254, 'Hi Alisson and thank you for checking it out.', '2019-07-17 00:19:12', '2019-07-18 19:25:40'),
(112, '105', 30, 9, 253, 'Happy Birthday Elizabeth from Pete', '2019-07-18 17:28:11', '2019-07-18 17:28:11'),
(113, '106', 159, 10, 257, 'Mark thank you so much my friend.', '2019-07-18 20:37:54', '2019-07-18 20:38:13');

--
-- Indexes for dumped tables
--

--
-- Indexes for table `admin`
--
ALTER TABLE `admin`
  ADD PRIMARY KEY (`id`);

--
-- Indexes for table `app_login`
--
ALTER TABLE `app_login`
  ADD PRIMARY KEY (`id`),
  ADD UNIQUE KEY `device_id` (`device_id`),
  ADD KEY `user_id` (`user_id`);

--
-- Indexes for table `bill_amount`
--
ALTER TABLE `bill_amount`
  ADD PRIMARY KEY (`id`);

--
-- Indexes for table `cards_amount`
--
ALTER TABLE `cards_amount`
  ADD PRIMARY KEY (`id`);

--
-- Indexes for table `cards_redeemed`
--
ALTER TABLE `cards_redeemed`
  ADD PRIMARY KEY (`id`),
  ADD KEY `card_id` (`card_id`);

--
-- Indexes for table `categories`
--
ALTER TABLE `categories`
  ADD PRIMARY KEY (`id`);

--
-- Indexes for table `favourite_store`
--
ALTER TABLE `favourite_store`
  ADD PRIMARY KEY (`id`);

--
-- Indexes for table `gift_cards`
--
ALTER TABLE `gift_cards`
  ADD PRIMARY KEY (`id`),
  ADD KEY `store_id` (`store_id`);

--
-- Indexes for table `mypurchased_cards`
--
ALTER TABLE `mypurchased_cards`
  ADD PRIMARY KEY (`id`);

--
-- Indexes for table `otp`
--
ALTER TABLE `otp`
  ADD PRIMARY KEY (`id`);

--
-- Indexes for table `payments`
--
ALTER TABLE `payments`
  ADD PRIMARY KEY (`id`);

--
-- Indexes for table `purchased_cards`
--
ALTER TABLE `purchased_cards`
  ADD PRIMARY KEY (`id`),
  ADD UNIQUE KEY `transaction_id` (`transaction_id`),
  ADD KEY `user_id` (`user_id`),
  ADD KEY `card_id` (`card_id`);

--
-- Indexes for table `stores`
--
ALTER TABLE `stores`
  ADD PRIMARY KEY (`id`),
  ADD KEY `category_id` (`category_id`);

--
-- Indexes for table `transactions`
--
ALTER TABLE `transactions`
  ADD PRIMARY KEY (`id`),
  ADD KEY `sender_id` (`sender_id`),
  ADD KEY `card_id` (`card_id`),
  ADD KEY `bill_amount_id` (`bill_amount_id`);

--
-- Indexes for table `users`
--
ALTER TABLE `users`
  ADD PRIMARY KEY (`id`);

--
-- Indexes for table `user_cards`
--
ALTER TABLE `user_cards`
  ADD PRIMARY KEY (`id`),
  ADD KEY `user_id` (`user_id`),
  ADD KEY `gift_card_id` (`gift_card_id`),
  ADD KEY `transaction_id` (`transaction_id`);

--
-- AUTO_INCREMENT for dumped tables
--

--
-- AUTO_INCREMENT for table `admin`
--
ALTER TABLE `admin`
  MODIFY `id` int(11) NOT NULL AUTO_INCREMENT, AUTO_INCREMENT=2;
--
-- AUTO_INCREMENT for table `app_login`
--
ALTER TABLE `app_login`
  MODIFY `id` int(11) NOT NULL AUTO_INCREMENT, AUTO_INCREMENT=430;
--
-- AUTO_INCREMENT for table `bill_amount`
--
ALTER TABLE `bill_amount`
  MODIFY `id` int(11) NOT NULL AUTO_INCREMENT, AUTO_INCREMENT=30;
--
-- AUTO_INCREMENT for table `cards_amount`
--
ALTER TABLE `cards_amount`
  MODIFY `id` int(11) NOT NULL AUTO_INCREMENT, AUTO_INCREMENT=8;
--
-- AUTO_INCREMENT for table `cards_redeemed`
--
ALTER TABLE `cards_redeemed`
  MODIFY `id` int(11) NOT NULL AUTO_INCREMENT;
--
-- AUTO_INCREMENT for table `categories`
--
ALTER TABLE `categories`
  MODIFY `id` int(11) NOT NULL AUTO_INCREMENT;
--
-- AUTO_INCREMENT for table `favourite_store`
--
ALTER TABLE `favourite_store`
  MODIFY `id` int(11) NOT NULL AUTO_INCREMENT, AUTO_INCREMENT=139;
--
-- AUTO_INCREMENT for table `gift_cards`
--
ALTER TABLE `gift_cards`
  MODIFY `id` int(11) NOT NULL AUTO_INCREMENT, AUTO_INCREMENT=19;
--
-- AUTO_INCREMENT for table `mypurchased_cards`
--
ALTER TABLE `mypurchased_cards`
  MODIFY `id` int(11) NOT NULL AUTO_INCREMENT, AUTO_INCREMENT=107;
--
-- AUTO_INCREMENT for table `otp`
--
ALTER TABLE `otp`
  MODIFY `id` int(11) NOT NULL AUTO_INCREMENT, AUTO_INCREMENT=71;
--
-- AUTO_INCREMENT for table `payments`
--
ALTER TABLE `payments`
  MODIFY `id` int(11) NOT NULL AUTO_INCREMENT, AUTO_INCREMENT=125;
--
-- AUTO_INCREMENT for table `purchased_cards`
--
ALTER TABLE `purchased_cards`
  MODIFY `id` int(11) NOT NULL AUTO_INCREMENT;
--
-- AUTO_INCREMENT for table `stores`
--
ALTER TABLE `stores`
  MODIFY `id` int(11) NOT NULL AUTO_INCREMENT, AUTO_INCREMENT=26;
--
-- AUTO_INCREMENT for table `transactions`
--
ALTER TABLE `transactions`
  MODIFY `id` int(11) NOT NULL AUTO_INCREMENT, AUTO_INCREMENT=259;
--
-- AUTO_INCREMENT for table `users`
--
ALTER TABLE `users`
  MODIFY `id` int(11) NOT NULL AUTO_INCREMENT, AUTO_INCREMENT=200;
--
-- AUTO_INCREMENT for table `user_cards`
--
ALTER TABLE `user_cards`
  MODIFY `id` int(11) NOT NULL AUTO_INCREMENT, AUTO_INCREMENT=114;
--
-- Constraints for dumped tables
--

--
-- Constraints for table `cards_redeemed`
--
ALTER TABLE `cards_redeemed`
  ADD CONSTRAINT `c_id` FOREIGN KEY (`card_id`) REFERENCES `gift_cards` (`id`);

--
-- Constraints for table `gift_cards`
--
ALTER TABLE `gift_cards`
  ADD CONSTRAINT `store_id` FOREIGN KEY (`store_id`) REFERENCES `stores` (`id`);

--
-- Constraints for table `purchased_cards`
--
ALTER TABLE `purchased_cards`
  ADD CONSTRAINT `card_id` FOREIGN KEY (`card_id`) REFERENCES `gift_cards` (`id`),
  ADD CONSTRAINT `x_user_id` FOREIGN KEY (`user_id`) REFERENCES `users` (`id`);

--
-- Constraints for table `transactions`
--
ALTER TABLE `transactions`
  ADD CONSTRAINT `s_id` FOREIGN KEY (`sender_id`) REFERENCES `users` (`id`),
  ADD CONSTRAINT `transactions_ibfk_1` FOREIGN KEY (`card_id`) REFERENCES `gift_cards` (`id`),
  ADD CONSTRAINT `transactions_ibfk_2` FOREIGN KEY (`bill_amount_id`) REFERENCES `bill_amount` (`id`);

--
-- Constraints for table `user_cards`
--
ALTER TABLE `user_cards`
  ADD CONSTRAINT `user_cards_ibfk_1` FOREIGN KEY (`user_id`) REFERENCES `users` (`id`),
  ADD CONSTRAINT `user_cards_ibfk_2` FOREIGN KEY (`gift_card_id`) REFERENCES `gift_cards` (`id`),
  ADD CONSTRAINT `user_cards_ibfk_3` FOREIGN KEY (`transaction_id`) REFERENCES `transactions` (`id`);

/*!40101 SET CHARACTER_SET_CLIENT=@OLD_CHARACTER_SET_CLIENT */;
/*!40101 SET CHARACTER_SET_RESULTS=@OLD_CHARACTER_SET_RESULTS */;
/*!40101 SET COLLATION_CONNECTION=@OLD_COLLATION_CONNECTION */;
